t_s,t_after_step_s,delta_rad,omega_pu,freq_hz,speed_rpm,Pm_mw,Pm_pu,Pe_mw,Pe_pu,Pe_demand_mw,valve_pu,P_fuel_pu,fsrn_pu,fsra_pu,fsrt_pu,fsr_pu,fuel_kg_s,cum_fuel_kg,domega_dt_pu_s
0.0,-5.0,0.0,1.0,60.0,3600.0,14.999999999999998,0.6521739130434783,15.0,0.6521739130434783,15.0,0.6545454545454545,0.6545454545454545,0.6545454545454545,0.6555454545454545,0.6573878787878787,0.6545454545454545,0.9290122793058213,0.0,0.0
0.01,-4.99,0.0,1.0,60.0,3600.0,14.999999999999998,0.6521739130434783,15.0,0.6521739130434783,15.0,0.6545454545454545,0.6545454545454545,0.6545454545454545,0.6555454545454545,0.6573878787878787,0.6545454545454545,0.9290122793058213,0.009290122793058212,0.0
0.02,-4.98,0.0,1.0,60.0,3600.0,14.999999999999998,0.6521739130434783,15.0,0.6521739130434783,15.0,0.6545454545454545,0.6545454545454545,0.6545454545454545,0.6555454545454545,0.6573878787878791,0.6545454545454545,0.9290122793058213,0.018580245586116425,7.105427357601002e-15
0.03,-4.97,0.0,1.0,60.0,3600.0,14.999999999999998,0.6521739130434783,15.0,0.6521739130434783,15.0,0.6545454545454545,0.6545454545454545,0.6545454545454545,0.6555454545454545,0.6573878787878797,0.6545454545454545,0.9290122793058213,0.027870368379174636,7.105427357601002e-15
0.04,-4.96,0.0,1.0,60.0,3600.0,14.999999999999998,0.6521739130434783,15.0,0.6521739130434783,15.0,0.6545454545454545,0.6545454545454545,0.6545454545454545,0.6555454545454545,0.6573878787878804,0.6545454545454545,0.9290122793058213,0.03716049117223285,0.0
0.05,-4.95,0.0,1.0,60.0,3600.0,14.999999999999998,0.6521739130434783,15.0,0.6521739130434783,15.0,0.6545454545454545,0.6545454545454545,0.6545454545454545,0.6555454545454545,0.6573878787878806,0.6545454545454545,0.9290122793058213,0.046450613965291064,0.0
0.06,-4.94,0.0,1.0,60.0,3600.0,14.999999999999998,0.6521739130434783,15.0,0.6521739130434783,15.0,0.6545454545454545,0.6545454545454545,0.6545454545454545,0.6555454545454545,0.6573878787878803,0.6545454545454545,0.9290122793058213,0.05574073675834927,0.0
0.07,-4.93,0.0,1.0,60.0,3600.0,14.999999999999998,0.6521739130434783,15.0,0.6521739130434783,15.0,0.6545454545454545,0.6545454545454545,0.6545454545454545,0.6555454545454545,0.6573878787878795,0.6545454545454545,0.9290122793058213,0.0650308595514075,0.0
0.08,-4.92,0.0,1.0,60.0,3600.0,14.999999999999998,0.6521739130434783,15.0,0.6521739130434783,15.0,0.6545454545454545,0.6545454545454545,0.6545454545454545,0.6555454545454545,0.6573878787878784,0.6545454545454545,0.9290122793058213,0.07432098234446571,0.0
0.09,-4.91,0.0,1.0,60.0,3600.0,14.999999999999998,0.6521739130434783,15.0,0.6521739130434783,15.0,0.6545454545454545,0.6545454545454545,0.6545454545454545,0.6555454545454545,0.6573878787878773,0.6545454545454545,0.9290122793058213,0.08361110513752393,0.0
0.1,-4.9,0.0,1.0,60.0,3600.0,14.999999999999998,0.6521739130434783,15.0,0.6521739130434783,15.0,0.6545454545454545,0.6545454545454545,0.6545454545454545,0.6555454545454545,0.6573878787878764,0.6545454545454545,0.9290122793058213,0.09290122793058214,0.0
0.11,-4.89,0.0,1.0,60.0,3600.0,14.999999999999998,0.6521739130434783,15.0,0.6521739130434783,15.0,0.6545454545454545,0.6545454545454545,0.6545454545454545,0.6555454545454545,0.6573878787878766,0.6545454545454545,0.9290122793058213,0.10219135072364036,0.0
0.12,-4.88,0.0,1.0,60.0,3600.0,14.999999999999998,0.6521739130434783,15.0,0.6521739130434783,15.0,0.6545454545454545,0.6545454545454545,0.6545454545454545,0.6555454545454545,0.6573878787980316,0.6545454545454545,0.9290122793058213,0.11148147351669857,0.0
0.13,-4.87,0.0,1.0,60.0,3600.0,14.999999999999998,0.6521739130434783,15.0,0.6521739130434783,15.0,0.6545454545454545,0.6545454545454545,0.6545454545454545,0.6555454545454545,0.6573878788312293,0.6545454545454545,0.9290122793058213,0.12077159630975678,0.0
0.14,-4.86,0.0,1.0,60.0,3600.0,14.999999999999998,0.6521739130434783,15.0,0.6521739130434783,15.0,0.6545454545454545,0.6545454545454545,0.6545454545454545,0.6555454545454545,0.657387878883678,0.6545454545454545,0.9290122793058213,0.130061719102815,0.0
0.15,-4.85,0.0,1.0,60.0,3600.0,14.999999999999998,0.6521739130434783,15.0,0.6521739130434783,15.0,0.6545454545454545,0.6545454545454545,0.6545454545454545,0.6555454545454545,0.6573878789516308,0.6545454545454545,0.9290122793058213,0.13935184189587319,0.0
0.16,-4.84,0.0,1.0,60.0,3600.0,14.999999999999998,0.6521739130434783,15.0,0.6521739130434783,15.0,0.6545454545454545,0.6545454545454545,0.6545454545454545,0.6555454545454545,0.6573878790315475,0.6545454545454545,0.9290122793058213,0.1486419646889314,0.0
0.17,-4.83,0.0,1.0,60.0,3600.0,14.999999999999998,0.6521739130434783,15.0,0.6521739130434783,15.0,0.6545454545454545,0.6545454545454545,0.6545454545454545,0.6555454545454545,0.6573878791200964,0.6545454545454545,0.9290122793058213,0.1579320874819896,0.0
0.18,-4.82,0.0,1.0,60.0,3600.0,14.999999999999998,0.6521739130434783,15.0,0.6521739130434783,15.0,0.6545454545454545,0.6545454545454545,0.6545454545454545,0.6555454545454545,0.6573878792141532,0.6545454545454545,0.9290122793058213,0.1672222102750478,0.0
0.19,-4.81,0.0,1.0,60.0,3600.0,14.999999999999998,0.6521739130434783,15.0,0.6521739130434783,15.0,0.6545454545454545,0.6545454545454545,0.6545454545454545,0.6555454545454545,0.6573878793108009,0.6545454545454545,0.9290122793058213,0.17651233306810601,0.0
0.2,-4.8,0.0,1.0,60.0,3600.0,14.999999999999998,0.6521739130434783,15.0,0.6521739130434783,15.0,0.6545454545454545,0.6545454545454545,0.6545454545454545,0.6555454545454545,0.6573878794073305,0.6545454545454545,0.9290122793058213,0.18580245586116423,0.0
0.21,-4.79,0.0,1.0,60.0,3600.0,14.999999999999998,0.6521739130434783,15.0,0.6521739130434783,15.0,0.6545454545454545,0.6545454545454545,0.6545454545454545,0.6555454545454545,0.6573878795012402,0.6545454545454545,0.9290122793058213,0.19509257865422241,0.0
0.22,-4.78,0.0,1.0,60.0,3600.0,14.999999999999998,0.6521739130434783,15.0,0.6521739130434783,15.0,0.6545454545454545,0.6545454545454545,0.6545454545454545,0.6555454545454545,0.6573878795902367,0.6545454545454545,0.9290122793058213,0.20438270144728063,0.0
0.23,-4.77,0.0,1.0,60.0,3600.0,14.999999999999998,0.6521739130434783,15.0,0.6521739130434783,15.0,0.6545454545454545,0.6545454545454545,0.6545454545454545,0.6555454545454545,0.6573878796722333,0.6545454545454545,0.9290122793058213,0.21367282424033884,0.0
0.24,-4.76,0.0,1.0,60.0,3600.0,14.999999999999998,0.6521739130434783,15.0,0.6521739130434783,15.0,0.6545454545454545,0.6545454545454545,0.6545454545454545,0.6555454545454545,0.6573878797453518,0.6545454545454545,0.9290122793058213,0.22296294703339703,0.0
0.25,-4.75,0.0,1.0,60.0,3600.0,14.999999999999998,0.6521739130434783,15.0,0.6521739130434783,15.0,0.6545454545454545,0.6545454545454545,0.6545454545454545,0.6555454545454545,0.657387879807921,0.6545454545454545,0.9290122793058213,0.23225306982645524,0.0
0.26,-4.74,0.0,1.0,60.0,3600.0,14.999999999999998,0.6521739130434783,15.0,0.6521739130434783,15.0,0.6545454545454545,0.6545454545454545,0.6545454545454545,0.6555454545454545,0.6573878798584777,0.6545454545454545,0.9290122793058213,0.24154319261951346,0.0
0.27,-4.73,0.0,1.0,60.0,3600.0,14.999999999999998,0.6521739130434783,15.0,0.6521739130434783,15.0,0.6545454545454545,0.6545454545454545,0.6545454545454545,0.6555454545454545,0.6573878798957663,0.6545454545454545,0.9290122793058213,0.2508333154125717,0.0
0.28,-4.72,0.0,1.0,60.0,3600.0,14.999999999999998,0.6521739130434783,15.0,0.6521739130434783,15.0,0.6545454545454545,0.6545454545454545,0.6545454545454545,0.6555454545454545,0.6573878799187387,0.6545454545454545,0.9290122793058213,0.26012343820562994,7.105427357601002e-15
0.29,-4.71,0.0,1.0,60.0,3600.0,14.999999999999998,0.6521739130434783,15.0,0.6521739130434783,15.0,0.6545454545454545,0.6545454545454545,0.6545454545454545,0.6555454545454545,0.6573878799265545,0.6545454545454545,0.9290122793058213,0.26941356099868813,-7.105427357601002e-15
0.3,-4.7,0.0,1.0,60.0,3600.0,14.999999999999998,0.6521739130434783,15.0,0.6521739130434783,15.0,0.6545454545454545,0.6545454545454545,0.6545454545454545,0.6555454545454545,0.657387879918581,0.6545454545454545,0.9290122793058213,0.27870368379174637,0.0
0.31,-4.69,0.0,1.0,60.0,3600.0,14.999999999999998,0.6521739130434783,15.0,0.6521739130434783,15.0,0.6545454545454545,0.6545454545454545,0.6545454545454545,0.6555454545454545,0.6573878798943932,0.6545454545454545,0.9290122793058213,0.2879938065848046,0.0
0.32,-4.68,0.0,1.0,60.0,3600.0,14.999999999999998,0.6521739130434783,15.0,0.6521739130434783,15.0,0.6545454545454545,0.6545454545454545,0.6545454545454545,0.6555454545454545,0.6573878798537734,0.6545454545454545,0.9290122793058213,0.29728392937786285,0.0
0.33,-4.67,0.0,1.0,60.0,3600.0,14.999999999999998,0.6521739130434783,15.0,0.6521739130434783,15.0,0.6545454545454545,0.6545454545454545,0.6545454545454545,0.6555454545454545,0.657387879796712,0.6545454545454545,0.9290122793058213,0.3065740521709211,0.0
0.34,-4.66,0.0,1.0,60.0,3600.0,14.999999999999998,0.6521739130434783,15.0,0.6521739130434783,15.0,0.6545454545454545,0.6545454545454545,0.6545454545454545,0.6555454545454545,0.6573878797234067,0.6545454545454545,0.9290122793058213,0.31586417496397934,0.0
0.35000000000000003,-4.65,0.0,1.0,60.0,3600.0,14.999999999999998,0.6521739130434783,15.0,0.6521739130434783,15.0,0.6545454545454545,0.6545454545454545,0.6545454545454545,0.6555454545454545,0.6573878796342629,0.6545454545454545,0.9290122793058213,0.3251542977570376,7.105427357601002e-15
0.36,-4.64,0.0,1.0,60.0,3600.0,14.999999999999998,0.6521739130434783,15.0,0.6521739130434783,15.0,0.6545454545454545,0.6545454545454545,0.6545454545454545,0.6555454545454545,0.657387879529894,0.6545454545454545,0.9290122793058213,0.33444442055009577,-7.105427357601002e-15
0.37,-4.63,0.0,1.0,60.0,3600.0,14.999999999999998,0.6521739130434783,15.0,0.6521739130434783,15.0,0.6545454545454545,0.6545454545454545,0.6545454545454545,0.6555454545454545,0.6573878794111202,0.6545454545454545,0.9290122793058213,0.343734543343154,0.0
0.38,-4.62,0.0,1.0,60.0,3600.0,14.999999999999998,0.6521739130434783,15.0,0.6521739130434783,15.0,0.6545454545454545,0.6545454545454545,0.6545454545454545,0.6555454545454545,0.6573878792789702,0.6545454545454545,0.9290122793058213,0.35302466613621225,0.0
0.39,-4.61,0.0,1.0,60.0,3600.0,14.999999999999998,0.6521739130434783,15.0,0.6521739130434783,15.0,0.6545454545454545,0.6545454545454545,0.6545454545454545,0.6555454545454545,0.6573878791346801,0.6545454545454545,0.9290122793058213,0.3623147889292705,0.0
0.4,-4.6,0.0,1.0,60.0,3600.0,14.999999999999998,0.6521739130434783,15.0,0.6521739130434783,15.0,0.6545454545454545,0.6545454545454545,0.6545454545454545,0.6555454545454545,0.6573878789796934,0.6545454545454545,0.9290122793058213,0.37160491172232873,0.0
0.41000000000000003,-4.59,0.0,1.0,60.0,3600.0,14.999999999999998,0.6521739130434783,15.0,0.6521739130434783,15.0,0.6545454545454545,0.6545454545454545,0.6545454545454545,0.6555454545454545,0.6573878788156613,0.6545454545454545,0.9290122793058213,0.380895034515387,7.105427357601002e-15
0.42,-4.58,0.0,1.0,60.0,3600.0,14.999999999999998,0.6521739130434783,15.0,0.6521739130434783,15.0,0.6545454545454545,0.6545454545454545,0.6545454545454545,0.6555454545454545,0.6573878786444428,0.6545454545454545,0.9290122793058213,0.39018515730844516,-7.105427357601002e-15
0.43,-4.57,0.0,1.0,60.0,3600.0,14.999999999999998,0.6521739130434783,15.0,0.6521739130434783,15.0,0.6545454545454545,0.6545454545454545,0.6545454545454545,0.6555454545454545,0.6573878784681045,0.6545454545454545,0.9290122793058213,0.3994752801015034,0.0
0.44,-4.56,0.0,1.0,60.0,3600.0,14.999999999999998,0.6521739130434783,15.0,0.6521739130434783,15.0,0.6545454545454545,0.6545454545454545,0.6545454545454545,0.6555454545454545,0.6573878782889205,0.6545454545454545,0.9290122793058213,0.40876540289456165,0.0
0.45,-4.55,0.0,1.0,60.0,3600.0,14.999999999999998,0.6521739130434783,15.0,0.6521739130434783,15.0,0.6545454545454545,0.6545454545454545,0.6545454545454545,0.6555454545454545,0.6573878781093728,0.6545454545454545,0.9290122793058213,0.4180555256876199,0.0
0.46,-4.54,0.0,1.0,60.0,3600.0,14.999999999999998,0.6521739130434783,15.0,0.6521739130434783,15.0,0.6545454545454545,0.6545454545454545,0.6545454545454545,0.6555454545454545,0.6573878779321507,0.6545454545454545,0.9290122793058213,0.42734564848067813,0.0
0.47000000000000003,-4.53,0.0,1.0,60.0,3600.0,14.999999999999998,0.6521739130434783,15.0,0.6521739130434783,15.0,0.6545454545454545,0.6545454545454545,0.6545454545454545,0.6555454545454545,0.6573878777601514,0.6545454545454545,0.9290122793058213,0.4366357712737364,7.105427357601002e-15
0.48,-4.52,0.0,1.0,60.0,3600.0,14.999999999999998,0.6521739130434783,15.0,0.6521739130434783,15.0,0.6545454545454545,0.6545454545454545,0.6545454545454545,0.6555454545454545,0.6573878775964797,0.6545454545454545,0.9290122793058213,0.44592589406679456,-7.105427357601002e-15
0.49,-4.51,0.0,1.0,60.0,3600.0,14.999999999999998,0.6521739130434783,15.0,0.6521739130434783,15.0,0.6545454545454545,0.6545454545454545,0.6545454545454545,0.6555454545454545,0.6573878774444477,0.6545454545454545,0.9290122793058213,0.4552160168598528,0.0
0.5,-4.5,0.0,1.0,60.0,3600.0,14.999999999999998,0.6521739130434783,15.0,0.6521739130434783,15.0,0.6545454545454545,0.6545454545454545,0.6545454545454545,0.6555454545454545,0.6573878773075758,0.6545454545454545,0.9290122793058213,0.46450613965291104,0.0
0.51,-4.49,0.0,1.0,60.0,3600.0,14.999999999999998,0.6521739130434783,15.0,0.6521739130434783,15.0,0.6545454545454545,0.6545454545454545,0.6545454545454545,0.6555454545454545,0.6573878771895915,0.6545454545454545,0.9290122793058213,0.4737962624459693,0.0
0.52,-4.48,0.0,1.0,60.0,3600.0,14.999999999999998,0.6521739130434783,15.0,0.6521739130434783,15.0,0.6545454545454545,0.6545454545454545,0.6545454545454545,0.6555454545454545,0.65738787709443,0.6545454545454545,0.9290122793058213,0.4830863852390275,0.0
0.53,-4.47,0.0,1.0,60.0,3600.0,14.999999999999998,0.6521739130434783,15.0,0.6521739130434783,15.0,0.6545454545454545,0.6545454545454545,0.6545454545454545,0.6555454545454545,0.6573878770262345,0.6545454545454545,0.9290122793058213,0.49237650803208577,0.0
0.54,-4.46,0.0,1.0,60.0,3600.0,14.999999999999998,0.6521739130434783,15.0,0.6521739130434783,15.0,0.6545454545454545,0.6545454545454545,0.6545454545454545,0.6555454545454545,0.6573878769893554,0.6545454545454545,0.9290122793058213,0.501666630825144,0.0
0.55,-4.45,0.0,1.0,60.0,3600.0,14.999999999999998,0.6521739130434783,15.0,0.6521739130434783,15.0,0.6545454545454545,0.6545454545454545,0.6545454545454545,0.6555454545454545,0.6573878769883509,0.6545454545454545,0.9290122793058213,0.5109567536182021,0.0
0.56,-4.4399999999999995,0.0,1.0,60.0,3600.0,14.999999999999998,0.6521739130434783,15.0,0.6521739130434783,15.0,0.6545454545454545,0.6545454545454545,0.6545454545454545,0.6555454545454545,0.657387877027987,0.6545454545454545,0.9290122793058213,0.5202468764112603,0.0
0.5700000000000001,-4.43,0.0,1.0,60.0,3600.0,14.999999999999998,0.6521739130434783,15.0,0.6521739130434783,15.0,0.6545454545454545,0.6545454545454545,0.6545454545454545,0.6555454545454545,0.6573878771132371,0.6545454545454545,0.9290122793058213,0.5295369992043185,7.105427357601002e-15
0.58,-4.42,0.0,1.0,60.0,3600.0,14.999999999999998,0.6521739130434783,15.0,0.6521739130434783,15.0,0.6545454545454545,0.6545454545454545,0.6545454545454545,0.6555454545454545,0.6573878772492823,0.6545454545454545,0.9290122793058213,0.5388271219973766,-7.105427357601002e-15
0.59,-4.41,0.0,1.0,60.0,3600.0,14.999999999999998,0.6521739130434783,15.0,0.6521739130434783,15.0,0.6545454545454545,0.6545454545454545,0.6545454545454545,0.6555454545454545,0.6573878774415114,0.6545454545454545,0.9290122793058213,0.5481172447904348,0.0
0.6,-4.4,0.0,1.0,60.0,3600.0,14.999999999999998,0.6521739130434783,15.0,0.6521739130434783,15.0,0.6545454545454545,0.6545454545454545,0.6545454545454545,0.6555454545454545,0.6573878776955209,0.6545454545454545,0.9290122793058213,0.557407367583493,0.0
0.61,-4.39,0.0,1.0,60.0,3600.0,14.999999999999998,0.6521739130434783,15.0,0.6521739130434783,15.0,0.6545454545454545,0.6545454545454545,0.6545454545454545,0.6555454545454545,0.6573878780171146,0.6545454545454545,0.9290122793058213,0.5666974903765511,0.0
0.62,-4.38,0.0,1.0,60.0,3600.0,14.999999999999998,0.6521739130434783,15.0,0.6521739130434783,15.0,0.6545454545454545,0.6545454545454545,0.6545454545454545,0.6555454545454545,0.657387886239353,0.6545454545454545,0.9290122793058213,0.5759876131696093,0.0
0.63,-4.37,0.0,1.0,60.0,3600.0,14.999999999999998,0.6521739130434783,15.0,0.6521739130434783,15.0,0.6545454545454545,0.6545454545454545,0.6545454545454545,0.6555454545454545,0.6573879078158028,0.6545454545454545,0.9290122793058213,0.5852777359626675,0.0
0.64,-4.36,0.0,1.0,60.0,3600.0,14.999999999999998,0.6521739130434783,15.0,0.6521739130434783,15.0,0.6545454545454545,0.6545454545454545,0.6545454545454545,0.6555454545454545,0.6573879335433825,0.6545454545454545,0.9290122793058213,0.5945678587557257,0.0
0.65,-4.35,0.0,1.0,60.0,3600.0,14.999999999999998,0.6521739130434783,15.0,0.6521739130434783,15.0,0.6545454545454545,0.6545454545454545,0.6545454545454545,0.6555454545454545,0.6573879560113878,0.6545454545454545,0.9290122793058213,0.6038579815487839,0.0
0.66,-4.34,0.0,1.0,60.0,3600.0,14.999999999999998,0.6521739130434783,15.0,0.6521739130434783,15.0,0.6545454545454545,0.6545454545454545,0.6545454545454545,0.6555454545454545,0.6573879697445801,0.6545454545454545,0.9290122793058213,0.6131481043418421,0.0
0.67,-4.33,0.0,1.0,60.0,3600.0,14.999999999999998,0.6521739130434783,15.0,0.6521739130434783,15.0,0.6545454545454545,0.6545454545454545,0.6545454545454545,0.6555454545454545,0.6573879712031876,0.6545454545454545,0.9290122793058213,0.6224382271349003,0.0
0.68,-4.32,0.0,1.0,60.0,3600.0,14.999999999999998,0.6521739130434783,15.0,0.6521739130434783,15.0,0.6545454545454545,0.6545454545454545,0.6545454545454545,0.6555454545454545,0.6573879587829047,0.6545454545454545,0.9290122793058213,0.6317283499279585,0.0
0.6900000000000001,-4.31,0.0,1.0,60.0,3600.0,14.999999999999998,0.6521739130434783,15.0,0.6521739130434783,15.0,0.6545454545454545,0.6545454545454545,0.6545454545454545,0.6555454545454545,0.6573879328148922,0.6545454545454545,0.9290122793058213,0.6410184727210166,0.0
0.7000000000000001,-4.3,0.0,1.0,60.0,3600.0,14.999999999999998,0.6521739130434783,15.0,0.6521739130434783,15.0,0.6545454545454545,0.6545454545454545,0.6545454545454545,0.6555454545454545,0.6573878955657771,0.6545454545454545,0.9290122793058213,0.6503085955140748,7.105427357601002e-15
0.71,-4.29,0.0,1.0,60.0,3600.0,14.999999999999998,0.6521739130434783,15.0,0.6521739130434783,15.0,0.6545454545454545,0.6545454545454545,0.6545454545454545,0.6555454545454545,0.6573878512376532,0.6545454545454545,0.9290122793058213,0.6595987183071329,-7.105427357601002e-15
0.72,-4.28,0.0,1.0,60.0,3600.0,14.999999999999998,0.6521739130434783,15.0,0.6521739130434783,15.0,0.6545454545454545,0.6545454545454545,0.6545454545454545,0.6555454545454545,0.6573878059680803,0.6545454545454545,0.9290122793058213,0.6688888411001911,0.0
0.73,-4.27,0.0,1.0,60.0,3600.0,14.999999999999998,0.6521739130434783,15.0,0.6521739130434783,15.0,0.6545454545454545,0.6545454545454545,0.6545454545454545,0.6555454545454545,0.6573877678300847,0.6545454545454545,0.9290122793058213,0.6781789638932493,0.0
0.74,-4.26,0.0,1.0,60.0,3600.0,14.999999999999998,0.6521739130434783,15.0,0.6521739130434783,15.0,0.6545454545454545,0.6545454545454545,0.6545454545454545,0.6555454545454545,0.657387746832159,0.6545454545454545,0.9290122793058213,0.6874690866863075,0.0
0.75,-4.25,0.0,1.0,60.0,3600.0,14.999999999999998,0.6521739130434783,15.0,0.6521739130434783,15.0,0.6545454545454545,0.6545454545454545,0.6545454545454545,0.6555454545454545,0.6573877549182621,0.6545454545454545,0.9290122793058213,0.6967592094793656,0.0
0.76,-4.24,0.0,1.0,60.0,3600.0,14.999999999999998,0.6521739130434783,15.0,0.6521739130434783,15.0,0.6545454545454545,0.6545454545454545,0.6545454545454545,0.6555454545454545,0.6573878171968924,0.6545454545454545,0.9290122793058213,0.7060493322724238,0.0
0.77,-4.23,0.0,1.0,60.0,3600.0,14.999999999999998,0.6521739130434783,15.0,0.6521739130434783,15.0,0.6545454545454545,0.6545454545454545,0.6545454545454545,0.6555454545454545,0.6573879628740964,0.6545454545454545,0.9290122793058213,0.715339455065482,0.0
0.78,-4.22,0.0,1.0,60.0,3600.0,14.999999999999998,0.6521739130434783,15.0,0.6521739130434783,15.0,0.6545454545454545,0.6545454545454545,0.6545454545454545,0.6555454545454545,0.6573880873947,0.6545454545454545,0.9290122793058213,0.7246295778585402,0.0
0.79,-4.21,0.0,1.0,60.0,3600.0,14.999999999999998,0.6521739130434783,15.0,0.6521739130434783,15.0,0.6545454545454545,0.6545454545454545,0.6545454545454545,0.6555454545454545,0.6573881152141441,0.6545454545454545,0.9290122793058213,0.7339197006515984,0.0
0.8,-4.2,0.0,1.0,60.0,3600.0,14.999999999999998,0.6521739130434783,15.0,0.6521739130434783,15.0,0.6545454545454545,0.6545454545454545,0.6545454545454545,0.6555454545454545,0.6573880224988587,0.6545454545454545,0.9290122793058213,0.7432098234446566,0.0
0.81,-4.1899999999999995,0.0,1.0,60.0,3600.0,14.999999999999998,0.6521739130434783,15.0,0.6521739130434783,15.0,0.6545454545454545,0.6545454545454545,0.6545454545454545,0.6555454545454545,0.6573878371262629,0.6545454545454545,0.9290122793058213,0.7524999462377148,0.0
0.8200000000000001,-4.18,0.0,1.0,60.0,3600.0,14.999999999999998,0.6521739130434783,15.0,0.6521739130434783,15.0,0.6545454545454545,0.6545454545454545,0.6545454545454545,0.6555454545454545,0.6573876386847645,0.6545454545454545,0.9290122793058213,0.761790069030773,0.0
0.8300000000000001,-4.17,0.0,1.0,60.0,3600.0,14.999999999999998,0.6521739130434783,15.0,0.6521739130434783,15.0,0.6545454545454545,0.6545454545454545,0.6545454545454545,0.6555454545454545,0.6573875584737601,0.6545454545454545,0.9290122793058213,0.7710801918238311,7.105427357601002e-15
0.84,-4.16,0.0,1.0,60.0,3600.0,14.999999999999998,0.6521739130434783,15.0,0.6521739130434783,15.0,0.6545454545454545,0.6545454545454545,0.6545454545454545,0.6555454545454545,0.657387775079438,0.6545454545454545,0.9290122793058213,0.7803703146168892,-7.105427357601002e-15
0.85,-4.15,0.0,1.0,60.0,3600.0,14.999999999999998,0.6521739130434783,15.0,0.6521739130434783,15.0,0.6545454545454545,0.6545454545454545,0.6545454545454545,0.6555454545454545,0.6573881972049807,0.6545454545454545,0.9290122793058213,0.7896604374099474,0.0
0.86,-4.14,0.0,1.0,60.0,3600.0,14.999999999999998,0.6521739130434783,15.0,0.6521739130434783,15.0,0.6545454545454545,0.6545454545454545,0.6545454545454545,0.6555454545454545,0.6573885069110232,0.6545454545454545,0.9290122793058213,0.7989505602030056,0.0
0.87,-4.13,0.0,1.0,60.0,3600.0,14.999999999999998,0.6521739130434783,15.0,0.6521739130434783,15.0,0.6545454545454545,0.6545454545454545,0.6545454545454545,0.6555454545454545,0.6573885198502766,0.6545454545454545,0.9290122793058213,0.8082406829960638,0.0
0.88,-4.12,0.0,1.0,60.0,3600.0,14.999999999999998,0.6521739130434783,15.0,0.6521739130434783,15.0,0.6545454545454545,0.6545454545454545,0.6545454545454545,0.6555454545454545,0.6573881972759077,0.6545454545454545,0.9290122793058213,0.817530805789122,0.0
0.89,-4.11,0.0,1.0,60.0,3600.0,14.999999999999998,0.6521739130434783,15.0,0.6521739130434783,15.0,0.6545454545454545,0.6545454545454545,0.6545454545454545,0.6555454545454545,0.6573876460415403,0.6545454545454545,0.9290122793058213,0.8268209285821801,0.0
0.9,-4.1,0.0,1.0,60.0,3600.0,14.999999999999998,0.6521739130434783,15.0,0.6521739130434783,15.0,0.6545454545454545,0.6545454545454545,0.6545454545454545,0.6555454545454545,0.6573871186012548,0.6545454545454545,0.9290122793058213,0.8361110513752383,0.0
0.91,-4.09,0.0,1.0,60.0,3600.0,14.999999999999998,0.6521739130434783,15.0,0.6521739130434783,15.0,0.6545454545454545,0.6545454545454545,0.6545454545454545,0.6555454545454545,0.6573870130095878,0.6545454545454545,0.9290122793058213,0.8454011741682965,0.0
0.92,-4.08,0.0,1.0,60.0,3600.0,14.999999999999998,0.6521739130434783,15.0,0.6521739130434783,15.0,0.6545454545454545,0.6545454545454545,0.6545454545454545,0.6555454545454545,0.6573874790501935,0.6545454545454545,0.9290122793058213,0.8546912969613547,0.0
0.93,-4.07,0.0,1.0,60.0,3600.0,14.999999999999998,0.6521739130434783,15.0,0.6521739130434783,15.0,0.6545454545454545,0.6545454545454545,0.6545454545454545,0.6555454545454545,0.6573879091579372,0.6545454545454545,0.9290122793058213,0.8639814197544129,0.0
0.9400000000000001,-4.06,0.0,1.0,60.0,3600.0,14.999999999999998,0.6521739130434783,15.0,0.6521739130434783,15.0,0.6545454545454545,0.6545454545454545,0.6545454545454545,0.6555454545454545,0.6573880556539811,0.6545454545454545,0.9290122793058213,0.8732715425474711,0.0
0.9500000000000001,-4.05,0.0,1.0,60.0,3600.0,14.999999999999998,0.6521739130434783,15.0,0.6521739130434783,15.0,0.6545454545454545,0.6545454545454545,0.6545454545454545,0.6555454545454545,0.6573878786684672,0.6545454545454545,0.9290122793058213,0.8825616653405293,7.105427357601002e-15
0.96,-4.04,0.0,1.0,60.0,3600.0,14.999999999999998,0.6521739130434783,15.0,0.6521739130434783,15.0,0.6545454545454545,0.6545454545454545,0.6545454545454545,0.6555454545454545,0.6573875399170275,0.6545454545454545,0.9290122793058213,0.8918517881335873,-7.105427357601002e-15
0.97,-4.03,0.0,1.0,60.0,3600.0,14.999999999999998,0.6521739130434783,15.0,0.6521739130434783,15.0,0.6545454545454545,0.6545454545454545,0.6545454545454545,0.6555454545454545,0.6573874027007847,0.6545454545454545,0.9290122793058213,0.9011419109266455,0.0
0.98,-4.02,0.0,1.0,60.0,3600.0,14.999999999999998,0.6521739130434783,15.0,0.6521739130434783,15.0,0.6545454545454545,0.6545454545454545,0.6545454545454545,0.6555454545454545,0.6573876621382587,0.6545454545454545,0.9290122793058213,0.9104320337197037,0.0
0.99,-4.01,0.0,1.0,60.0,3600.0,14.999999999999998,0.6521739130434783,15.0,0.6521739130434783,15.0,0.6545454545454545,0.6545454545454545,0.6545454545454545,0.6555454545454545,0.6573878988650746,0.6545454545454545,0.9290122793058213,0.9197221565127619,0.0
1.0,-4.0,0.0,1.0,60.0,3600.0,14.999999999999998,0.6521739130434783,15.0,0.6521739130434783,15.0,0.6545454545454545,0.6545454545454545,0.6545454545454545,0.6555454545454545,0.6573879766862725,0.6545454545454545,0.9290122793058213,0.9290122793058201,0.0
1.01,-3.99,0.0,1.0,60.0,3600.0,14.999999999999998,0.6521739130434783,15.0,0.6521739130434783,15.0,0.6545454545454545,0.6545454545454545,0.6545454545454545,0.6555454545454545,0.6573878755645629,0.6545454545454545,0.9290122793058213,0.9383024020988783,0.0
1.02,-3.98,0.0,1.0,60.0,3600.0,14.999999999999998,0.6521739130434783,15.0,0.6521739130434783,15.0,0.6545454545454545,0.6545454545454545,0.6545454545454545,0.6555454545454545,0.657387687382799,0.6545454545454545,0.9290122793058213,0.9475925248919365,0.0
1.03,-3.9699999999999998,0.0,1.0,60.0,3600.0,14.999999999999998,0.6521739130434783,15.0,0.6521739130434783,15.0,0.6545454545454545,0.6545454545454545,0.6545454545454545,0.6555454545454545,0.6573876159439751,0.6545454545454545,0.9290122793058213,0.9568826476849946,0.0
1.04,-3.96,0.0,1.0,60.0,3600.0,14.999999999999998,0.6521739130434783,15.0,0.6521739130434783,15.0,0.6545454545454545,0.6545454545454545,0.6545454545454545,0.6555454545454545,0.6573878060189755,0.6545454545454545,0.9290122793058213,0.9661727704780528,0.0
1.05,-3.95,0.0,1.0,60.0,3600.0,14.999999999999998,0.6521739130434783,15.0,0.6521739130434783,15.0,0.6545454545454545,0.6545454545454545,0.6545454545454545,0.6555454545454545,0.6573880285508485,0.6545454545454545,0.9290122793058213,0.975462893271111,0.0
1.06,-3.94,0.0,1.0,60.0,3600.0,14.999999999999998,0.6521739130434783,15.0,0.6521739130434783,15.0,0.6545454545454545,0.6545454545454545,0.6545454545454545,0.6555454545454545,0.6573881300466187,0.6545454545454545,0.9290122793058213,0.9847530160641692,0.0
1.07,-3.9299999999999997,0.0,1.0,60.0,3600.0,14.999999999999998,0.6521739130434783,15.0,0.6521739130434783,15.0,0.6545454545454545,0.6545454545454545,0.6545454545454545,0.6555454545454545,0.657388050886292,0.6545454545454545,0.9290122793058213,0.9940431388572274,0.0
1.08,-3.92,0.0,1.0,60.0,3600.0,14.999999999999998,0.6521739130434783,15.0,0.6521739130434783,15.0,0.6545454545454545,0.6545454545454545,0.6545454545454545,0.6555454545454545,0.6573878243670603,0.6545454545454545,0.9290122793058213,1.0033332616502857,0.0
1.09,-3.91,0.0,1.0,60.0,3600.0,14.999999999999998,0.6521739130434783,15.0,0.6521739130434783,15.0,0.6545454545454545,0.6545454545454545,0.6545454545454545,0.6555454545454545,0.6573875767033008,0.6545454545454545,0.9290122793058213,1.0126233844433439,0.0
1.1,-3.9,0.0,1.0,60.0,3600.0,14.999999999999998,0.6521739130434783,15.0,0.6521739130434783,15.0,0.6545454545454545,0.6545454545454545,0.6545454545454545,0.6555454545454545,0.6573875270265769,0.6545454545454545,0.9290122793058213,1.021913507236402,0.0
1.11,-3.8899999999999997,0.0,1.0,60.0,3600.0,14.999999999999998,0.6521739130434783,15.0,0.6521739130434783,15.0,0.6545454545454545,0.6545454545454545,0.6545454545454545,0.6555454545454545,0.6573878664030036,0.6545454545454545,0.9290122793058213,1.0312036300294602,0.0
1.12,-3.88,0.0,1.0,60.0,3600.0,14.999999999999998,0.6521739130434783,15.0,0.6521739130434783,15.0,0.6545454545454545,0.6545454545454545,0.6545454545454545,0.6555454545454545,0.6573883106342067,0.6545454545454545,0.9290122793058213,1.0404937528225184,0.0
1.1300000000000001,-3.87,0.0,1.0,60.0,3600.0,14.999999999999998,0.6521739130434783,15.0,0.6521739130434783,15.0,0.6545454545454545,0.6545454545454545,0.6545454545454545,0.6555454545454545,0.6573885516053897,0.6545454545454545,0.9290122793058213,1.0497838756155766,0.0
1.1400000000000001,-3.86,0.0,1.0,60.0,3600.0,14.999999999999998,0.6521739130434783,15.0,0.6521739130434783,15.0,0.6545454545454545,0.6545454545454545,0.6545454545454545,0.6555454545454545,0.6573884428265808,0.6545454545454545,0.9290122793058213,1.0590739984086348,0.0
1.1500000000000001,-3.8499999999999996,0.0,1.0,60.0,3600.0,14.999999999999998,0.6521739130434783,15.0,0.6521739130434783,15.0,0.6545454545454545,0.6545454545454545,0.6545454545454545,0.6555454545454545,0.6573879994693143,0.6545454545454545,0.9290122793058213,1.068364121201693,0.0
1.16,-3.84,0.0,1.0,60.0,3600.0,14.999999999999998,0.6521739130434783,15.0,0.6521739130434783,15.0,0.6545454545454545,0.6545454545454545,0.6545454545454545,0.6555454545454545,0.6573873983666301,0.6545454545454545,0.9290122793058213,1.077654243994751,0.0
1.17,-3.83,0.0,1.0,60.0,3600.0,14.999999999999998,0.6521739130434783,15.0,0.6521739130434783,15.0,0.6545454545454545,0.6545454545454545,0.6545454545454545,0.6555454545454545,0.6573869780130741,0.6545454545454545,0.9290122793058213,1.0869443667878091,0.0
1.18,-3.8200000000000003,0.0,1.0,60.0,3600.0,14.999999999999998,0.6521739130434783,15.0,0.6521739130434783,15.0,0.6545454545454545,0.6545454545454545,0.6545454545454545,0.6555454545454545,0.6573871915065493,0.6545454545454545,0.9290122793058213,1.0962344895808673,0.0
1.19,-3.81,0.0,1.0,60.0,3600.0,14.999999999999998,0.6521739130434783,15.0,0.6521739130434783,15.0,0.6545454545454545,0.6545454545454545,0.6545454545454545,0.6555454545454545,0.6573876984800199,0.6545454545454545,0.9290122793058213,1.1055246123739255,0.0
1.2,-3.8,0.0,1.0,60.0,3600.0,14.999999999999998,0.6521739130434783,15.0,0.6521739130434783,15.0,0.6545454545454545,0.6545454545454545,0.6545454545454545,0.6555454545454545,0.6573880242897439,0.6545454545454545,0.9290122793058213,1.1148147351669837,0.0
1.21,-3.79,0.0,1.0,60.0,3600.0,14.999999999999998,0.6521739130434783,15.0,0.6521739130434783,15.0,0.6545454545454545,0.6545454545454545,0.6545454545454545,0.6555454545454545,0.6573880155107881,0.6545454545454545,0.9290122793058213,1.124104857960042,0.0
1.22,-3.7800000000000002,0.0,1.0,60.0,3600.0,14.999999999999998,0.6521739130434783,15.0,0.6521739130434783,15.0,0.6545454545454545,0.6545454545454545,0.6545454545454545,0.6555454545454545,0.6573877249671667,0.6545454545454545,0.9290122793058213,1.1333949807531,0.0
1.23,-3.77,0.0,1.0,60.0,3600.0,14.999999999999998,0.6521739130434783,15.0,0.6521739130434783,15.0,0.6545454545454545,0.6545454545454545,0.6545454545454545,0.6555454545454545,0.657387411731841,0.6545454545454545,0.9290122793058213,1.1426851035461583,0.0
1.24,-3.76,0.0,1.0,60.0,3600.0,14.999999999999998,0.6521739130434783,15.0,0.6521739130434783,15.0,0.6545454545454545,0.6545454545454545,0.6545454545454545,0.6555454545454545,0.657387497660298,0.6545454545454545,0.9290122793058213,1.1519752263392165,0.0
1.25,-3.75,0.0,1.0,60.0,3600.0,14.999999999999998,0.6521739130434783,15.0,0.6521739130434783,15.0,0.6545454545454545,0.6545454545454545,0.6545454545454545,0.6555454545454545,0.6573877808655304,0.6545454545454545,0.9290122793058213,1.1612653491322746,0.0
1.26,-3.74,0.0,1.0,60.0,3600.0,14.999999999999998,0.6521739130434783,15.0,0.6521739130434783,15.0,0.6545454545454545,0.6545454545454545,0.6545454545454545,0.6555454545454545,0.657387961175258,0.6545454545454545,0.9290122793058213,1.1705554719253328,0.0
1.27,-3.73,0.0,1.0,60.0,3600.0,14.999999999999998,0.6521739130434783,15.0,0.6521739130434783,15.0,0.6545454545454545,0.6545454545454545,0.6545454545454545,0.6555454545454545,0.6573879541108126,0.6545454545454545,0.9290122793058213,1.179845594718391,0.0
1.28,-3.7199999999999998,0.0,1.0,60.0,3600.0,14.999999999999998,0.6521739130434783,15.0,0.6521739130434783,15.0,0.6545454545454545,0.6545454545454545,0.6545454545454545,0.6555454545454545,0.6573877905048849,0.6545454545454545,0.9290122793058213,1.1891357175114492,0.0
1.29,-3.71,0.0,1.0,60.0,3600.0,14.999999999999998,0.6521739130434783,15.0,0.6521739130434783,15.0,0.6545454545454545,0.6545454545454545,0.6545454545454545,0.6555454545454545,0.657387616501524,0.6545454545454545,0.9290122793058213,1.1984258403045074,0.0
1.3,-3.7,0.0,1.0,60.0,3600.0,14.999999999999998,0.6521739130434783,15.0,0.6521739130434783,15.0,0.6545454545454545,0.6545454545454545,0.6545454545454545,0.6555454545454545,0.6573876750393987,0.6545454545454545,0.9290122793058213,1.2077159630975656,0.0
1.31,-3.69,0.0,1.0,60.0,3600.0,14.999999999999998,0.6521739130434783,15.0,0.6521739130434783,15.0,0.6545454545454545,0.6545454545454545,0.6545454545454545,0.6555454545454545,0.65738790854034,0.6545454545454545,0.9290122793058213,1.2170060858906238,0.0
1.32,-3.6799999999999997,0.0,1.0,60.0,3600.0,14.999999999999998,0.6521739130434783,15.0,0.6521739130434783,15.0,0.6545454545454545,0.6545454545454545,0.6545454545454545,0.6555454545454545,0.6573880921373819,0.6545454545454545,0.9290122793058213,1.226296208683682,0.0
1.33,-3.67,0.0,1.0,60.0,3600.0,14.999999999999998,0.6521739130434783,15.0,0.6521739130434783,15.0,0.6545454545454545,0.6545454545454545,0.6545454545454545,0.6555454545454545,0.6573881140328325,0.6545454545454545,0.9290122793058213,1.2355863314767401,0.0
1.34,-3.66,0.0,1.0,60.0,3600.0,14.999999999999998,0.6521739130434783,15.0,0.6521739130434783,15.0,0.6545454545454545,0.6545454545454545,0.6545454545454545,0.6555454545454545,0.6573879571133562,0.6545454545454545,0.9290122793058213,1.2448764542697983,0.0
1.35,-3.65,0.0,1.0,60.0,3600.0,14.999999999999998,0.6521739130434783,15.0,0.6521739130434783,15.0,0.6545454545454545,0.6545454545454545,0.6545454545454545,0.6555454545454545,0.6573876989499741,0.6545454545454545,0.9290122793058213,1.2541665770628565,0.0
1.36,-3.6399999999999997,0.0,1.0,60.0,3600.0,14.999999999999998,0.6521739130434783,15.0,0.6521739130434783,15.0,0.6545454545454545,0.6545454545454545,0.6545454545454545,0.6555454545454545,0.6573875117980631,0.6545454545454545,0.9290122793058213,1.2634566998559147,0.0
1.37,-3.63,0.0,1.0,60.0,3600.0,14.999999999999998,0.6521739130434783,15.0,0.6521739130434783,15.0,0.6545454545454545,0.6545454545454545,0.6545454545454545,0.6555454545454545,0.6573876501417395,0.6545454545454545,0.9290122793058213,1.2727468226489729,0.0
1.3800000000000001,-3.62,0.0,1.0,60.0,3600.0,14.999999999999998,0.6521739130434783,15.0,0.6521739130434783,15.0,0.6545454545454545,0.6545454545454545,0.6545454545454545,0.6555454545454545,0.6573880790375001,0.6545454545454545,0.9290122793058213,1.282036945442031,0.0
1.3900000000000001,-3.61,0.0,1.0,60.0,3600.0,14.999999999999998,0.6521739130434783,15.0,0.6521739130434783,15.0,0.6545454545454545,0.6545454545454545,0.6545454545454545,0.6555454545454545,0.657388442653617,0.6545454545454545,0.9290122793058213,1.2913270682350892,0.0
1.4000000000000001,-3.5999999999999996,0.0,1.0,60.0,3600.0,14.999999999999998,0.6521739130434783,15.0,0.6521739130434783,15.0,0.6545454545454545,0.6545454545454545,0.6545454545454545,0.6555454545454545,0.6573885173654562,0.6545454545454545,0.9290122793058213,1.3006171910281474,0.0
1.41,-3.59,0.0,1.0,60.0,3600.0,14.999999999999998,0.6521739130434783,15.0,0.6521739130434783,15.0,0.6545454545454545,0.6545454545454545,0.6545454545454545,0.6555454545454545,0.6573882386678866,0.6545454545454545,0.9290122793058213,1.3099073138212054,0.0
1.42,-3.58,0.0,1.0,60.0,3600.0,14.999999999999998,0.6521739130434783,15.0,0.6521739130434783,15.0,0.6545454545454545,0.6545454545454545,0.6545454545454545,0.6555454545454545,0.6573877011752796,0.6545454545454545,0.9290122793058213,1.3191974366142636,0.0
1.43,-3.5700000000000003,0.0,1.0,60.0,3600.0,14.999999999999998,0.6521739130434783,15.0,0.6521739130434783,15.0,0.6545454545454545,0.6545454545454545,0.6545454545454545,0.6555454545454545,0.6573871586215089,0.6545454545454545,0.9290122793058213,1.3284875594073218,0.0
1.44,-3.56,0.0,1.0,60.0,3600.0,14.999999999999998,0.6521739130434783,15.0,0.6521739130434783,15.0,0.6545454545454545,0.6545454545454545,0.6545454545454545,0.6555454545454545,0.6573870238599512,0.6545454545454545,0.9290122793058213,1.33777768220038,0.0
1.45,-3.55,0.0,1.0,60.0,3600.0,14.999999999999998,0.6521739130434783,15.0,0.6521739130434783,15.0,0.6545454545454545,0.6545454545454545,0.6545454545454545,0.6555454545454545,0.6573874821533958,0.6545454545454545,0.9290122793058213,1.3470678049934381,0.0
1.46,-3.54,0.0,1.0,60.0,3600.0,14.999999999999998,0.6521739130434783,15.0,0.6521739130434783,15.0,0.6545454545454545,0.6545454545454545,0.6545454545454545,0.6555454545454545,0.6573879191510055,0.6545454545454545,0.9290122793058213,1.3563579277864963,0.0
1.47,-3.5300000000000002,0.0,1.0,60.0,3600.0,14.999999999999998,0.6521739130434783,15.0,0.6521739130434783,15.0,0.6545454545454545,0.6545454545454545,0.6545454545454545,0.6555454545454545,0.6573880751624518,0.6545454545454545,0.9290122793058213,1.3656480505795545,0.0
1.48,-3.52,0.0,1.0,60.0,3600.0,14.999999999999998,0.6521739130434783,15.0,0.6521739130434783,15.0,0.6545454545454545,0.6545454545454545,0.6545454545454545,0.6555454545454545,0.6573879011794554,0.6545454545454545,0.9290122793058213,1.3749381733726127,0.0
1.49,-3.51,0.0,1.0,60.0,3600.0,14.999999999999998,0.6521739130434783,15.0,0.6521739130434783,15.0,0.6545454545454545,0.6545454545454545,0.6545454545454545,0.6555454545454545,0.6573875508458019,0.6545454545454545,0.9290122793058213,1.384228296165671,0.0
1.5,-3.5,0.0,1.0,60.0,3600.0,14.999999999999998,0.6521739130434783,15.0,0.6521739130434783,15.0,0.6545454545454545,0.6545454545454545,0.6545454545454545,0.6555454545454545,0.657387380457342,0.6545454545454545,0.9290122793058213,1.393518418958729,0.0
1.51,-3.49,0.0,1.0,60.0,3600.0,14.999999999999998,0.6521739130434783,15.0,0.6521739130434783,15.0,0.6545454545454545,0.6545454545454545,0.6545454545454545,0.6555454545454545,0.6573876384587037,0.6545454545454545,0.9290122793058213,1.4028085417517873,0.0
1.52,-3.48,0.0,1.0,60.0,3600.0,14.999999999999998,0.6521739130434783,15.0,0.6521739130434783,15.0,0.6545454545454545,0.6545454545454545,0.6545454545454545,0.6555454545454545,0.6573878962374939,0.6545454545454545,0.9290122793058213,1.4120986645448454,0.0
1.53,-3.4699999999999998,0.0,1.0,60.0,3600.0,14.999999999999998,0.6521739130434783,15.0,0.6521739130434783,15.0,0.6545454545454545,0.6545454545454545,0.6545454545454545,0.6555454545454545,0.6573879933130365,0.6545454545454545,0.9290122793058213,1.4213887873379036,0.0
1.54,-3.46,0.0,1.0,60.0,3600.0,14.999999999999998,0.6521739130434783,15.0,0.6521739130434783,15.0,0.6545454545454545,0.6545454545454545,0.6545454545454545,0.6555454545454545,0.6573878974063226,0.6545454545454545,0.9290122793058213,1.4306789101309618,0.0
1.55,-3.45,0.0,1.0,60.0,3600.0,14.999999999999998,0.6521739130434783,15.0,0.6521739130434783,15.0,0.6545454545454545,0.6545454545454545,0.6545454545454545,0.6555454545454545,0.6573876941917456,0.6545454545454545,0.9290122793058213,1.43996903292402,0.0
1.56,-3.44,0.0,1.0,60.0,3600.0,14.999999999999998,0.6521739130434783,15.0,0.6521739130434783,15.0,0.6545454545454545,0.6545454545454545,0.6545454545454545,0.6555454545454545,0.6573875872971015,0.6545454545454545,0.9290122793058213,1.4492591557170782,0.0
1.57,-3.4299999999999997,0.0,1.0,60.0,3600.0,14.999999999999998,0.6521739130434783,15.0,0.6521739130434783,15.0,0.6545454545454545,0.6545454545454545,0.6545454545454545,0.6555454545454545,0.6573877671421225,0.6545454545454545,0.9290122793058213,1.4585492785101364,0.0
1.58,-3.42,0.0,1.0,60.0,3600.0,14.999999999999998,0.6521739130434783,15.0,0.6521739130434783,15.0,0.6545454545454545,0.6545454545454545,0.6545454545454545,0.6555454545454545,0.6573880072460853,0.6545454545454545,0.9290122793058213,1.4678394013031946,0.0
1.59,-3.41,0.0,1.0,60.0,3600.0,14.999999999999998,0.6521739130434783,15.0,0.6521739130434783,15.0,0.6545454545454545,0.6545454545454545,0.6545454545454545,0.6555454545454545,0.6573881321589332,0.6545454545454545,0.9290122793058213,1.4771295240962528,0.0
1.6,-3.4,0.0,1.0,60.0,3600.0,14.999999999999998,0.6521739130434783,15.0,0.6521739130434783,15.0,0.6545454545454545,0.6545454545454545,0.6545454545454545,0.6555454545454545,0.6573880693992279,0.6545454545454545,0.9290122793058213,1.486419646889311,0.0
1.61,-3.3899999999999997,0.0,1.0,60.0,3600.0,14.999999999999998,0.6521739130434783,15.0,0.6521739130434783,15.0,0.6545454545454545,0.6545454545454545,0.6545454545454545,0.6555454545454545,0.6573878449123459,0.6545454545454545,0.9290122793058213,1.4957097696823691,0.0
1.62,-3.38,0.0,1.0,60.0,3600.0,14.999999999999998,0.6521739130434783,15.0,0.6521739130434783,15.0,0.6545454545454545,0.6545454545454545,0.6545454545454545,0.6555454545454545,0.6573875830704785,0.6545454545454545,0.9290122793058213,1.5049998924754273,0.0
1.6300000000000001,-3.37,0.0,1.0,60.0,3600.0,14.999999999999998,0.6521739130434783,15.0,0.6521739130434783,15.0,0.6545454545454545,0.6545454545454545,0.6545454545454545,0.6555454545454545,0.657387506672632,0.6545454545454545,0.9290122793058213,1.5142900152684855,0.0
1.6400000000000001,-3.36,0.0,1.0,60.0,3600.0,14.999999999999998,0.6521739130434783,15.0,0.6521739130434783,15.0,0.6545454545454545,0.6545454545454545,0.6545454545454545,0.6555454545454545,0.6573878223683819,0.6545454545454545,0.9290122793058213,1.5235801380615437,0.0
1.6500000000000001,-3.3499999999999996,0.0,1.0,60.0,3600.0,14.999999999999998,0.6521739130434783,15.0,0.6521739130434783,15.0,0.6545454545454545,0.6545454545454545,0.6545454545454545,0.6555454545454545,0.6573882578496,0.6545454545454545,0.9290122793058213,1.5328702608546019,0.0
1.6600000000000001,-3.34,0.0,1.0,60.0,3600.0,14.999999999999998,0.6521739130434783,15.0,0.6521739130434783,15.0,0.6545454545454545,0.6545454545454545,0.6545454545454545,0.6555454545454545,0.6573885036806302,0.6545454545454545,0.9290122793058213,1.54216038364766,0.0
1.67,-3.33,0.0,1.0,60.0,3600.0,14.999999999999998,0.6521739130434783,15.0,0.6521739130434783,15.0,0.6545454545454545,0.6545454545454545,0.6545454545454545,0.6555454545454545,0.6573884111081338,0.6545454545454545,0.9290122793058213,1.551450506440718,0.0
1.68,-3.3200000000000003,0.0,1.0,60.0,3600.0,14.999999999999998,0.6521739130434783,15.0,0.6521739130434783,15.0,0.6545454545454545,0.6545454545454545,0.6545454545454545,0.6555454545454545,0.6573879920973664,0.6545454545454545,0.9290122793058213,1.5607406292337762,0.0
1.69,-3.31,0.0,1.0,60.0,3600.0,14.999999999999998,0.6521739130434783,15.0,0.6521739130434783,15.0,0.6545454545454545,0.6545454545454545,0.6545454545454545,0.6555454545454545,0.6573874193321773,0.6545454545454545,0.9290122793058213,1.5700307520268344,0.0
1.7,-3.3,0.0,1.0,60.0,3600.0,14.999999999999998,0.6521739130434783,15.0,0.6521739130434783,15.0,0.6545454545454545,0.6545454545454545,0.6545454545454545,0.6555454545454545,0.6573870262150102,0.6545454545454545,0.9290122793058213,1.5793208748198926,0.0
1.71,-3.29,0.0,1.0,60.0,3600.0,14.999999999999998,0.6521739130434783,15.0,0.6521739130434783,15.0,0.6545454545454545,0.6545454545454545,0.6545454545454545,0.6555454545454545,0.6573872498959858,0.6545454545454545,0.9290122793058213,1.5886109976129508,0.0
1.72,-3.2800000000000002,0.0,1.0,60.0,3600.0,14.999999999999998,0.6521739130434783,15.0,0.6521739130434783,15.0,0.6545454545454545,0.6545454545454545,0.6545454545454545,0.6555454545454545,0.6573877407067991,0.6545454545454545,0.9290122793058213,1.597901120406009,0.0
1.73,-3.27,0.0,1.0,60.0,3600.0,14.999999999999998,0.6521739130434783,15.0,0.6521739130434783,15.0,0.6545454545454545,0.6545454545454545,0.6545454545454545,0.6555454545454545,0.6573880512580543,0.6545454545454545,0.9290122793058213,1.6071912431990671,0.0
1.74,-3.26,0.0,1.0,60.0,3600.0,14.999999999999998,0.6521739130434783,15.0,0.6521739130434783,15.0,0.6545454545454545,0.6545454545454545,0.6545454545454545,0.6555454545454545,0.6573880320238685,0.6545454545454545,0.9290122793058213,1.6164813659921253,0.0
1.75,-3.25,0.0,1.0,60.0,3600.0,14.999999999999998,0.6521739130434783,15.0,0.6521739130434783,15.0,0.6545454545454545,0.6545454545454545,0.6545454545454545,0.6555454545454545,0.6573877346615806,0.6545454545454545,0.9290122793058213,1.6257714887851835,0.0
1.76,-3.24,0.0,1.0,60.0,3600.0,14.999999999999998,0.6521739130434783,15.0,0.6521739130434783,15.0,0.6545454545454545,0.6545454545454545,0.6545454545454545,0.6555454545454545,0.6573874120117524,0.6545454545454545,0.9290122793058213,1.6350616115782417,0.0
1.77,-3.23,0.0,1.0,60.0,3600.0,14.999999999999998,0.6521739130434783,15.0,0.6521739130434783,15.0,0.6545454545454545,0.6545454545454545,0.6545454545454545,0.6555454545454545,0.6573874844602657,0.6545454545454545,0.9290122793058213,1.6443517343713,0.0
1.78,-3.2199999999999998,0.0,1.0,60.0,3600.0,14.999999999999998,0.6521739130434783,15.0,0.6521739130434783,15.0,0.6545454545454545,0.6545454545454545,0.6545454545454545,0.6555454545454545,0.6573877793940968,0.6545454545454545,0.9290122793058213,1.653641857164358,0.0
1.79,-3.21,0.0,1.0,60.0,3600.0,14.999999999999998,0.6521739130434783,15.0,0.6521739130434783,15.0,0.6545454545454545,0.6545454545454545,0.6545454545454545,0.6555454545454545,0.6573879759362908,0.6545454545454545,0.9290122793058213,1.6629319799574163,0.0
1.8,-3.2,0.0,1.0,60.0,3600.0,14.999999999999998,0.6521739130434783,15.0,0.6521739130434783,15.0,0.6545454545454545,0.6545454545454545,0.6545454545454545,0.6555454545454545,0.6573879770492418,0.6545454545454545,0.9290122793058213,1.6722221027504744,0.0
1.81,-3.19,0.0,1.0,60.0,3600.0,14.999999999999998,0.6521739130434783,15.0,0.6521739130434783,15.0,0.6545454545454545,0.6545454545454545,0.6545454545454545,0.6555454545454545,0.65738780617022,0.6545454545454545,0.9290122793058213,1.6815122255435326,0.0
1.82,-3.1799999999999997,0.0,1.0,60.0,3600.0,14.999999999999998,0.6521739130434783,15.0,0.6521739130434783,15.0,0.6545454545454545,0.6545454545454545,0.6545454545454545,0.6555454545454545,0.6573876072113727,0.6545454545454545,0.9290122793058213,1.6908023483365908,0.0
1.83,-3.17,0.0,1.0,60.0,3600.0,14.999999999999998,0.6521739130434783,15.0,0.6521739130434783,15.0,0.6545454545454545,0.6545454545454545,0.6545454545454545,0.6555454545454545,0.6573876358823408,0.6545454545454545,0.9290122793058213,1.700092471129649,0.0
1.84,-3.16,0.0,1.0,60.0,3600.0,14.999999999999998,0.6521739130434783,15.0,0.6521739130434783,15.0,0.6545454545454545,0.6545454545454545,0.6545454545454545,0.6555454545454545,0.6573878800507937,0.6545454545454545,0.9290122793058213,1.7093825939227072,0.0
1.85,-3.15,0.0,1.0,60.0,3600.0,14.999999999999998,0.6521739130434783,15.0,0.6521739130434783,15.0,0.6545454545454545,0.6545454545454545,0.6545454545454545,0.6555454545454545,0.6573880884308393,0.6545454545454545,0.9290122793058213,1.7186727167157654,0.0
1.86,-3.1399999999999997,0.0,1.0,60.0,3600.0,14.999999999999998,0.6521739130434783,15.0,0.6521739130434783,15.0,0.6545454545454545,0.6545454545454545,0.6545454545454545,0.6555454545454545,0.6573881317103845,0.6545454545454545,0.9290122793058213,1.7279628395088236,0.0
1.87,-3.13,0.0,1.0,60.0,3600.0,14.999999999999998,0.6521739130434783,15.0,0.6521739130434783,15.0,0.6545454545454545,0.6545454545454545,0.6545454545454545,0.6555454545454545,0.6573879819861336,0.6545454545454545,0.9290122793058213,1.7372529623018818,0.0
1.8800000000000001,-3.12,0.0,1.0,60.0,3600.0,14.999999999999998,0.6521739130434783,15.0,0.6521739130434783,15.0,0.6545454545454545,0.6545454545454545,0.6545454545454545,0.6555454545454545,0.6573877127635881,0.6545454545454545,0.9290122793058213,1.74654308509494,0.0
1.8900000000000001,-3.11,0.0,1.0,60.0,3600.0,14.999999999999998,0.6521739130434783,15.0,0.6521739130434783,15.0,0.6545454545454545,0.6545454545454545,0.6545454545454545,0.6555454545454545,0.6573874989570474,0.6545454545454545,0.9290122793058213,1.7558332078879981,0.0
1.9000000000000001,-3.0999999999999996,0.0,1.0,60.0,3600.0,14.999999999999998,0.6521739130434783,15.0,0.6521739130434783,15.0,0.6545454545454545,0.6545454545454545,0.6545454545454545,0.6555454545454545,0.6573876071317066,0.6545454545454545,0.9290122793058213,1.7651233306810563,0.0
1.9100000000000001,-3.09,0.0,1.0,60.0,3600.0,14.999999999999998,0.6521739130434783,15.0,0.6521739130434783,15.0,0.6545454545454545,0.6545454545454545,0.6545454545454545,0.6555454545454545,0.6573880267459975,0.6545454545454545,0.9290122793058213,1.7744134534741145,0.0
1.92,-3.08,0.0,1.0,60.0,3600.0,14.999999999999998,0.6521739130434783,15.0,0.6521739130434783,15.0,0.6545454545454545,0.6545454545454545,0.6545454545454545,0.6555454545454545,0.657388397104619,0.6545454545454545,0.9290122793058213,1.7837035762671725,0.0
1.93,-3.0700000000000003,0.0,1.0,60.0,3600.0,14.999999999999998,0.6521739130434783,15.0,0.6521739130434783,15.0,0.6545454545454545,0.6545454545454545,0.6545454545454545,0.6555454545454545,0.6573884871533663,0.6545454545454545,0.9290122793058213,1.7929936990602307,0.0
1.94,-3.06,0.0,1.0,60.0,3600.0,14.999999999999998,0.6521739130434783,15.0,0.6521739130434783,15.0,0.6545454545454545,0.6545454545454545,0.6545454545454545,0.6555454545454545,0.657388227124365,0.6545454545454545,0.9290122793058213,1.8022838218532888,0.0
1.95,-3.05,0.0,1.0,60.0,3600.0,14.999999999999998,0.6521739130434783,15.0,0.6521739130434783,15.0,0.6545454545454545,0.6545454545454545,0.6545454545454545,0.6555454545454545,0.6573877085360715,0.6545454545454545,0.9290122793058213,1.811573944646347,0.0
1.96,-3.04,0.0,1.0,60.0,3600.0,14.999999999999998,0.6521739130434783,15.0,0.6521739130434783,15.0,0.6545454545454545,0.6545454545454545,0.6545454545454545,0.6555454545454545,0.6573871841932731,0.6545454545454545,0.9290122793058213,1.8208640674394052,0.0
1.97,-3.0300000000000002,0.0,1.0,60.0,3600.0,14.999999999999998,0.6521739130434783,15.0,0.6521739130434783,15.0,0.6545454545454545,0.6545454545454545,0.6545454545454545,0.6555454545454545,0.6573870681870878,0.6545454545454545,0.9290122793058213,1.8301541902324634,0.0
1.98,-3.02,0.0,1.0,60.0,3600.0,14.999999999999998,0.6521739130434783,15.0,0.6521739130434783,15.0,0.6545454545454545,0.6545454545454545,0.6545454545454545,0.6555454545454545,0.6573875219585626,0.6545454545454545,0.9290122793058213,1.8394443130255216,0.0
1.99,-3.01,0.0,1.0,60.0,3600.0,14.999999999999998,0.6521739130434783,15.0,0.6521739130434783,15.0,0.6545454545454545,0.6545454545454545,0.6545454545454545,0.6555454545454545,0.6573879472842741,0.6545454545454545,0.9290122793058213,1.8487344358185798,0.0
2.0,-3.0,0.0,1.0,60.0,3600.0,14.999999999999998,0.6521739130434783,15.0,0.6521739130434783,15.0,0.6545454545454545,0.6545454545454545,0.6545454545454545,0.6555454545454545,0.657388092567065,0.6545454545454545,0.9290122793058213,1.858024558611638,-7.105427357601002e-15
2.0100000000000002,-2.9899999999999998,0.0,1.0,60.0,3600.0,14.999999999999998,0.6521739130434783,15.0,0.6521739130434783,15.0,0.6545454545454545,0.6545454545454545,0.6545454545454545,0.6555454545454545,0.6573879103898423,0.6545454545454545,0.9290122793058213,1.8673146814046964,0.0
2.02,-2.98,0.0,1.0,60.0,3600.0,14.999999999999998,0.6521739130434783,15.0,0.6521739130434783,15.0,0.6545454545454545,0.6545454545454545,0.6545454545454545,0.6555454545454545,0.6573875528311675,0.6545454545454545,0.9290122793058213,1.8766048041977543,0.0
2.0300000000000002,-2.9699999999999998,0.0,1.0,60.0,3600.0,14.999999999999998,0.6521739130434783,15.0,0.6521739130434783,15.0,0.6545454545454545,0.6545454545454545,0.6545454545454545,0.6555454545454545,0.6573873714652552,0.6545454545454545,0.9290122793058213,1.8858949269908127,0.0
2.04,-2.96,0.0,1.0,60.0,3600.0,14.999999999999998,0.6521739130434783,15.0,0.6521739130434783,15.0,0.6545454545454545,0.6545454545454545,0.6545454545454545,0.6555454545454545,0.6573876309454745,0.6545454545454545,0.9290122793058213,1.8951850497838707,0.0
2.05,-2.95,0.0,1.0,60.0,3600.0,14.999999999999998,0.6521739130434783,15.0,0.6521739130434783,15.0,0.6545454545454545,0.6545454545454545,0.6545454545454545,0.6555454545454545,0.6573879027476841,0.6545454545454545,0.9290122793058213,1.9044751725769287,0.0
2.06,-2.94,0.0,1.0,60.0,3600.0,14.999999999999998,0.6521739130434783,15.0,0.6521739130434783,15.0,0.6545454545454545,0.6545454545454545,0.6545454545454545,0.6555454545454545,0.6573880109975544,0.6545454545454545,0.9290122793058213,1.913765295369987,0.0
2.07,-2.93,0.0,1.0,60.0,3600.0,14.999999999999998,0.6521739130434783,15.0,0.6521739130434783,15.0,0.6545454545454545,0.6545454545454545,0.6545454545454545,0.6555454545454545,0.6573879152804094,0.6545454545454545,0.9290122793058213,1.923055418163045,0.0
2.08,-2.92,0.0,1.0,60.0,3600.0,14.999999999999998,0.6521739130434783,15.0,0.6521739130434783,15.0,0.6545454545454545,0.6545454545454545,0.6545454545454545,0.6555454545454545,0.6573876979606833,0.6545454545454545,0.9290122793058213,1.9323455409561034,0.0
2.09,-2.91,0.0,1.0,60.0,3600.0,14.999999999999998,0.6521739130434783,15.0,0.6521739130434783,15.0,0.6545454545454545,0.6545454545454545,0.6545454545454545,0.6555454545454545,0.6573875641819202,0.6545454545454545,0.9290122793058213,1.9416356637491614,0.0
2.1,-2.9,0.0,1.0,60.0,3600.0,14.999999999999998,0.6521739130434783,15.0,0.6521739130434783,15.0,0.6545454545454545,0.6545454545454545,0.6545454545454545,0.6555454545454545,0.6573877355860497,0.6545454545454545,0.9290122793058213,1.9509257865422198,0.0
2.11,-2.89,0.0,1.0,60.0,3600.0,14.999999999999998,0.6521739130434783,15.0,0.6521739130434783,15.0,0.6545454545454545,0.6545454545454545,0.6545454545454545,0.6555454545454545,0.6573879923742257,0.6545454545454545,0.9290122793058213,1.9602159093352778,0.0
2.12,-2.88,0.0,1.0,60.0,3600.0,14.999999999999998,0.6521739130434783,15.0,0.6521739130434783,15.0,0.6545454545454545,0.6545454545454545,0.6545454545454545,0.6555454545454545,0.657388137577371,0.6545454545454545,0.9290122793058213,1.9695060321283362,0.0
2.13,-2.87,0.0,1.0,60.0,3600.0,14.999999999999998,0.6521739130434783,15.0,0.6521739130434783,15.0,0.6545454545454545,0.6545454545454545,0.6545454545454545,0.6555454545454545,0.6573880870766291,0.6545454545454545,0.9290122793058213,1.9787961549213942,0.0
2.14,-2.86,0.0,1.0,60.0,3600.0,14.999999999999998,0.6521739130434783,15.0,0.6521739130434783,15.0,0.6545454545454545,0.6545454545454545,0.6545454545454545,0.6555454545454545,0.6573878610535154,0.6545454545454545,0.9290122793058213,1.9880862777144526,0.0
2.15,-2.85,0.0,1.0,60.0,3600.0,14.999999999999998,0.6521739130434783,15.0,0.6521739130434783,15.0,0.6545454545454545,0.6545454545454545,0.6545454545454545,0.6555454545454545,0.6573875839899178,0.6545454545454545,0.9290122793058213,1.9973764005075105,0.0
2.16,-2.84,0.0,1.0,60.0,3600.0,14.999999999999998,0.6521739130434783,15.0,0.6521739130434783,15.0,0.6545454545454545,0.6545454545454545,0.6545454545454545,0.6555454545454545,0.6573874846680958,0.6545454545454545,0.9290122793058213,2.006666523300569,0.0
2.17,-2.83,0.0,1.0,60.0,3600.0,14.999999999999998,0.6521739130434783,15.0,0.6521739130434783,15.0,0.6545454545454545,0.6545454545454545,0.6545454545454545,0.6555454545454545,0.6573877854298296,0.6545454545454545,0.9290122793058213,2.015956646093627,0.0
2.18,-2.82,0.0,1.0,60.0,3600.0,14.999999999999998,0.6521739130434783,15.0,0.6521739130434783,15.0,0.6545454545454545,0.6545454545454545,0.6545454545454545,0.6555454545454545,0.6573882182370749,0.6545454545454545,0.9290122793058213,2.0252467688866855,0.0
2.19,-2.81,0.0,1.0,60.0,3600.0,14.999999999999998,0.6521739130434783,15.0,0.6521739130434783,15.0,0.6545454545454545,0.6545454545454545,0.6545454545454545,0.6555454545454545,0.6573884693581606,0.6545454545454545,0.9290122793058213,2.0345368916797435,0.0
2.2,-2.8,0.0,1.0,60.0,3600.0,14.999999999999998,0.6521739130434783,15.0,0.6521739130434783,15.0,0.6545454545454545,0.6545454545454545,0.6545454545454545,0.6555454545454545,0.6573883873047449,0.6545454545454545,0.9290122793058213,2.043827014472802,0.0
2.21,-2.79,0.0,1.0,60.0,3600.0,14.999999999999998,0.6521739130434783,15.0,0.6521739130434783,15.0,0.6545454545454545,0.6545454545454545,0.6545454545454545,0.6555454545454545,0.6573879825732577,0.6545454545454545,0.9290122793058213,2.05311713726586,0.0
2.22,-2.78,0.0,1.0,60.0,3600.0,14.999999999999998,0.6521739130434783,15.0,0.6521739130434783,15.0,0.6545454545454545,0.6545454545454545,0.6545454545454545,0.6555454545454545,0.6573874276449,0.6545454545454545,0.9290122793058213,2.0624072600589183,0.0
2.23,-2.77,0.0,1.0,60.0,3600.0,14.999999999999998,0.6521739130434783,15.0,0.6521739130434783,15.0,0.6545454545454545,0.6545454545454545,0.6545454545454545,0.6555454545454545,0.6573870569856443,0.6545454545454545,0.9290122793058213,2.0716973828519762,0.0
2.24,-2.76,0.0,1.0,60.0,3600.0,14.999999999999998,0.6521739130434783,15.0,0.6521739130434783,15.0,0.6545454545454545,0.6545454545454545,0.6545454545454545,0.6555454545454545,0.6573872963724484,0.6545454545454545,0.9290122793058213,2.0809875056450347,0.0
2.25,-2.75,0.0,1.0,60.0,3600.0,14.999999999999998,0.6521739130434783,15.0,0.6521739130434783,15.0,0.6545454545454545,0.6545454545454545,0.6545454545454545,0.6555454545454545,0.6573877766592156,0.6545454545454545,0.9290122793058213,2.0902776284380926,0.0
2.2600000000000002,-2.7399999999999998,0.0,1.0,60.0,3600.0,14.999999999999998,0.6521739130434783,15.0,0.6521739130434783,15.0,0.6545454545454545,0.6545454545454545,0.6545454545454545,0.6555454545454545,0.6573880731576487,0.6545454545454545,0.9290122793058213,2.099567751231151,0.0
2.27,-2.73,0.0,1.0,60.0,3600.0,14.999999999999998,0.6521739130434783,15.0,0.6521739130434783,15.0,0.6545454545454545,0.6545454545454545,0.6545454545454545,0.6555454545454545,0.6573880416257523,0.6545454545454545,0.9290122793058213,2.108857874024209,0.0
2.2800000000000002,-2.7199999999999998,0.0,1.0,60.0,3600.0,14.999999999999998,0.6521739130434783,15.0,0.6521739130434783,15.0,0.6545454545454545,0.6545454545454545,0.6545454545454545,0.6555454545454545,0.6573877358769461,0.6545454545454545,0.9290122793058213,2.1181479968172674,0.0
2.29,-2.71,0.0,1.0,60.0,3600.0,14.999999999999998,0.6521739130434783,15.0,0.6521739130434783,15.0,0.6545454545454545,0.6545454545454545,0.6545454545454545,0.6555454545454545,0.6573874077800651,0.6545454545454545,0.9290122793058213,2.1274381196103254,0.0
2.3000000000000003,-2.6999999999999997,0.0,1.0,60.0,3600.0,14.999999999999998,0.6521739130434783,15.0,0.6521739130434783,15.0,0.6545454545454545,0.6545454545454545,0.6545454545454545,0.6555454545454545,0.6573874768861351,0.6545454545454545,0.9290122793058213,2.1367282424033838,0.0
2.31,-2.69,0.0,1.0,60.0,3600.0,14.999999999999998,0.6521739130434783,15.0,0.6521739130434783,15.0,0.6545454545454545,0.6545454545454545,0.6545454545454545,0.6555454545454545,0.6573877816869795,0.6545454545454545,0.9290122793058213,2.1460183651964417,0.0
2.32,-2.68,0.0,1.0,60.0,3600.0,14.999999999999998,0.6521739130434783,15.0,0.6521739130434783,15.0,0.6545454545454545,0.6545454545454545,0.6545454545454545,0.6555454545454545,0.6573879894926459,0.6545454545454545,0.9290122793058213,2.1553084879894997,0.0
2.33,-2.67,0.0,1.0,60.0,3600.0,14.999999999999998,0.6521739130434783,15.0,0.6521739130434783,15.0,0.6545454545454545,0.6545454545454545,0.6545454545454545,0.6555454545454545,0.6573879946159094,0.6545454545454545,0.9290122793058213,2.164598610782558,0.0
2.34,-2.66,0.0,1.0,60.0,3600.0,14.999999999999998,0.6521739130434783,15.0,0.6521739130434783,15.0,0.6545454545454545,0.6545454545454545,0.6545454545454545,0.6555454545454545,0.6573878162931652,0.6545454545454545,0.9290122793058213,2.173888733575616,0.0
2.35,-2.65,0.0,1.0,60.0,3600.0,14.999999999999998,0.6521739130434783,15.0,0.6521739130434783,15.0,0.6545454545454545,0.6545454545454545,0.6545454545454545,0.6555454545454545,0.6573875986844295,0.6545454545454545,0.9290122793058213,2.1831788563686745,0.0
2.36,-2.64,0.0,1.0,60.0,3600.0,14.999999999999998,0.6521739130434783,15.0,0.6521739130434783,15.0,0.6545454545454545,0.6545454545454545,0.6545454545454545,0.6555454545454545,0.6573876063893159,0.6545454545454545,0.9290122793058213,2.1924689791617324,0.0
2.37,-2.63,0.0,1.0,60.0,3600.0,14.999999999999998,0.6521739130434783,15.0,0.6521739130434783,15.0,0.6545454545454545,0.6545454545454545,0.6545454545454545,0.6555454545454545,0.6573878588768058,0.6545454545454545,0.9290122793058213,2.201759101954791,0.0
2.38,-2.62,0.0,1.0,60.0,3600.0,14.999999999999998,0.6521739130434783,15.0,0.6521739130434783,15.0,0.6545454545454545,0.6545454545454545,0.6545454545454545,0.6555454545454545,0.6573880852580928,0.6545454545454545,0.9290122793058213,2.211049224747849,0.0
2.39,-2.61,0.0,1.0,60.0,3600.0,14.999999999999998,0.6521739130434783,15.0,0.6521739130434783,15.0,0.6545454545454545,0.6545454545454545,0.6545454545454545,0.6555454545454545,0.6573881432410638,0.6545454545454545,0.9290122793058213,2.2203393475409072,0.0
2.4,-2.6,0.0,1.0,60.0,3600.0,14.999999999999998,0.6521739130434783,15.0,0.6521739130434783,15.0,0.6545454545454545,0.6545454545454545,0.6545454545454545,0.6555454545454545,0.6573879975182703,0.6545454545454545,0.9290122793058213,2.229629470333965,0.0
2.41,-2.59,0.0,1.0,60.0,3600.0,14.999999999999998,0.6521739130434783,15.0,0.6521739130434783,15.0,0.6545454545454545,0.6545454545454545,0.6545454545454545,0.6555454545454545,0.6573877197669282,0.6545454545454545,0.9290122793058213,2.2389195931270236,0.0
2.42,-2.58,0.0,1.0,60.0,3600.0,14.999999999999998,0.6521739130434783,15.0,0.6521739130434783,15.0,0.6545454545454545,0.6545454545454545,0.6545454545454545,0.6555454545454545,0.6573874886489174,0.6545454545454545,0.9290122793058213,2.2482097159200816,0.0
2.43,-2.57,0.0,1.0,60.0,3600.0,14.999999999999998,0.6521739130434783,15.0,0.6521739130434783,15.0,0.6545454545454545,0.6545454545454545,0.6545454545454545,0.6555454545454545,0.6573875809362318,0.6545454545454545,0.9290122793058213,2.25749983871314,0.0
2.44,-2.56,0.0,1.0,60.0,3600.0,14.999999999999998,0.6521739130434783,15.0,0.6521739130434783,15.0,0.6545454545454545,0.6545454545454545,0.6545454545454545,0.6555454545454545,0.6573879946809685,0.6545454545454545,0.9290122793058213,2.266789961506198,0.0
2.45,-2.55,0.0,1.0,60.0,3600.0,14.999999999999998,0.6521739130434783,15.0,0.6521739130434783,15.0,0.6545454545454545,0.6545454545454545,0.6545454545454545,0.6555454545454545,0.6573883653157631,0.6545454545454545,0.9290122793058213,2.2760800842992563,0.0
2.46,-2.54,0.0,1.0,60.0,3600.0,14.999999999999998,0.6521739130434783,15.0,0.6521739130434783,15.0,0.6545454545454545,0.6545454545454545,0.6545454545454545,0.6555454545454545,0.6573884599432599,0.6545454545454545,0.9290122793058213,2.2853702070923143,0.0
2.47,-2.53,0.0,1.0,60.0,3600.0,14.999999999999998,0.6521739130434783,15.0,0.6521739130434783,15.0,0.6545454545454545,0.6545454545454545,0.6545454545454545,0.6555454545454545,0.6573882082413267,0.6545454545454545,0.9290122793058213,2.2946603298853727,0.0
2.48,-2.52,0.0,1.0,60.0,3600.0,14.999999999999998,0.6521739130434783,15.0,0.6521739130434783,15.0,0.6545454545454545,0.6545454545454545,0.6545454545454545,0.6555454545454545,0.6573877024630534,0.6545454545454545,0.9290122793058213,2.3039504526784307,0.0
2.49,-2.51,0.0,1.0,60.0,3600.0,14.999999999999998,0.6521739130434783,15.0,0.6521739130434783,15.0,0.6545454545454545,0.6545454545454545,0.6545454545454545,0.6555454545454545,0.657387197436753,0.6545454545454545,0.9290122793058213,2.313240575471489,0.0
2.5,-2.5,0.0,1.0,60.0,3600.0,14.999999999999998,0.6521739130434783,15.0,0.6521739130434783,15.0,0.6545454545454545,0.6545454545454545,0.6545454545454545,0.6555454545454545,0.6573871105659612,0.6545454545454545,0.9290122793058213,2.322530698264547,0.0
2.5100000000000002,-2.4899999999999998,0.0,1.0,60.0,3600.0,14.999999999999998,0.6521739130434783,15.0,0.6521739130434783,15.0,0.6545454545454545,0.6545454545454545,0.6545454545454545,0.6555454545454545,0.6573875637460436,0.6545454545454545,0.9290122793058213,2.3318208210576055,0.0
2.52,-2.48,0.0,1.0,60.0,3600.0,14.999999999999998,0.6521739130434783,15.0,0.6521739130434783,15.0,0.6545454545454545,0.6545454545454545,0.6545454545454545,0.6555454545454545,0.6573879757163311,0.6545454545454545,0.9290122793058213,2.3411109438506634,0.0
2.5300000000000002,-2.4699999999999998,0.0,1.0,60.0,3600.0,14.999999999999998,0.6521739130434783,15.0,0.6521739130434783,15.0,0.6545454545454545,0.6545454545454545,0.6545454545454545,0.6555454545454545,0.657388105823396,0.6545454545454545,0.9290122793058213,2.350401066643722,0.0
2.54,-2.46,0.0,1.0,60.0,3600.0,14.999999999999998,0.6521739130434783,15.0,0.6521739130434783,15.0,0.6545454545454545,0.6545454545454545,0.6545454545454545,0.6555454545454545,0.6573879117603765,0.6545454545454545,0.9290122793058213,2.35969118943678,0.0
2.5500000000000003,-2.4499999999999997,0.0,1.0,60.0,3600.0,14.999999999999998,0.6521739130434783,15.0,0.6521739130434783,15.0,0.6545454545454545,0.6545454545454545,0.6545454545454545,0.6555454545454545,0.6573875479494118,0.6545454545454545,0.9290122793058213,2.368981312229838,0.0
2.56,-2.44,0.0,1.0,60.0,3600.0,14.999999999999998,0.6521739130434783,15.0,0.6521739130434783,15.0,0.6545454545454545,0.6545454545454545,0.6545454545454545,0.6555454545454545,0.6573873655416422,0.6545454545454545,0.9290122793058213,2.378271435022896,0.0
2.57,-2.43,0.0,1.0,60.0,3600.0,14.999999999999998,0.6521739130434783,15.0,0.6521739130434783,15.0,0.6545454545454545,0.6545454545454545,0.6545454545454545,0.6555454545454545,0.6573876304385303,0.6545454545454545,0.9290122793058213,2.387561557815954,0.0
2.58,-2.42,0.0,1.0,60.0,3600.0,14.999999999999998,0.6521739130434783,15.0,0.6521739130434783,15.0,0.6545454545454545,0.6545454545454545,0.6545454545454545,0.6555454545454545,0.657387912477804,0.6545454545454545,0.9290122793058213,2.3968516806090125,0.0
2.59,-2.41,0.0,1.0,60.0,3600.0,14.999999999999998,0.6521739130434783,15.0,0.6521739130434783,15.0,0.6545454545454545,0.6545454545454545,0.6545454545454545,0.6555454545454545,0.6573880268203215,0.6545454545454545,0.9290122793058213,2.4061418034020705,0.0
2.6,-2.4,0.0,1.0,60.0,3600.0,14.999999999999998,0.6521739130434783,15.0,0.6521739130434783,15.0,0.6545454545454545,0.6545454545454545,0.6545454545454545,0.6555454545454545,0.6573879281642425,0.6545454545454545,0.9290122793058213,2.415431926195129,0.0
2.61,-2.39,0.0,1.0,60.0,3600.0,14.999999999999998,0.6521739130434783,15.0,0.6521739130434783,15.0,0.6545454545454545,0.6545454545454545,0.6545454545454545,0.6555454545454545,0.6573876981314416,0.6545454545454545,0.9290122793058213,2.424722048988187,0.0
2.62,-2.38,0.0,1.0,60.0,3600.0,14.999999999999998,0.6521739130434783,15.0,0.6521739130434783,15.0,0.6545454545454545,0.6545454545454545,0.6545454545454545,0.6555454545454545,0.6573875452675069,0.6545454545454545,0.9290122793058213,2.4340121717812453,0.0
2.63,-2.37,0.0,1.0,60.0,3600.0,14.999999999999998,0.6521739130434783,15.0,0.6521739130434783,15.0,0.6545454545454545,0.6545454545454545,0.6545454545454545,0.6555454545454545,0.6573877118605908,0.6545454545454545,0.9290122793058213,2.4433022945743033,0.0
2.64,-2.36,0.0,1.0,60.0,3600.0,14.999999999999998,0.6521739130434783,15.0,0.6521739130434783,15.0,0.6545454545454545,0.6545454545454545,0.6545454545454545,0.6555454545454545,0.6573879822578002,0.6545454545454545,0.9290122793058213,2.4525924173673617,0.0
2.65,-2.35,0.0,1.0,60.0,3600.0,14.999999999999998,0.6521739130434783,15.0,0.6521739130434783,15.0,0.6545454545454545,0.6545454545454545,0.6545454545454545,0.6555454545454545,0.6573881423991158,0.6545454545454545,0.9290122793058213,2.4618825401604196,0.0
2.66,-2.34,0.0,1.0,60.0,3600.0,14.999999999999998,0.6521739130434783,15.0,0.6521739130434783,15.0,0.6545454545454545,0.6545454545454545,0.6545454545454545,0.6555454545454545,0.6573880995115519,0.6545454545454545,0.9290122793058213,2.471172662953478,0.0
2.67,-2.33,0.0,1.0,60.0,3600.0,14.999999999999998,0.6521739130434783,15.0,0.6521739130434783,15.0,0.6545454545454545,0.6545454545454545,0.6545454545454545,0.6555454545454545,0.6573878703383587,0.6545454545454545,0.9290122793058213,2.480462785746536,0.0
2.68,-2.32,0.0,1.0,60.0,3600.0,14.999999999999998,0.6521739130434783,15.0,0.6521739130434783,15.0,0.6545454545454545,0.6545454545454545,0.6545454545454545,0.6555454545454545,0.6573875811390224,0.6545454545454545,0.9290122793058213,2.4897529085395944,0.0
2.69,-2.31,0.0,1.0,60.0,3600.0,14.999999999999998,0.6521739130434783,15.0,0.6521739130434783,15.0,0.6545454545454545,0.6545454545454545,0.6545454545454545,0.6555454545454545,0.6573874676892653,0.6545454545454545,0.9290122793058213,2.4990430313326524,0.0
2.7,-2.3,0.0,1.0,60.0,3600.0,14.999999999999998,0.6521739130434783,15.0,0.6521739130434783,15.0,0.6545454545454545,0.6545454545454545,0.6545454545454545,0.6555454545454545,0.6573877621071412,0.6545454545454545,0.9290122793058213,2.508333154125711,0.0
2.71,-2.29,0.0,1.0,60.0,3600.0,14.999999999999998,0.6521739130434783,15.0,0.6521739130434783,15.0,0.6545454545454545,0.6545454545454545,0.6545454545454545,0.6555454545454545,0.657388192198391,0.6545454545454545,0.9290122793058213,2.5176232769187687,0.0
2.72,-2.28,0.0,1.0,60.0,3600.0,14.999999999999998,0.6521739130434783,15.0,0.6521739130434783,15.0,0.6545454545454545,0.6545454545454545,0.6545454545454545,0.6555454545454545,0.6573884429960579,0.6545454545454545,0.9290122793058213,2.526913399711827,0.0
2.73,-2.27,0.0,1.0,60.0,3600.0,14.999999999999998,0.6521739130434783,15.0,0.6521739130434783,15.0,0.6545454545454545,0.6545454545454545,0.6545454545454545,0.6555454545454545,0.6573883635075064,0.6545454545454545,0.9290122793058213,2.536203522504885,0.0
2.74,-2.26,0.0,1.0,60.0,3600.0,14.999999999999998,0.6521739130434783,15.0,0.6521739130434783,15.0,0.6545454545454545,0.6545454545454545,0.6545454545454545,0.6555454545454545,0.6573879658627504,0.6545454545454545,0.9290122793058213,2.5454936452979435,0.0
2.75,-2.25,0.0,1.0,60.0,3600.0,14.999999999999998,0.6521739130434783,15.0,0.6521739130434783,15.0,0.6545454545454545,0.6545454545454545,0.6545454545454545,0.6555454545454545,0.6573874253144532,0.6545454545454545,0.9290122793058213,2.5547837680910015,0.0
2.7600000000000002,-2.2399999999999998,0.0,1.0,60.0,3600.0,14.999999999999998,0.6521739130434783,15.0,0.6521739130434783,15.0,0.6545454545454545,0.6545454545454545,0.6545454545454545,0.6555454545454545,0.6573870802379275,0.6545454545454545,0.9290122793058213,2.56407389088406,0.0
2.77,-2.23,0.0,1.0,60.0,3600.0,14.999999999999998,0.6521739130434783,15.0,0.6521739130434783,15.0,0.6545454545454545,0.6545454545454545,0.6545454545454545,0.6555454545454545,0.6573873416686649,0.6545454545454545,0.9290122793058213,2.573364013677118,0.0
2.7800000000000002,-2.2199999999999998,0.0,1.0,60.0,3600.0,14.999999999999998,0.6521739130434783,15.0,0.6521739130434783,15.0,0.6545454545454545,0.6545454545454545,0.6545454545454545,0.6555454545454545,0.6573878126592829,0.6545454545454545,0.9290122793058213,2.5826541364701763,0.0
2.79,-2.21,0.0,1.0,60.0,3600.0,14.999999999999998,0.6521739130434783,15.0,0.6521739130434783,15.0,0.6545454545454545,0.6545454545454545,0.6545454545454545,0.6555454545454545,0.6573880928467646,0.6545454545454545,0.9290122793058213,2.5919442592632342,0.0
2.8000000000000003,-2.1999999999999997,0.0,1.0,60.0,3600.0,14.999999999999998,0.6521739130434783,15.0,0.6521739130434783,15.0,0.6545454545454545,0.6545454545454545,0.6545454545454545,0.6555454545454545,0.6573880456547284,0.6545454545454545,0.9290122793058213,2.6012343820562926,0.0
2.81,-2.19,0.0,1.0,60.0,3600.0,14.999999999999998,0.6521739130434783,15.0,0.6521739130434783,15.0,0.6545454545454545,0.6545454545454545,0.6545454545454545,0.6555454545454545,0.6573877300264441,0.6545454545454545,0.9290122793058213,2.6105245048493506,0.0
2.82,-2.18,0.0,1.0,60.0,3600.0,14.999999999999998,0.6521739130434783,15.0,0.6521739130434783,15.0,0.6545454545454545,0.6545454545454545,0.6545454545454545,0.6555454545454545,0.657387400424833,0.6545454545454545,0.9290122793058213,2.6198146276424086,0.0
2.83,-2.17,0.0,1.0,60.0,3600.0,14.999999999999998,0.6521739130434783,15.0,0.6521739130434783,15.0,0.6545454545454545,0.6545454545454545,0.6545454545454545,0.6555454545454545,0.6573874752531489,0.6545454545454545,0.9290122793058213,2.629104750435467,0.0
2.84,-2.16,0.0,1.0,60.0,3600.0,14.999999999999998,0.6521739130434783,15.0,0.6521739130434783,15.0,0.6545454545454545,0.6545454545454545,0.6545454545454545,0.6555454545454545,0.6573877886765116,0.6545454545454545,0.9290122793058213,2.638394873228525,0.0
2.85,-2.15,0.0,1.0,60.0,3600.0,14.999999999999998,0.6521739130434783,15.0,0.6521739130434783,15.0,0.6545454545454545,0.6545454545454545,0.6545454545454545,0.6555454545454545,0.6573880034782396,0.6545454545454545,0.9290122793058213,2.6476849960215834,0.0
2.86,-2.14,0.0,1.0,60.0,3600.0,14.999999999999998,0.6521739130434783,15.0,0.6521739130434783,15.0,0.6545454545454545,0.6545454545454545,0.6545454545454545,0.6555454545454545,0.6573880085499917,0.6545454545454545,0.9290122793058213,2.6569751188146413,0.0
2.87,-2.13,0.0,1.0,60.0,3600.0,14.999999999999998,0.6521739130434783,15.0,0.6521739130434783,15.0,0.6545454545454545,0.6545454545454545,0.6545454545454545,0.6555454545454545,0.6573878215820153,0.6545454545454545,0.9290122793058213,2.6662652416076997,0.0
2.88,-2.12,0.0,1.0,60.0,3600.0,14.999999999999998,0.6521739130434783,15.0,0.6521739130434783,15.0,0.6545454545454545,0.6545454545454545,0.6545454545454545,0.6555454545454545,0.6573875890631462,0.6545454545454545,0.9290122793058213,2.6755553644007577,0.0
2.89,-2.11,0.0,1.0,60.0,3600.0,14.999999999999998,0.6521739130434783,15.0,0.6521739130434783,15.0,0.6545454545454545,0.6545454545454545,0.6545454545454545,0.6555454545454545,0.6573875835761747,0.6545454545454545,0.9290122793058213,2.684845487193816,0.0
2.9,-2.1,0.0,1.0,60.0,3600.0,14.999999999999998,0.6521739130434783,15.0,0.6521739130434783,15.0,0.6545454545454545,0.6545454545454545,0.6545454545454545,0.6555454545454545,0.6573878441719491,0.6545454545454545,0.9290122793058213,2.694135609986874,0.0
2.91,-2.09,0.0,1.0,60.0,3600.0,14.999999999999998,0.6521739130434783,15.0,0.6521739130434783,15.0,0.6545454545454545,0.6545454545454545,0.6545454545454545,0.6555454545454545,0.6573880842931566,0.6545454545454545,0.9290122793058213,2.7034257327799325,0.0
2.92,-2.08,0.0,1.0,60.0,3600.0,14.999999999999998,0.6521739130434783,15.0,0.6521739130434783,15.0,0.6545454545454545,0.6545454545454545,0.6545454545454545,0.6555454545454545,0.6573881519106733,0.6545454545454545,0.9290122793058213,2.7127158555729904,0.0
2.93,-2.07,0.0,1.0,60.0,3600.0,14.999999999999998,0.6521739130434783,15.0,0.6521739130434783,15.0,0.6545454545454545,0.6545454545454545,0.6545454545454545,0.6555454545454545,0.6573880069013114,0.6545454545454545,0.9290122793058213,2.722005978366049,0.0
2.94,-2.06,0.0,1.0,60.0,3600.0,14.999999999999998,0.6521739130434783,15.0,0.6521739130434783,15.0,0.6545454545454545,0.6545454545454545,0.6545454545454545,0.6555454545454545,0.6573877210478194,0.6545454545454545,0.9290122793058213,2.731296101159107,0.0
2.95,-2.05,0.0,1.0,60.0,3600.0,14.999999999999998,0.6521739130434783,15.0,0.6521739130434783,15.0,0.6545454545454545,0.6545454545454545,0.6545454545454545,0.6555454545454545,0.6573874780388828,0.6545454545454545,0.9290122793058213,2.7405862239521652,0.0
2.96,-2.04,0.0,1.0,60.0,3600.0,14.999999999999998,0.6521739130434783,15.0,0.6521739130434783,15.0,0.6545454545454545,0.6545454545454545,0.6545454545454545,0.6555454545454545,0.6573875643064846,0.6545454545454545,0.9290122793058213,2.749876346745223,0.0
2.97,-2.03,0.0,1.0,60.0,3600.0,14.999999999999998,0.6521739130434783,15.0,0.6521739130434783,15.0,0.6545454545454545,0.6545454545454545,0.6545454545454545,0.6555454545454545,0.6573879755903713,0.6545454545454545,0.9290122793058213,2.7591664695382816,0.0
2.98,-2.02,0.0,1.0,60.0,3600.0,14.999999999999998,0.6521739130434783,15.0,0.6521739130434783,15.0,0.6545454545454545,0.6545454545454545,0.6545454545454545,0.6555454545454545,0.6573883433093276,0.6545454545454545,0.9290122793058213,2.7684565923313396,0.0
2.99,-2.01,0.0,1.0,60.0,3600.0,14.999999999999998,0.6521739130434783,15.0,0.6521739130434783,15.0,0.6545454545454545,0.6545454545454545,0.6545454545454545,0.6555454545454545,0.6573884359497808,0.6545454545454545,0.9290122793058213,2.777746715124398,0.0
3.0,-2.0,0.0,1.0,60.0,3600.0,14.999999999999998,0.6521739130434783,15.0,0.6521739130434783,15.0,0.6545454545454545,0.6545454545454545,0.6545454545454545,0.6555454545454545,0.6573881856211251,0.6545454545454545,0.9290122793058213,2.787036837917456,0.0
3.0100000000000002,-1.9899999999999998,0.0,1.0,60.0,3600.0,14.999999999999998,0.6521739130434783,15.0,0.6521739130434783,15.0,0.6545454545454545,0.6545454545454545,0.6545454545454545,0.6555454545454545,0.6573876880557213,0.6545454545454545,0.9290122793058213,2.7963269607105143,0.0
3.02,-1.98,0.0,1.0,60.0,3600.0,14.999999999999998,0.6521739130434783,15.0,0.6521739130434783,15.0,0.6545454545454545,0.6545454545454545,0.6545454545454545,0.6555454545454545,0.6573872026088975,0.6545454545454545,0.9290122793058213,2.8056170835035723,0.0
3.0300000000000002,-1.9699999999999998,0.0,1.0,60.0,3600.0,14.999999999999998,0.6521739130434783,15.0,0.6521739130434783,15.0,0.6545454545454545,0.6545454545454545,0.6545454545454545,0.6555454545454545,0.6573871522589483,0.6545454545454545,0.9290122793058213,2.8149072062966307,0.0
3.04,-1.96,0.0,1.0,60.0,3600.0,14.999999999999998,0.6521739130434783,15.0,0.6521739130434783,15.0,0.6545454545454545,0.6545454545454545,0.6545454545454545,0.6555454545454545,0.657387606051604,0.6545454545454545,0.9290122793058213,2.8241973290896887,0.0
3.0500000000000003,-1.9499999999999997,0.0,1.0,60.0,3600.0,14.999999999999998,0.6521739130434783,15.0,0.6521739130434783,15.0,0.6545454545454545,0.6545454545454545,0.6545454545454545,0.6555454545454545,0.6573880035428075,0.6545454545454545,0.9290122793058213,2.833487451882747,0.0
3.06,-1.94,0.0,1.0,60.0,3600.0,14.999999999999998,0.6521739130434783,15.0,0.6521739130434783,15.0,0.6545454545454545,0.6545454545454545,0.6545454545454545,0.6555454545454545,0.65738811546421,0.6545454545454545,0.9290122793058213,2.842777574675805,0.0
3.0700000000000003,-1.9299999999999997,0.0,1.0,60.0,3600.0,14.999999999999998,0.6521739130434783,15.0,0.6521739130434783,15.0,0.6545454545454545,0.6545454545454545,0.6545454545454545,0.6555454545454545,0.6573879070012547,0.6545454545454545,0.9290122793058213,2.8520676974688635,0.0
3.08,-1.92,0.0,1.0,60.0,3600.0,14.999999999999998,0.6521739130434783,15.0,0.6521739130434783,15.0,0.6545454545454545,0.6545454545454545,0.6545454545454545,0.6555454545454545,0.657387537745916,0.6545454545454545,0.9290122793058213,2.8613578202619214,0.0
3.09,-1.9100000000000001,0.0,1.0,60.0,3600.0,14.999999999999998,0.6521739130434783,15.0,0.6521739130434783,15.0,0.6545454545454545,0.6545454545454545,0.6545454545454545,0.6555454545454545,0.6573873616966994,0.6545454545454545,0.9290122793058213,2.8706479430549794,0.0
3.1,-1.9,0.0,1.0,60.0,3600.0,14.999999999999998,0.6521739130434783,15.0,0.6521739130434783,15.0,0.6545454545454545,0.6545454545454545,0.6545454545454545,0.6555454545454545,0.6573876354585004,0.6545454545454545,0.9290122793058213,2.879938065848038,0.0
3.11,-1.8900000000000001,0.0,1.0,60.0,3600.0,14.999999999999998,0.6521739130434783,15.0,0.6521739130434783,15.0,0.6545454545454545,0.6545454545454545,0.6545454545454545,0.6555454545454545,0.6573879248796438,0.6545454545454545,0.9290122793058213,2.8892281886410958,0.0
3.12,-1.88,0.0,1.0,60.0,3600.0,14.999999999999998,0.6521739130434783,15.0,0.6521739130434783,15.0,0.6545454545454545,0.6545454545454545,0.6545454545454545,0.6555454545454545,0.6573880411224274,0.6545454545454545,0.9290122793058213,2.898518311434154,0.0
3.13,-1.87,0.0,1.0,60.0,3600.0,14.999999999999998,0.6521739130434783,15.0,0.6521739130434783,15.0,0.6545454545454545,0.6545454545454545,0.6545454545454545,0.6555454545454545,0.6573879366839069,0.6545454545454545,0.9290122793058213,2.907808434227212,0.0
3.14,-1.8599999999999999,0.0,1.0,60.0,3600.0,14.999999999999998,0.6521739130434783,15.0,0.6521739130434783,15.0,0.6545454545454545,0.6545454545454545,0.6545454545454545,0.6555454545454545,0.6573876946235547,0.6545454545454545,0.9290122793058213,2.9170985570202705,0.0
3.15,-1.85,0.0,1.0,60.0,3600.0,14.999999999999998,0.6521739130434783,15.0,0.6521739130434783,15.0,0.6545454545454545,0.6545454545454545,0.6545454545454545,0.6555454545454545,0.6573875285632599,0.6545454545454545,0.9290122793058213,2.9263886798133285,0.0
3.16,-1.8399999999999999,0.0,1.0,60.0,3600.0,14.999999999999998,0.6521739130434783,15.0,0.6521739130434783,15.0,0.6545454545454545,0.6545454545454545,0.6545454545454545,0.6555454545454545,0.6573876947877179,0.6545454545454545,0.9290122793058213,2.935678802606387,0.0
3.17,-1.83,0.0,1.0,60.0,3600.0,14.999999999999998,0.6521739130434783,15.0,0.6521739130434783,15.0,0.6545454545454545,0.6545454545454545,0.6545454545454545,0.6555454545454545,0.6573879766644258,0.6545454545454545,0.9290122793058213,2.944968925399445,0.0
3.18,-1.8199999999999998,0.0,1.0,60.0,3600.0,14.999999999999998,0.6521739130434783,15.0,0.6521739130434783,15.0,0.6545454545454545,0.6545454545454545,0.6545454545454545,0.6555454545454545,0.6573881472641467,0.6545454545454545,0.9290122793058213,2.9542590481925033,0.0
3.19,-1.81,0.0,1.0,60.0,3600.0,14.999999999999998,0.6521739130434783,15.0,0.6521739130434783,15.0,0.6545454545454545,0.6545454545454545,0.6545454545454545,0.6555454545454545,0.6573881078277292,0.6545454545454545,0.9290122793058213,2.9635491709855613,0.0
3.2,-1.7999999999999998,0.0,1.0,60.0,3600.0,14.999999999999998,0.6521739130434783,15.0,0.6521739130434783,15.0,0.6545454545454545,0.6545454545454545,0.6545454545454545,0.6555454545454545,0.6573878737663363,0.6545454545454545,0.9290122793058213,2.9728392937786197,0.0
3.21,-1.79,0.0,1.0,60.0,3600.0,14.999999999999998,0.6521739130434783,15.0,0.6521739130434783,15.0,0.6545454545454545,0.6545454545454545,0.6545454545454545,0.6555454545454545,0.6573875746614464,0.6545454545454545,0.9290122793058213,2.9821294165716776,0.0
3.22,-1.7799999999999998,0.0,1.0,60.0,3600.0,14.999999999999998,0.6521739130434783,15.0,0.6521739130434783,15.0,0.6545454545454545,0.6545454545454545,0.6545454545454545,0.6555454545454545,0.6573874542648523,0.6545454545454545,0.9290122793058213,2.991419539364736,0.0
3.23,-1.77,0.0,1.0,60.0,3600.0,14.999999999999998,0.6521739130434783,15.0,0.6521739130434783,15.0,0.6545454545454545,0.6545454545454545,0.6545454545454545,0.6555454545454545,0.6573877492248676,0.6545454545454545,0.9290122793058213,3.000709662157794,0.0
3.24,-1.7599999999999998,0.0,1.0,60.0,3600.0,14.999999999999998,0.6521739130434783,15.0,0.6521739130434783,15.0,0.6545454545454545,0.6545454545454545,0.6545454545454545,0.6555454545454545,0.6573881764100199,0.6545454545454545,0.9290122793058213,3.0099997849508524,0.0
3.25,-1.75,0.0,1.0,60.0,3600.0,14.999999999999998,0.6521739130434783,15.0,0.6521739130434783,15.0,0.6545454545454545,0.6545454545454545,0.6545454545454545,0.6555454545454545,0.6573884224157366,0.6545454545454545,0.9290122793058213,3.0192899077439104,0.0
3.2600000000000002,-1.7399999999999998,0.0,1.0,60.0,3600.0,14.999999999999998,0.6521739130434783,15.0,0.6521739130434783,15.0,0.6545454545454545,0.6545454545454545,0.6545454545454545,0.6555454545454545,0.657388339423854,0.6545454545454545,0.9290122793058213,3.028580030536969,0.0
3.27,-1.73,0.0,1.0,60.0,3600.0,14.999999999999998,0.6521739130434783,15.0,0.6521739130434783,15.0,0.6545454545454545,0.6545454545454545,0.6545454545454545,0.6555454545454545,0.6573879437011879,0.6545454545454545,0.9290122793058213,3.0378701533300267,0.0
3.2800000000000002,-1.7199999999999998,0.0,1.0,60.0,3600.0,14.999999999999998,0.6521739130434783,15.0,0.6521739130434783,15.0,0.6545454545454545,0.6545454545454545,0.6545454545454545,0.6555454545454545,0.6573874155995342,0.6545454545454545,0.9290122793058213,3.047160276123085,0.0
3.29,-1.71,0.0,1.0,60.0,3600.0,14.999999999999998,0.6521739130434783,15.0,0.6521739130434783,15.0,0.6545454545454545,0.6545454545454545,0.6545454545454545,0.6555454545454545,0.6573870995556681,0.6545454545454545,0.9290122793058213,3.056450398916143,0.0
3.3000000000000003,-1.6999999999999997,0.0,1.0,60.0,3600.0,14.999999999999998,0.6521739130434783,15.0,0.6521739130434783,15.0,0.6545454545454545,0.6545454545454545,0.6545454545454545,0.6555454545454545,0.6573873868721538,0.6545454545454545,0.9290122793058213,3.0657405217092015,0.0
3.31,-1.69,0.0,1.0,60.0,3600.0,14.999999999999998,0.6521739130434783,15.0,0.6521739130434783,15.0,0.6545454545454545,0.6545454545454545,0.6545454545454545,0.6555454545454545,0.6573878487832148,0.6545454545454545,0.9290122793058213,3.0750306445022595,0.0
3.3200000000000003,-1.6799999999999997,0.0,1.0,60.0,3600.0,14.999999999999998,0.6521739130434783,15.0,0.6521739130434783,15.0,0.6545454545454545,0.6545454545454545,0.6545454545454545,0.6555454545454545,0.6573881105010906,0.6545454545454545,0.9290122793058213,3.084320767295318,0.0
3.33,-1.67,0.0,1.0,60.0,3600.0,14.999999999999998,0.6521739130434783,15.0,0.6521739130434783,15.0,0.6545454545454545,0.6545454545454545,0.6545454545454545,0.6555454545454545,0.6573880449701024,0.6545454545454545,0.9290122793058213,3.093610890088376,0.0
3.34,-1.6600000000000001,0.0,1.0,60.0,3600.0,14.999999999999998,0.6521739130434783,15.0,0.6521739130434783,15.0,0.6545454545454545,0.6545454545454545,0.6545454545454545,0.6555454545454545,0.6573877185124776,0.6545454545454545,0.9290122793058213,3.102901012881434,0.0
3.35,-1.65,0.0,1.0,60.0,3600.0,14.999999999999998,0.6521739130434783,15.0,0.6521739130434783,15.0,0.6545454545454545,0.6545454545454545,0.6545454545454545,0.6555454545454545,0.6573873908283496,0.6545454545454545,0.9290122793058213,3.1121911356744922,0.0
3.36,-1.6400000000000001,0.0,1.0,60.0,3600.0,14.999999999999998,0.6521739130434783,15.0,0.6521739130434783,15.0,0.6545454545454545,0.6545454545454545,0.6545454545454545,0.6555454545454545,0.6573874785909466,0.6545454545454545,0.9290122793058213,3.12148125846755,0.0
3.37,-1.63,0.0,1.0,60.0,3600.0,14.999999999999998,0.6521739130434783,15.0,0.6521739130434783,15.0,0.6545454545454545,0.6545454545454545,0.6545454545454545,0.6555454545454545,0.6573877997606292,0.6545454545454545,0.9290122793058213,3.1307713812606086,0.0
3.38,-1.62,0.0,1.0,60.0,3600.0,14.999999999999998,0.6521739130434783,15.0,0.6521739130434783,15.0,0.6545454545454545,0.6545454545454545,0.6545454545454545,0.6555454545454545,0.657388017997196,0.6545454545454545,0.9290122793058213,3.1400615040536666,0.0
3.39,-1.6099999999999999,0.0,1.0,60.0,3600.0,14.999999999999998,0.6521739130434783,15.0,0.6521739130434783,15.0,0.6545454545454545,0.6545454545454545,0.6545454545454545,0.6555454545454545,0.6573880194539788,0.6545454545454545,0.9290122793058213,3.149351626846725,0.0
3.4,-1.6,0.0,1.0,60.0,3600.0,14.999999999999998,0.6521739130434783,15.0,0.6521739130434783,15.0,0.6545454545454545,0.6545454545454545,0.6545454545454545,0.6555454545454545,0.6573878225115827,0.6545454545454545,0.9290122793058213,3.158641749639783,0.0
3.41,-1.5899999999999999,0.0,1.0,60.0,3600.0,14.999999999999998,0.6521739130434783,15.0,0.6521739130434783,15.0,0.6545454545454545,0.6545454545454545,0.6545454545454545,0.6555454545454545,0.6573875777778855,0.6545454545454545,0.9290122793058213,3.1679318724328414,0.0
3.42,-1.58,0.0,1.0,60.0,3600.0,14.999999999999998,0.6521739130434783,15.0,0.6521739130434783,15.0,0.6545454545454545,0.6545454545454545,0.6545454545454545,0.6555454545454545,0.6573875660102415,0.6545454545454545,0.9290122793058213,3.1772219952258993,0.0
3.43,-1.5699999999999998,0.0,1.0,60.0,3600.0,14.999999999999998,0.6521739130434783,15.0,0.6521739130434783,15.0,0.6545454545454545,0.6545454545454545,0.6545454545454545,0.6555454545454545,0.657387835172476,0.6545454545454545,0.9290122793058213,3.1865121180189577,0.0
3.44,-1.56,0.0,1.0,60.0,3600.0,14.999999999999998,0.6521739130434783,15.0,0.6521739130434783,15.0,0.6545454545454545,0.6545454545454545,0.6545454545454545,0.6555454545454545,0.6573880857527854,0.6545454545454545,0.9290122793058213,3.1958022408120157,0.0
3.45,-1.5499999999999998,0.0,1.0,60.0,3600.0,14.999999999999998,0.6521739130434783,15.0,0.6521739130434783,15.0,0.6545454545454545,0.6545454545454545,0.6545454545454545,0.6555454545454545,0.6573881587272687,0.6545454545454545,0.9290122793058213,3.205092363605074,0.0
3.46,-1.54,0.0,1.0,60.0,3600.0,14.999999999999998,0.6521739130434783,15.0,0.6521739130434783,15.0,0.6545454545454545,0.6545454545454545,0.6545454545454545,0.6555454545454545,0.6573880113935445,0.6545454545454545,0.9290122793058213,3.214382486398132,0.0
3.47,-1.5299999999999998,0.0,1.0,60.0,3600.0,14.999999999999998,0.6521739130434783,15.0,0.6521739130434783,15.0,0.6545454545454545,0.6545454545454545,0.6545454545454545,0.6555454545454545,0.6573877173707513,0.6545454545454545,0.9290122793058213,3.2236726091911905,0.0
3.48,-1.52,0.0,1.0,60.0,3600.0,14.999999999999998,0.6521739130434783,15.0,0.6521739130434783,15.0,0.6545454545454545,0.6545454545454545,0.6545454545454545,0.6555454545454545,0.6573874665995476,0.6545454545454545,0.9290122793058213,3.2329627319842484,0.0
3.49,-1.5099999999999998,0.0,1.0,60.0,3600.0,14.999999999999998,0.6521739130434783,15.0,0.6521739130434783,15.0,0.6545454545454545,0.6545454545454545,0.6545454545454545,0.6555454545454545,0.6573875547635201,0.6545454545454545,0.9290122793058213,3.242252854777307,0.0
3.5,-1.5,0.0,1.0,60.0,3600.0,14.999999999999998,0.6521739130434783,15.0,0.6521739130434783,15.0,0.6545454545454545,0.6545454545454545,0.6545454545454545,0.6555454545454545,0.6573879661401926,0.6545454545454545,0.9290122793058213,3.251542977570365,0.0
3.5100000000000002,-1.4899999999999998,0.0,1.0,60.0,3600.0,14.999999999999998,0.6521739130434783,15.0,0.6521739130434783,15.0,0.6545454545454545,0.6545454545454545,0.6545454545454545,0.6555454545454545,0.6573883285277351,0.6545454545454545,0.9290122793058213,3.260833100363423,0.0
3.52,-1.48,0.0,1.0,60.0,3600.0,14.999999999999998,0.6521739130434783,15.0,0.6521739130434783,15.0,0.6545454545454545,0.6545454545454545,0.6545454545454545,0.6555454545454545,0.6573884142661143,0.6545454545454545,0.9290122793058213,3.270123223156481,0.0
3.5300000000000002,-1.4699999999999998,0.0,1.0,60.0,3600.0,14.999999999999998,0.6521739130434783,15.0,0.6521739130434783,15.0,0.6545454545454545,0.6545454545454545,0.6545454545454545,0.6555454545454545,0.6573881602084604,0.6545454545454545,0.9290122793058213,3.2794133459495396,0.0
3.54,-1.46,0.0,1.0,60.0,3600.0,14.999999999999998,0.6521739130434783,15.0,0.6521739130434783,15.0,0.6545454545454545,0.6545454545454545,0.6545454545454545,0.6555454545454545,0.6573876677210664,0.6545454545454545,0.9290122793058213,3.2887034687425976,0.0
3.5500000000000003,-1.4499999999999997,0.0,1.0,60.0,3600.0,14.999999999999998,0.6521739130434783,15.0,0.6521739130434783,15.0,0.6545454545454545,0.6545454545454545,0.6545454545454545,0.6555454545454545,0.657387202683389,0.6545454545454545,0.9290122793058213,3.297993591535656,0.0
3.56,-1.44,0.0,1.0,60.0,3600.0,14.999999999999998,0.6521739130434783,15.0,0.6521739130434783,15.0,0.6545454545454545,0.6545454545454545,0.6545454545454545,0.6555454545454545,0.6573871949399228,0.6545454545454545,0.9290122793058213,3.307283714328714,0.0
3.5700000000000003,-1.4299999999999997,0.0,1.0,60.0,3600.0,14.999999999999998,0.6521739130434783,15.0,0.6521739130434783,15.0,0.6545454545454545,0.6545454545454545,0.6545454545454545,0.6555454545454545,0.6573877671686239,0.6545454545454545,0.9290122793058213,3.3165738371217723,0.0
3.58,-1.42,0.0,1.0,60.0,3600.0,14.999999999999998,0.6521739130434783,15.0,0.6521739130434783,15.0,0.6545454545454545,0.6545454545454545,0.6545454545454545,0.6555454545454545,0.6573883387427312,0.6545454545454545,0.9290122793058213,3.3258639599148303,0.0
3.59,-1.4100000000000001,0.0,1.0,60.0,3600.0,14.999999999999998,0.6521739130434783,15.0,0.6521739130434783,15.0,0.6545454545454545,0.6545454545454545,0.6545454545454545,0.6555454545454545,0.6573885376874398,0.6545454545454545,0.9290122793058213,3.3351540827078883,0.0
3.6,-1.4,0.0,1.0,60.0,3600.0,14.999999999999998,0.6521739130434783,15.0,0.6521739130434783,15.0,0.6545454545454545,0.6545454545454545,0.6545454545454545,0.6555454545454545,0.6573882458163215,0.6545454545454545,0.9290122793058213,3.3444442055009467,0.0
3.61,-1.3900000000000001,0.0,1.0,60.0,3600.0,14.999999999999998,0.6521739130434783,15.0,0.6521739130434783,15.0,0.6545454545454545,0.6545454545454545,0.6545454545454545,0.6555454545454545,0.6573875987313249,0.6545454545454545,0.9290122793058213,3.3537343282940046,0.0
3.62,-1.38,0.0,1.0,60.0,3600.0,14.999999999999998,0.6521739130434783,15.0,0.6521739130434783,15.0,0.6545454545454545,0.6545454545454545,0.6545454545454545,0.6555454545454545,0.6573869858227755,0.6545454545454545,0.9290122793058213,3.363024451087063,0.0
3.63,-1.37,0.0,1.0,60.0,3600.0,14.999999999999998,0.6521739130434783,15.0,0.6521739130434783,15.0,0.6545454545454545,0.6545454545454545,0.6545454545454545,0.6555454545454545,0.6573870384365728,0.6545454545454545,0.9290122793058213,3.372314573880121,0.0
3.64,-1.3599999999999999,0.0,1.0,60.0,3600.0,14.999999999999998,0.6521739130434783,15.0,0.6521739130434783,15.0,0.6545454545454545,0.6545454545454545,0.6545454545454545,0.6555454545454545,0.6573876391234929,0.6545454545454545,0.9290122793058213,3.3816046966731794,0.0
3.65,-1.35,0.0,1.0,60.0,3600.0,14.999999999999998,0.6521739130434783,15.0,0.6521739130434783,15.0,0.6545454545454545,0.6545454545454545,0.6545454545454545,0.6555454545454545,0.657388106752444,0.6545454545454545,0.9290122793058213,3.3908948194662374,0.0
3.66,-1.3399999999999999,0.0,1.0,60.0,3600.0,14.999999999999998,0.6521739130434783,15.0,0.6521739130434783,15.0,0.6545454545454545,0.6545454545454545,0.6545454545454545,0.6555454545454545,0.6573881825684361,0.6545454545454545,0.9290122793058213,3.400184942259296,0.0
3.67,-1.33,0.0,1.0,60.0,3600.0,14.999999999999998,0.6521739130434783,15.0,0.6521739130434783,15.0,0.6545454545454545,0.6545454545454545,0.6545454545454545,0.6555454545454545,0.6573878579267382,0.6545454545454545,0.9290122793058213,3.4094750650523538,0.0
3.68,-1.3199999999999998,0.0,1.0,60.0,3600.0,14.999999999999998,0.6521739130434783,15.0,0.6521739130434783,15.0,0.6545454545454545,0.6545454545454545,0.6545454545454545,0.6555454545454545,0.6573873742928777,0.6545454545454545,0.9290122793058213,3.418765187845412,0.0
3.69,-1.31,0.0,1.0,60.0,3600.0,14.999999999999998,0.6521739130434783,15.0,0.6521739130434783,15.0,0.6545454545454545,0.6545454545454545,0.6545454545454545,0.6555454545454545,0.6573872232426419,0.6545454545454545,0.9290122793058213,3.42805531063847,0.0
3.7,-1.2999999999999998,0.0,1.0,60.0,3600.0,14.999999999999998,0.6521739130434783,15.0,0.6521739130434783,15.0,0.6545454545454545,0.6545454545454545,0.6545454545454545,0.6555454545454545,0.657387596778732,0.6545454545454545,0.9290122793058213,3.4373454334315285,0.0
3.71,-1.29,0.0,1.0,60.0,3600.0,14.999999999999998,0.6521739130434783,15.0,0.6521739130434783,15.0,0.6545454545454545,0.6545454545454545,0.6545454545454545,0.6555454545454545,0.657387924736826,0.6545454545454545,0.9290122793058213,3.4466355562245865,0.0
3.72,-1.2799999999999998,0.0,1.0,60.0,3600.0,14.999999999999998,0.6521739130434783,15.0,0.6521739130434783,15.0,0.6545454545454545,0.6545454545454545,0.6545454545454545,0.6555454545454545,0.6573880235045094,0.6545454545454545,0.9290122793058213,3.455925679017645,0.0
3.73,-1.27,0.0,1.0,60.0,3600.0,14.999999999999998,0.6521739130434783,15.0,0.6521739130434783,15.0,0.6545454545454545,0.6545454545454545,0.6545454545454545,0.6555454545454545,0.6573878698848756,0.6545454545454545,0.9290122793058213,3.465215801810703,0.0
3.74,-1.2599999999999998,0.0,1.0,60.0,3600.0,14.999999999999998,0.6521739130434783,15.0,0.6521739130434783,15.0,0.6545454545454545,0.6545454545454545,0.6545454545454545,0.6555454545454545,0.6573875990284301,0.6545454545454545,0.9290122793058213,3.4745059246037613,0.0
3.75,-1.25,0.0,1.0,60.0,3600.0,14.999999999999998,0.6521739130434783,15.0,0.6521739130434783,15.0,0.6545454545454545,0.6545454545454545,0.6545454545454545,0.6555454545454545,0.6573875044330908,0.6545454545454545,0.9290122793058213,3.4837960473968193,0.0
3.7600000000000002,-1.2399999999999998,0.0,1.0,60.0,3600.0,14.999999999999998,0.6521739130434783,15.0,0.6521739130434783,15.0,0.6545454545454545,0.6545454545454545,0.6545454545454545,0.6555454545454545,0.6573877455985767,0.6545454545454545,0.9290122793058213,3.4930861701898777,0.0
3.77,-1.23,0.0,1.0,60.0,3600.0,14.999999999999998,0.6521739130434783,15.0,0.6521739130434783,15.0,0.6545454545454545,0.6545454545454545,0.6545454545454545,0.6555454545454545,0.6573879900853052,0.6545454545454545,0.9290122793058213,3.5023762929829356,0.0
3.7800000000000002,-1.2199999999999998,0.0,1.0,60.0,3600.0,14.999999999999998,0.6521739130434783,15.0,0.6521739130434783,15.0,0.6545454545454545,0.6545454545454545,0.6545454545454545,0.6555454545454545,0.6573880806425896,0.6545454545454545,0.9290122793058213,3.511666415775994,0.0
3.79,-1.21,0.0,1.0,60.0,3600.0,14.999999999999998,0.6521739130434783,15.0,0.6521739130434783,15.0,0.6545454545454545,0.6545454545454545,0.6545454545454545,0.6555454545454545,0.6573879724793625,0.6545454545454545,0.9290122793058213,3.520956538569052,0.0
3.8000000000000003,-1.1999999999999997,0.0,1.0,60.0,3600.0,14.999999999999998,0.6521739130434783,15.0,0.6521739130434783,15.0,0.6545454545454545,0.6545454545454545,0.6545454545454545,0.6555454545454545,0.6573877320242467,0.6545454545454545,0.9290122793058213,3.5302466613621104,0.0
3.81,-1.19,0.0,1.0,60.0,3600.0,14.999999999999998,0.6521739130434783,15.0,0.6521739130434783,15.0,0.6545454545454545,0.6545454545454545,0.6545454545454545,0.6555454545454545,0.6573875369255552,0.6545454545454545,0.9290122793058213,3.5395367841551684,0.0
3.8200000000000003,-1.1799999999999997,0.0,1.0,60.0,3600.0,14.999999999999998,0.6521739130434783,15.0,0.6521739130434783,15.0,0.6545454545454545,0.6545454545454545,0.6545454545454545,0.6555454545454545,0.6573876502127187,0.6545454545454545,0.9290122793058213,3.548826906948227,0.0
3.83,-1.17,0.0,1.0,60.0,3600.0,14.999999999999998,0.6521739130434783,15.0,0.6521739130434783,15.0,0.6545454545454545,0.6545454545454545,0.6545454545454545,0.6555454545454545,0.6573879837620605,0.6545454545454545,0.9290122793058213,3.5581170297412847,0.0
3.84,-1.1600000000000001,0.0,1.0,60.0,3600.0,14.999999999999998,0.6521739130434783,15.0,0.6521739130434783,15.0,0.6545454545454545,0.6545454545454545,0.6545454545454545,0.6555454545454545,0.6573882447282828,0.6545454545454545,0.9290122793058213,3.5674071525343427,0.0
3.85,-1.15,0.0,1.0,60.0,3600.0,14.999999999999998,0.6521739130434783,15.0,0.6521739130434783,15.0,0.6545454545454545,0.6545454545454545,0.6545454545454545,0.6555454545454545,0.657388273173474,0.6545454545454545,0.9290122793058213,3.576697275327401,0.0
3.86,-1.1400000000000001,0.0,1.0,60.0,3600.0,14.999999999999998,0.6521739130434783,15.0,0.6521739130434783,15.0,0.6545454545454545,0.6545454545454545,0.6545454545454545,0.6555454545454545,0.6573880395949039,0.6545454545454545,0.9290122793058213,3.585987398120459,0.0
3.87,-1.13,0.0,1.0,60.0,3600.0,14.999999999999998,0.6521739130434783,15.0,0.6521739130434783,15.0,0.6545454545454545,0.6545454545454545,0.6545454545454545,0.6555454545454545,0.6573876449250239,0.6545454545454545,0.9290122793058213,3.5952775209135175,0.0
3.88,-1.12,0.0,1.0,60.0,3600.0,14.999999999999998,0.6521739130434783,15.0,0.6521739130434783,15.0,0.6545454545454545,0.6545454545454545,0.6545454545454545,0.6555454545454545,0.6573873205314675,0.6545454545454545,0.9290122793058213,3.6045676437065755,0.0
3.89,-1.1099999999999999,0.0,1.0,60.0,3600.0,14.999999999999998,0.6521739130434783,15.0,0.6521739130434783,15.0,0.6545454545454545,0.6545454545454545,0.6545454545454545,0.6555454545454545,0.6573874206869381,0.6545454545454545,0.9290122793058213,3.613857766499634,0.0
3.9,-1.1,0.0,1.0,60.0,3600.0,14.999999999999998,0.6521739130434783,15.0,0.6521739130434783,15.0,0.6545454545454545,0.6545454545454545,0.6545454545454545,0.6555454545454545,0.6573879585188123,0.6545454545454545,0.9290122793058213,3.623147889292692,0.0
3.91,-1.0899999999999999,0.0,1.0,60.0,3600.0,14.999999999999998,0.6521739130434783,15.0,0.6521739130434783,15.0,0.6545454545454545,0.6545454545454545,0.6545454545454545,0.6555454545454545,0.657388448843007,0.6545454545454545,0.9290122793058213,3.6324380120857502,0.0
3.92,-1.08,0.0,1.0,60.0,3600.0,14.999999999999998,0.6521739130434783,15.0,0.6521739130434783,15.0,0.6545454545454545,0.6545454545454545,0.6545454545454545,0.6555454545454545,0.6573885807791844,0.6545454545454545,0.9290122793058213,3.641728134878808,0.0
3.93,-1.0699999999999998,0.0,1.0,60.0,3600.0,14.999999999999998,0.6521739130434783,15.0,0.6521739130434783,15.0,0.6545454545454545,0.6545454545454545,0.6545454545454545,0.6555454545454545,0.6573882625089436,0.6545454545454545,0.9290122793058213,3.6510182576718666,0.0
3.94,-1.06,0.0,1.0,60.0,3600.0,14.999999999999998,0.6521739130434783,15.0,0.6521739130434783,15.0,0.6545454545454545,0.6545454545454545,0.6545454545454545,0.6555454545454545,0.6573876212758205,0.6545454545454545,0.9290122793058213,3.6603083804649246,0.0
3.95,-1.0499999999999998,0.0,1.0,60.0,3600.0,14.999999999999998,0.6521739130434783,15.0,0.6521739130434783,15.0,0.6545454545454545,0.6545454545454545,0.6545454545454545,0.6555454545454545,0.6573870033852877,0.6545454545454545,0.9290122793058213,3.669598503257983,0.0
3.96,-1.04,0.0,1.0,60.0,3600.0,14.999999999999998,0.6521739130434783,15.0,0.6521739130434783,15.0,0.6545454545454545,0.6545454545454545,0.6545454545454545,0.6555454545454545,0.6573869737390974,0.6545454545454545,0.9290122793058213,3.678888626051041,0.0
3.97,-1.0299999999999998,0.0,1.0,60.0,3600.0,14.999999999999998,0.6521739130434783,15.0,0.6521739130434783,15.0,0.6545454545454545,0.6545454545454545,0.6545454545454545,0.6555454545454545,0.6573876225782193,0.6545454545454545,0.9290122793058213,3.6881787488440994,0.0
3.98,-1.02,0.0,1.0,60.0,3600.0,14.999999999999998,0.6521739130434783,15.0,0.6521739130434783,15.0,0.6545454545454545,0.6545454545454545,0.6545454545454545,0.6555454545454545,0.6573882183266685,0.6545454545454545,0.9290122793058213,3.6974688716371573,0.0
3.99,-1.0099999999999998,0.0,1.0,60.0,3600.0,14.999999999999998,0.6521739130434783,15.0,0.6521739130434783,15.0,0.6545454545454545,0.6545454545454545,0.6545454545454545,0.6555454545454545,0.6573883933923425,0.6545454545454545,0.9290122793058213,3.7067589944302157,0.0
4.0,-1.0,0.0,1.0,60.0,3600.0,14.999999999999998,0.6521739130434783,15.0,0.6521739130434783,15.0,0.6545454545454545,0.6545454545454545,0.6545454545454545,0.6555454545454545,0.6573880644322255,0.6545454545454545,0.9290122793058213,3.7160491172232737,0.0
4.01,-0.9900000000000002,0.0,1.0,60.0,3600.0,14.999999999999998,0.6521739130434783,15.0,0.6521739130434783,15.0,0.6545454545454545,0.6545454545454545,0.6545454545454545,0.6555454545454545,0.6573874323523893,0.6545454545454545,0.9290122793058213,3.7253392400163317,7.105427357601002e-15
4.0200000000000005,-0.9799999999999995,0.0,1.0,60.0,3600.0,14.999999999999998,0.6521739130434783,15.0,0.6521739130434783,15.0,0.6545454545454545,0.6545454545454545,0.6545454545454545,0.6555454545454545,0.6573869823079922,0.6545454545454545,0.9290122793058213,3.7346293628093905,-7.105427357601002e-15
4.03,-0.9699999999999998,0.0,1.0,60.0,3600.0,14.999999999999998,0.6521739130434783,15.0,0.6521739130434783,15.0,0.6545454545454545,0.6545454545454545,0.6545454545454545,0.6555454545454545,0.6573872943313296,0.6545454545454545,0.9290122793058213,3.7439194856024485,0.0
4.04,-0.96,0.0,1.0,60.0,3600.0,14.999999999999998,0.6521739130434783,15.0,0.6521739130434783,15.0,0.6545454545454545,0.6545454545454545,0.6545454545454545,0.6555454545454545,0.6573877798123002,0.6545454545454545,0.9290122793058213,3.7532096083955064,0.0
4.05,-0.9500000000000002,0.0,1.0,60.0,3600.0,14.999999999999998,0.6521739130434783,15.0,0.6521739130434783,15.0,0.6545454545454545,0.6545454545454545,0.6545454545454545,0.6555454545454545,0.6573880367326472,0.6545454545454545,0.9290122793058213,3.7624997311885644,7.105427357601002e-15
4.0600000000000005,-0.9399999999999995,0.0,1.0,60.0,3600.0,14.999999999999998,0.6521739130434783,15.0,0.6521739130434783,15.0,0.6545454545454545,0.6545454545454545,0.6545454545454545,0.6555454545454545,0.6573879594802723,0.6545454545454545,0.9290122793058213,3.7717898539816233,-7.105427357601002e-15
4.07,-0.9299999999999997,0.0,1.0,60.0,3600.0,14.999999999999998,0.6521739130434783,15.0,0.6521739130434783,15.0,0.6545454545454545,0.6545454545454545,0.6545454545454545,0.6555454545454545,0.6573876456658492,0.6545454545454545,0.9290122793058213,3.781079976774681,0.0
4.08,-0.9199999999999999,0.0,1.0,60.0,3600.0,14.999999999999998,0.6521739130434783,15.0,0.6521739130434783,15.0,0.6545454545454545,0.6545454545454545,0.6545454545454545,0.6555454545454545,0.6573873961228226,0.6545454545454545,0.9290122793058213,3.790370099567739,0.0
4.09,-0.9100000000000001,0.0,1.0,60.0,3600.0,14.999999999999998,0.6521739130434783,15.0,0.6521739130434783,15.0,0.6545454545454545,0.6545454545454545,0.6545454545454545,0.6555454545454545,0.6573875810638519,0.6545454545454545,0.9290122793058213,3.799660222360797,0.0
4.1,-0.9000000000000004,0.0,1.0,60.0,3600.0,14.999999999999998,0.6521739130434783,15.0,0.6521739130434783,15.0,0.6545454545454545,0.6545454545454545,0.6545454545454545,0.6555454545454545,0.6573878660646012,0.6545454545454545,0.9290122793058213,3.808950345153855,7.105427357601002e-15
4.11,-0.8899999999999997,0.0,1.0,60.0,3600.0,14.999999999999998,0.6521739130434783,15.0,0.6521739130434783,15.0,0.6545454545454545,0.6545454545454545,0.6545454545454545,0.6555454545454545,0.6573880173660959,0.6545454545454545,0.9290122793058213,3.818240467946914,-7.105427357601002e-15
4.12,-0.8799999999999999,0.0,1.0,60.0,3600.0,14.999999999999998,0.6521739130434783,15.0,0.6521739130434783,15.0,0.6545454545454545,0.6545454545454545,0.6545454545454545,0.6555454545454545,0.6573879649158924,0.6545454545454545,0.9290122793058213,3.827530590739972,0.0
4.13,-0.8700000000000001,0.0,1.0,60.0,3600.0,14.999999999999998,0.6521739130434783,15.0,0.6521739130434783,15.0,0.6545454545454545,0.6545454545454545,0.6545454545454545,0.6555454545454545,0.6573877592339737,0.6545454545454545,0.9290122793058213,3.83682071353303,0.0
4.14,-0.8600000000000003,0.0,1.0,60.0,3600.0,14.999999999999998,0.6521739130434783,15.0,0.6521739130434783,15.0,0.6545454545454545,0.6545454545454545,0.6545454545454545,0.6555454545454545,0.6573875714127496,0.6545454545454545,0.9290122793058213,3.846110836326088,7.105427357601002e-15
4.15,-0.8499999999999996,0.0,1.0,60.0,3600.0,14.999999999999998,0.6521739130434783,15.0,0.6521739130434783,15.0,0.6545454545454545,0.6545454545454545,0.6545454545454545,0.6555454545454545,0.6573876629955981,0.6545454545454545,0.9290122793058213,3.8554009591191467,-7.105427357601002e-15
4.16,-0.8399999999999999,0.0,1.0,60.0,3600.0,14.999999999999998,0.6521739130434783,15.0,0.6521739130434783,15.0,0.6545454545454545,0.6545454545454545,0.6545454545454545,0.6555454545454545,0.6573879325920949,0.6545454545454545,0.9290122793058213,3.8646910819122047,0.0
4.17,-0.8300000000000001,0.0,1.0,60.0,3600.0,14.999999999999998,0.6521739130434783,15.0,0.6521739130434783,15.0,0.6545454545454545,0.6545454545454545,0.6545454545454545,0.6555454545454545,0.6573881333597175,0.6545454545454545,0.9290122793058213,3.8739812047052626,0.0
4.18,-0.8200000000000003,0.0,1.0,60.0,3600.0,14.999999999999998,0.6521739130434783,15.0,0.6521739130434783,15.0,0.6545454545454545,0.6545454545454545,0.6545454545454545,0.6555454545454545,0.6573881443419081,0.6545454545454545,0.9290122793058213,3.8832713274983206,7.105427357601002e-15
4.19,-0.8099999999999996,0.0,1.0,60.0,3600.0,14.999999999999998,0.6521739130434783,15.0,0.6521739130434783,15.0,0.6545454545454545,0.6545454545454545,0.6545454545454545,0.6555454545454545,0.6573879528189974,0.6545454545454545,0.9290122793058213,3.8925614502913795,-7.105427357601002e-15
4.2,-0.7999999999999998,0.0,1.0,60.0,3600.0,14.999999999999998,0.6521739130434783,15.0,0.6521739130434783,15.0,0.6545454545454545,0.6545454545454545,0.6545454545454545,0.6555454545454545,0.6573876543082047,0.6545454545454545,0.9290122793058213,3.9018515730844374,0.0
4.21,-0.79,0.0,1.0,60.0,3600.0,14.999999999999998,0.6521739130434783,15.0,0.6521739130434783,15.0,0.6545454545454545,0.6545454545454545,0.6545454545454545,0.6555454545454545,0.6573874525636372,0.6545454545454545,0.9290122793058213,3.9111416958774954,0.0
4.22,-0.7800000000000002,0.0,1.0,60.0,3600.0,14.999999999999998,0.6521739130434783,15.0,0.6521739130434783,15.0,0.6545454545454545,0.6545454545454545,0.6545454545454545,0.6555454545454545,0.657387631305152,0.6545454545454545,0.9290122793058213,3.9204318186705533,7.105427357601002e-15
4.23,-0.7699999999999996,0.0,1.0,60.0,3600.0,14.999999999999998,0.6521739130434783,15.0,0.6521739130434783,15.0,0.6545454545454545,0.6545454545454545,0.6545454545454545,0.6555454545454545,0.6573880836807494,0.6545454545454545,0.9290122793058213,3.929721941463612,-7.105427357601002e-15
4.24,-0.7599999999999998,0.0,1.0,60.0,3600.0,14.999999999999998,0.6521739130434783,15.0,0.6521739130434783,15.0,0.6545454545454545,0.6545454545454545,0.6545454545454545,0.6555454545454545,0.6573884354650946,0.6545454545454545,0.9290122793058213,3.93901206425667,0.0
4.25,-0.75,0.0,1.0,60.0,3600.0,14.999999999999998,0.6521739130434783,15.0,0.6521739130434783,15.0,0.6545454545454545,0.6545454545454545,0.6545454545454545,0.6555454545454545,0.657388471727483,0.6545454545454545,0.9290122793058213,3.948302187049728,0.0
4.26,-0.7400000000000002,0.0,1.0,60.0,3600.0,14.999999999999998,0.6521739130434783,15.0,0.6521739130434783,15.0,0.6545454545454545,0.6545454545454545,0.6545454545454545,0.6555454545454545,0.6573881482509396,0.6545454545454545,0.9290122793058213,3.957592309842786,7.105427357601002e-15
4.2700000000000005,-0.7299999999999995,0.0,1.0,60.0,3600.0,14.999999999999998,0.6521739130434783,15.0,0.6521739130434783,15.0,0.6545454545454545,0.6545454545454545,0.6545454545454545,0.6555454545454545,0.6573875915322188,0.6545454545454545,0.9290122793058213,3.966882432635845,-7.105427357601002e-15
4.28,-0.7199999999999998,0.0,1.0,60.0,3600.0,14.999999999999998,0.6521739130434783,15.0,0.6521739130434783,15.0,0.6545454545454545,0.6545454545454545,0.6545454545454545,0.6555454545454545,0.6573870987818048,0.6545454545454545,0.9290122793058213,3.976172555428903,0.0
4.29,-0.71,0.0,1.0,60.0,3600.0,14.999999999999998,0.6521739130434783,15.0,0.6521739130434783,15.0,0.6545454545454545,0.6545454545454545,0.6545454545454545,0.6555454545454545,0.6573871340465053,0.6545454545454545,0.9290122793058213,3.985462678221961,0.0
4.3,-0.7000000000000002,0.0,1.0,60.0,3600.0,14.999999999999998,0.6521739130434783,15.0,0.6521739130434783,15.0,0.6545454545454545,0.6545454545454545,0.6545454545454545,0.6555454545454545,0.6573876239470533,0.6545454545454545,0.9290122793058213,3.994752801015019,7.105427357601002e-15
4.3100000000000005,-0.6899999999999995,0.0,1.0,60.0,3600.0,14.999999999999998,0.6521739130434783,15.0,0.6521739130434783,15.0,0.6545454545454545,0.6545454545454545,0.6545454545454545,0.6555454545454545,0.6573880079707002,0.6545454545454545,0.9290122793058213,4.004042923808077,-7.105427357601002e-15
4.32,-0.6799999999999997,0.0,1.0,60.0,3600.0,14.999999999999998,0.6521739130434783,15.0,0.6521739130434783,15.0,0.6545454545454545,0.6545454545454545,0.6545454545454545,0.6555454545454545,0.6573880799982015,0.6545454545454545,0.9290122793058213,4.013333046601136,0.0
4.33,-0.6699999999999999,0.0,1.0,60.0,3600.0,14.999999999999998,0.6521739130434783,15.0,0.6521739130434783,15.0,0.6545454545454545,0.6545454545454545,0.6545454545454545,0.6555454545454545,0.6573878364153602,0.6545454545454545,0.9290122793058213,4.022623169394194,0.0
4.34,-0.6600000000000001,0.0,1.0,60.0,3600.0,14.999999999999998,0.6521739130434783,15.0,0.6521739130434783,15.0,0.6545454545454545,0.6545454545454545,0.6545454545454545,0.6555454545454545,0.6573874761130267,0.6545454545454545,0.9290122793058213,4.0319132921872525,7.105427357601002e-15
4.3500000000000005,-0.6499999999999995,0.0,1.0,60.0,3600.0,14.999999999999998,0.6521739130434783,15.0,0.6521739130434783,15.0,0.6545454545454545,0.6545454545454545,0.6545454545454545,0.6555454545454545,0.6573874004387196,0.6545454545454545,0.9290122793058213,4.041203414980311,-7.105427357601002e-15
4.36,-0.6399999999999997,0.0,1.0,60.0,3600.0,14.999999999999998,0.6521739130434783,15.0,0.6521739130434783,15.0,0.6545454545454545,0.6545454545454545,0.6545454545454545,0.6555454545454545,0.657387696285474,0.6545454545454545,0.9290122793058213,4.050493537773369,0.0
4.37,-0.6299999999999999,0.0,1.0,60.0,3600.0,14.999999999999998,0.6521739130434783,15.0,0.6521739130434783,15.0,0.6545454545454545,0.6545454545454545,0.6545454545454545,0.6555454545454545,0.6573879441095413,0.6545454545454545,0.9290122793058213,4.059783660566428,0.0
4.38,-0.6200000000000001,0.0,1.0,60.0,3600.0,14.999999999999998,0.6521739130434783,15.0,0.6521739130434783,15.0,0.6545454545454545,0.6545454545454545,0.6545454545454545,0.6555454545454545,0.6573880067761261,0.6545454545454545,0.9290122793058213,4.069073783359486,0.0
4.39,-0.6100000000000003,0.0,1.0,60.0,3600.0,14.999999999999998,0.6521739130434783,15.0,0.6521739130434783,15.0,0.6545454545454545,0.6545454545454545,0.6545454545454545,0.6555454545454545,0.657387871265911,0.6545454545454545,0.9290122793058213,4.0783639061525445,7.105427357601002e-15
4.4,-0.5999999999999996,0.0,1.0,60.0,3600.0,14.999999999999998,0.6521739130434783,15.0,0.6521739130434783,15.0,0.6545454545454545,0.6545454545454545,0.6545454545454545,0.6555454545454545,0.6573876486750563,0.6545454545454545,0.9290122793058213,4.087654028945603,-7.105427357601002e-15
4.41,-0.5899999999999999,0.0,1.0,60.0,3600.0,14.999999999999998,0.6521739130434783,15.0,0.6521739130434783,15.0,0.6545454545454545,0.6545454545454545,0.6545454545454545,0.6555454545454545,0.6573875742152,0.6545454545454545,0.9290122793058213,4.096944151738661,0.0
4.42,-0.5800000000000001,0.0,1.0,60.0,3600.0,14.999999999999998,0.6521739130434783,15.0,0.6521739130434783,15.0,0.6545454545454545,0.6545454545454545,0.6545454545454545,0.6555454545454545,0.6573877935172505,0.6545454545454545,0.9290122793058213,4.10623427453172,0.0
4.43,-0.5700000000000003,0.0,1.0,60.0,3600.0,14.999999999999998,0.6521739130434783,15.0,0.6521739130434783,15.0,0.6545454545454545,0.6545454545454545,0.6545454545454545,0.6555454545454545,0.657388037548722,0.6545454545454545,0.9290122793058213,4.115524397324778,7.105427357601002e-15
4.44,-0.5599999999999996,0.0,1.0,60.0,3600.0,14.999999999999998,0.6521739130434783,15.0,0.6521739130434783,15.0,0.6545454545454545,0.6545454545454545,0.6545454545454545,0.6555454545454545,0.6573881412821687,0.6545454545454545,0.9290122793058213,4.124814520117837,-7.105427357601002e-15
4.45,-0.5499999999999998,0.0,1.0,60.0,3600.0,14.999999999999998,0.6521739130434783,15.0,0.6521739130434783,15.0,0.6545454545454545,0.6545454545454545,0.6545454545454545,0.6555454545454545,0.6573880449165974,0.6545454545454545,0.9290122793058213,4.134104642910895,0.0
4.46,-0.54,0.0,1.0,60.0,3600.0,14.999999999999998,0.6521739130434783,15.0,0.6521739130434783,15.0,0.6545454545454545,0.6545454545454545,0.6545454545454545,0.6555454545454545,0.6573877931751421,0.6545454545454545,0.9290122793058213,4.143394765703953,0.0
4.47,-0.5300000000000002,0.0,1.0,60.0,3600.0,14.999999999999998,0.6521739130434783,15.0,0.6521739130434783,15.0,0.6545454545454545,0.6545454545454545,0.6545454545454545,0.6555454545454545,0.6573875353050628,0.6545454545454545,0.9290122793058213,4.152684888497012,7.105427357601002e-15
4.48,-0.5199999999999996,0.0,1.0,60.0,3600.0,14.999999999999998,0.6521739130434783,15.0,0.6521739130434783,15.0,0.6545454545454545,0.6545454545454545,0.6545454545454545,0.6555454545454545,0.6573875248438052,0.6545454545454545,0.9290122793058213,4.16197501129007,-7.105427357601002e-15
4.49,-0.5099999999999998,0.0,1.0,60.0,3600.0,14.999999999999998,0.6521739130434783,15.0,0.6521739130434783,15.0,0.6545454545454545,0.6545454545454545,0.6545454545454545,0.6555454545454545,0.6573878916895237,0.6545454545454545,0.9290122793058213,4.171265134083129,0.0
4.5,-0.5,0.0,1.0,60.0,3600.0,14.999999999999998,0.6521739130434783,15.0,0.6521739130434783,15.0,0.6545454545454545,0.6545454545454545,0.6545454545454545,0.6555454545454545,0.6573882979340568,0.6545454545454545,0.9290122793058213,4.180555256876187,0.0
4.51,-0.4900000000000002,0.0,1.0,60.0,3600.0,14.999999999999998,0.6521739130434783,15.0,0.6521739130434783,15.0,0.6545454545454545,0.6545454545454545,0.6545454545454545,0.6555454545454545,0.6573884729000286,0.6545454545454545,0.9290122793058213,4.189845379669245,7.105427357601002e-15
4.5200000000000005,-0.47999999999999954,0.0,1.0,60.0,3600.0,14.999999999999998,0.6521739130434783,15.0,0.6521739130434783,15.0,0.6545454545454545,0.6545454545454545,0.6545454545454545,0.6555454545454545,0.6573883063002324,0.6545454545454545,0.9290122793058213,4.199135502462304,-7.105427357601002e-15
4.53,-0.46999999999999975,0.0,1.0,60.0,3600.0,14.999999999999998,0.6521739130434783,15.0,0.6521739130434783,15.0,0.6545454545454545,0.6545454545454545,0.6545454545454545,0.6555454545454545,0.6573878482376309,0.6545454545454545,0.9290122793058213,4.208425625255362,0.0
4.54,-0.45999999999999996,0.0,1.0,60.0,3600.0,14.999999999999998,0.6521739130434783,15.0,0.6521739130434783,15.0,0.6545454545454545,0.6545454545454545,0.6545454545454545,0.6555454545454545,0.657387309205356,0.6545454545454545,0.9290122793058213,4.217715748048421,0.0
4.55,-0.4500000000000002,0.0,1.0,60.0,3600.0,14.999999999999998,0.6521739130434783,15.0,0.6521739130434783,15.0,0.6545454545454545,0.6545454545454545,0.6545454545454545,0.6555454545454545,0.6573870600867091,0.6545454545454545,0.9290122793058213,4.227005870841479,7.105427357601002e-15
4.5600000000000005,-0.4399999999999995,0.0,1.0,60.0,3600.0,14.999999999999998,0.6521739130434783,15.0,0.6521739130434783,15.0,0.6545454545454545,0.6545454545454545,0.6545454545454545,0.6555454545454545,0.6573874274498173,0.6545454545454545,0.9290122793058213,4.2362959936345375,-7.105427357601002e-15
4.57,-0.4299999999999997,0.0,1.0,60.0,3600.0,14.999999999999998,0.6521739130434783,15.0,0.6521739130434783,15.0,0.6545454545454545,0.6545454545454545,0.6545454545454545,0.6555454545454545,0.657387882614261,0.6545454545454545,0.9290122793058213,4.245586116427596,0.0
4.58,-0.41999999999999993,0.0,1.0,60.0,3600.0,14.999999999999998,0.6521739130434783,15.0,0.6521739130434783,15.0,0.6545454545454545,0.6545454545454545,0.6545454545454545,0.6555454545454545,0.6573881014122681,0.6545454545454545,0.9290122793058213,4.254876239220654,0.0
4.59,-0.41000000000000014,0.0,1.0,60.0,3600.0,14.999999999999998,0.6521739130434783,15.0,0.6521739130434783,15.0,0.6545454545454545,0.6545454545454545,0.6545454545454545,0.6555454545454545,0.6573879887289182,0.6545454545454545,0.9290122793058213,4.264166362013713,7.105427357601002e-15
4.6000000000000005,-0.39999999999999947,0.0,1.0,60.0,3600.0,14.999999999999998,0.6521739130434783,15.0,0.6521739130434783,15.0,0.6545454545454545,0.6545454545454545,0.6545454545454545,0.6555454545454545,0.6573876460250281,0.6545454545454545,0.9290122793058213,4.273456484806771,-7.105427357601002e-15
4.61,-0.3899999999999997,0.0,1.0,60.0,3600.0,14.999999999999998,0.6521739130434783,15.0,0.6521739130434783,15.0,0.6545454545454545,0.6545454545454545,0.6545454545454545,0.6555454545454545,0.6573873713371512,0.6545454545454545,0.9290122793058213,4.2827466075998295,0.0
4.62,-0.3799999999999999,0.0,1.0,60.0,3600.0,14.999999999999998,0.6521739130434783,15.0,0.6521739130434783,15.0,0.6545454545454545,0.6545454545454545,0.6545454545454545,0.6555454545454545,0.6573875477783387,0.6545454545454545,0.9290122793058213,4.292036730392888,0.0
4.63,-0.3700000000000001,0.0,1.0,60.0,3600.0,14.999999999999998,0.6521739130434783,15.0,0.6521739130434783,15.0,0.6545454545454545,0.6545454545454545,0.6545454545454545,0.6555454545454545,0.6573878481430986,0.6545454545454545,0.9290122793058213,4.301326853185946,0.0
4.64,-0.3600000000000003,0.0,1.0,60.0,3600.0,14.999999999999998,0.6521739130434783,15.0,0.6521739130434783,15.0,0.6545454545454545,0.6545454545454545,0.6545454545454545,0.6555454545454545,0.6573880148588422,0.6545454545454545,0.9290122793058213,4.310616975979005,7.105427357601002e-15
4.65,-0.34999999999999964,0.0,1.0,60.0,3600.0,14.999999999999998,0.6521739130434783,15.0,0.6521739130434783,15.0,0.6545454545454545,0.6545454545454545,0.6545454545454545,0.6555454545454545,0.6573879701353093,0.6545454545454545,0.9290122793058213,4.319907098772063,-7.105427357601002e-15
4.66,-0.33999999999999986,0.0,1.0,60.0,3600.0,14.999999999999998,0.6521739130434783,15.0,0.6521739130434783,15.0,0.6545454545454545,0.6545454545454545,0.6545454545454545,0.6555454545454545,0.6573877620794442,0.6545454545454545,0.9290122793058213,4.3291972215651215,0.0
4.67,-0.33000000000000007,0.0,1.0,60.0,3600.0,14.999999999999998,0.6521739130434783,15.0,0.6521739130434783,15.0,0.6545454545454545,0.6545454545454545,0.6545454545454545,0.6555454545454545,0.6573875646953952,0.6545454545454545,0.9290122793058213,4.33848734435818,0.0
4.68,-0.3200000000000003,0.0,1.0,60.0,3600.0,14.999999999999998,0.6521739130434783,15.0,0.6521739130434783,15.0,0.6545454545454545,0.6545454545454545,0.6545454545454545,0.6555454545454545,0.6573876495275521,0.6545454545454545,0.9290122793058213,4.347777467151238,7.105427357601002e-15
4.69,-0.3099999999999996,0.0,1.0,60.0,3600.0,14.999999999999998,0.6521739130434783,15.0,0.6521739130434783,15.0,0.6545454545454545,0.6545454545454545,0.6545454545454545,0.6555454545454545,0.6573879176948756,0.6545454545454545,0.9290122793058213,4.357067589944297,-7.105427357601002e-15
4.7,-0.2999999999999998,0.0,1.0,60.0,3600.0,14.999999999999998,0.6521739130434783,15.0,0.6521739130434783,15.0,0.6545454545454545,0.6545454545454545,0.6545454545454545,0.6555454545454545,0.6573881181098905,0.6545454545454545,0.9290122793058213,4.366357712737355,0.0
4.71,-0.29000000000000004,0.0,1.0,60.0,3600.0,14.999999999999998,0.6521739130434783,15.0,0.6521739130434783,15.0,0.6545454545454545,0.6545454545454545,0.6545454545454545,0.6555454545454545,0.6573881305132463,0.6545454545454545,0.9290122793058213,4.375647835530414,0.0
4.72,-0.28000000000000025,0.0,1.0,60.0,3600.0,14.999999999999998,0.6521739130434783,15.0,0.6521739130434783,15.0,0.6545454545454545,0.6545454545454545,0.6545454545454545,0.6555454545454545,0.6573879431823952,0.6545454545454545,0.9290122793058213,4.384937958323472,7.105427357601002e-15
4.73,-0.2699999999999996,0.0,1.0,60.0,3600.0,14.999999999999998,0.6521739130434783,15.0,0.6521739130434783,15.0,0.6545454545454545,0.6545454545454545,0.6545454545454545,0.6555454545454545,0.657387652931592,0.6545454545454545,0.9290122793058213,4.39422808111653,-7.105427357601002e-15
4.74,-0.2599999999999998,0.0,1.0,60.0,3600.0,14.999999999999998,0.6521739130434783,15.0,0.6521739130434783,15.0,0.6545454545454545,0.6545454545454545,0.6545454545454545,0.6555454545454545,0.657387465111894,0.6545454545454545,0.9290122793058213,4.403518203909589,0.0
4.75,-0.25,0.0,1.0,60.0,3600.0,14.999999999999998,0.6521739130434783,15.0,0.6521739130434783,15.0,0.6545454545454545,0.6545454545454545,0.6545454545454545,0.6555454545454545,0.6573876558476361,0.6545454545454545,0.9290122793058213,4.412808326702647,0.0
4.76,-0.2400000000000002,0.0,1.0,60.0,3600.0,14.999999999999998,0.6521739130434783,15.0,0.6521739130434783,15.0,0.6545454545454545,0.6545454545454545,0.6545454545454545,0.6555454545454545,0.6573880889279496,0.6545454545454545,0.9290122793058213,4.422098449495706,7.105427357601002e-15
4.7700000000000005,-0.22999999999999954,0.0,1.0,60.0,3600.0,14.999999999999998,0.6521739130434783,15.0,0.6521739130434783,15.0,0.6545454545454545,0.6545454545454545,0.6545454545454545,0.6555454545454545,0.6573884108666843,0.6545454545454545,0.9290122793058213,4.431388572288764,-7.105427357601002e-15
4.78,-0.21999999999999975,0.0,1.0,60.0,3600.0,14.999999999999998,0.6521739130434783,15.0,0.6521739130434783,15.0,0.6545454545454545,0.6545454545454545,0.6545454545454545,0.6555454545454545,0.6573884260483633,0.6545454545454545,0.9290122793058213,4.4406786950818224,0.0
4.79,-0.20999999999999996,0.0,1.0,60.0,3600.0,14.999999999999998,0.6521739130434783,15.0,0.6521739130434783,15.0,0.6545454545454545,0.6545454545454545,0.6545454545454545,0.6555454545454545,0.6573881021281276,0.6545454545454545,0.9290122793058213,4.449968817874881,0.0
4.8,-0.20000000000000018,0.0,1.0,60.0,3600.0,14.999999999999998,0.6521739130434783,15.0,0.6521739130434783,15.0,0.6545454545454545,0.6545454545454545,0.6545454545454545,0.6555454545454545,0.6573875700317361,0.6545454545454545,0.9290122793058213,4.459258940667939,7.105427357601002e-15
4.8100000000000005,-0.1899999999999995,0.0,1.0,60.0,3600.0,14.999999999999998,0.6521739130434783,15.0,0.6521739130434783,15.0,0.6545454545454545,0.6545454545454545,0.6545454545454545,0.6555454545454545,0.6573871239555658,0.6545454545454545,0.9290122793058213,4.468549063460998,-7.105427357601002e-15
4.82,-0.17999999999999972,0.0,1.0,60.0,3600.0,14.999999999999998,0.6521739130434783,15.0,0.6521739130434783,15.0,0.6545454545454545,0.6545454545454545,0.6545454545454545,0.6555454545454545,0.6573872095090184,0.6545454545454545,0.9290122793058213,4.477839186254056,0.0
4.83,-0.16999999999999993,0.0,1.0,60.0,3600.0,14.999999999999998,0.6521739130434783,15.0,0.6521739130434783,15.0,0.6545454545454545,0.6545454545454545,0.6545454545454545,0.6555454545454545,0.6573876850845528,0.6545454545454545,0.9290122793058213,4.4871293090471145,0.0
4.84,-0.16000000000000014,0.0,1.0,60.0,3600.0,14.999999999999998,0.6521739130434783,15.0,0.6521739130434783,15.0,0.6545454545454545,0.6545454545454545,0.6545454545454545,0.6555454545454545,0.6573880418972322,0.6545454545454545,0.9290122793058213,4.496419431840173,7.105427357601002e-15
4.8500000000000005,-0.14999999999999947,0.0,1.0,60.0,3600.0,14.999999999999998,0.6521739130434783,15.0,0.6521739130434783,15.0,0.6545454545454545,0.6545454545454545,0.6545454545454545,0.6555454545454545,0.6573880888153049,0.6545454545454545,0.9290122793058213,4.505709554633231,-7.105427357601002e-15
4.86,-0.13999999999999968,0.0,1.0,60.0,3600.0,14.999999999999998,0.6521739130434783,15.0,0.6521739130434783,15.0,0.6545454545454545,0.6545454545454545,0.6545454545454545,0.6555454545454545,0.6573878309829899,0.6545454545454545,0.9290122793058213,4.51499967742629,0.0
4.87,-0.1299999999999999,0.0,1.0,60.0,3600.0,14.999999999999998,0.6521739130434783,15.0,0.6521739130434783,15.0,0.6545454545454545,0.6545454545454545,0.6545454545454545,0.6555454545454545,0.6573874698204765,0.6545454545454545,0.9290122793058213,4.524289800219348,0.0
4.88,-0.1200000000000001,0.0,1.0,60.0,3600.0,14.999999999999998,0.6521739130434783,15.0,0.6521739130434783,15.0,0.6545454545454545,0.6545454545454545,0.6545454545454545,0.6555454545454545,0.6573874028330633,0.6545454545454545,0.9290122793058213,4.5335799230124065,0.0
4.89,-0.11000000000000032,0.0,1.0,60.0,3600.0,14.999999999999998,0.6521739130434783,15.0,0.6521739130434783,15.0,0.6545454545454545,0.6545454545454545,0.6545454545454545,0.6555454545454545,0.6573877055171038,0.6545454545454545,0.9290122793058213,4.542870045805465,7.105427357601002e-15
4.9,-0.09999999999999964,0.0,1.0,60.0,3600.0,14.999999999999998,0.6521739130434783,15.0,0.6521739130434783,15.0,0.6545454545454545,0.6545454545454545,0.6545454545454545,0.6555454545454545,0.6573879610420744,0.6545454545454545,0.9290122793058213,4.552160168598523,-7.105427357601002e-15
4.91,-0.08999999999999986,0.0,1.0,60.0,3600.0,14.999999999999998,0.6521739130434783,15.0,0.6521739130434783,15.0,0.6545454545454545,0.6545454545454545,0.6545454545454545,0.6555454545454545,0.6573880253629628,0.6545454545454545,0.9290122793058213,4.561450291391582,0.0
4.92,-0.08000000000000007,0.0,1.0,60.0,3600.0,14.999999999999998,0.6521739130434783,15.0,0.6521739130434783,15.0,0.6545454545454545,0.6545454545454545,0.6545454545454545,0.6555454545454545,0.6573878823302239,0.6545454545454545,0.9290122793058213,4.57074041418464,0.0
4.93,-0.07000000000000028,0.0,1.0,60.0,3600.0,14.999999999999998,0.6521739130434783,15.0,0.6521739130434783,15.0,0.6545454545454545,0.6545454545454545,0.6545454545454545,0.6555454545454545,0.6573876436897804,0.6545454545454545,0.9290122793058213,4.580030536977699,7.105427357601002e-15
4.94,-0.05999999999999961,0.0,1.0,60.0,3600.0,14.999999999999998,0.6521739130434783,15.0,0.6521739130434783,15.0,0.6545454545454545,0.6545454545454545,0.6545454545454545,0.6555454545454545,0.6573875490830217,0.6545454545454545,0.9290122793058213,4.589320659770757,-7.105427357601002e-15
4.95,-0.04999999999999982,0.0,1.0,60.0,3600.0,14.999999999999998,0.6521739130434783,15.0,0.6521739130434783,15.0,0.6545454545454545,0.6545454545454545,0.6545454545454545,0.6555454545454545,0.6573877228904857,0.6545454545454545,0.9290122793058213,4.598610782563815,0.0
4.96,-0.040000000000000036,0.0,1.0,60.0,3600.0,14.999999999999998,0.6521739130434783,15.0,0.6521739130434783,15.0,0.6545454545454545,0.6545454545454545,0.6545454545454545,0.6555454545454545,0.6573878784314918,0.6545454545454545,0.9290122793058213,4.607900905356874,0.0
4.97,-0.03000000000000025,0.0,1.0,60.0,3600.0,14.999999999999998,0.6521739130434783,15.0,0.6521739130434783,15.0,0.6545454545454545,0.6545454545454545,0.6545454545454545,0.6555454545454545,0.6573879290043251,0.6545454545454545,0.9290122793058213,4.617191028149932,7.105427357601002e-15
4.98,-0.019999999999999574,0.0,1.0,60.0,3600.0,14.999999999999998,0.6521739130434783,15.0,0.6521739130434783,15.0,0.6545454545454545,0.6545454545454545,0.6545454545454545,0.6555454545454545,0.6573878648984,0.6545454545454545,0.9290122793058213,4.626481150942991,-7.105427357601002e-15
4.99,-0.009999999999999787,0.0,1.0,60.0,3600.0,14.999999999999998,0.6521739130434783,15.0,0.6521739130434783,15.0,0.6545454545454545,0.6545454545454545,0.6545454545454545,0.6555454545454545,0.6573877499027945,0.6545454545454545,0.9290122793058213,4.635771273736049,0.0
5.0,0.0,0.0,1.0,60.0,3600.0,14.999999999999998,0.6521739130434783,15.0,0.6521739130434783,15.0,0.6545454545454545,0.6545454545454545,0.6545454545454545,0.6555454545454545,0.6573877213062495,0.6545454545454545,0.9290122793058213,4.645061396529107,0.027161855521150358
5.01,0.009999999999999787,0.0010241261457680736,1.000543237110423,60.032594226625385,3601.955653597523,15.000421076568443,0.6521922207203672,8.006518845325076,0.34810951501413373,8.0,0.6544095622495169,0.6545498105637816,0.6503747124428578,0.6538193841802719,0.6564991544659244,0.6503747124428578,0.9290184619085521,4.654351550235179,0.05430077923232801
5.0200000000000005,0.020000000000000462,0.004095337821796663,1.0010860155846464,60.06516093507878,3603.9096561047268,15.00107011405468,0.6522204397415078,8.013032187015757,0.34839270378329373,8.0,0.6540128790795721,0.654556869499096,0.6461864406700126,0.6502330608109164,0.6543150830980782,0.6461864406700126,0.9290284808270861,4.663641784948858,0.0542541909805081
5.03,0.03000000000000025,0.00921189861319716,1.0016283209300334,60.097699255802006,3605.8619553481203,15.001128815874818,0.6522229919945574,8.0195398511604,0.3486756457026261,8.0,0.6533710989216724,0.6545582238146886,0.6419809040066746,0.6459811748682528,0.6513394639030667,0.6419809040066746,0.9290304030401378,4.672932079368194,0.05420322336485839
5.04,0.040000000000000036,0.0163719040069827,1.0021700800519435,60.13020480311661,3607.8122881869967,14.999903065734339,0.6521696985101887,8.026040960623323,0.34895830263579664,8.0,0.6525001567410357,0.6545462249424222,0.6377589531425103,0.6415007740907911,0.6478781404128575,0.6377589531425103,0.9290133727489702,4.682222298247139,0.05414257958161528
5.05,0.04999999999999982,0.025573080057003452,1.0027111725216658,60.162670351299944,3609.7602210779964,14.996907183486478,0.6520394427602816,8.032534070259988,0.34924061175043425,8.0,0.6515023667721369,0.6545149464117743,0.633521913192076,0.6369505148921898,0.6441168027579574,0.633521913192076,0.9289689783698653,4.691512210002733,0.054068959011068785
5.0600000000000005,0.0600000000000005,0.03681265020229048,1.0032514592321649,60.195087553929895,3611.705253235794,14.992152836205833,0.6518327320089493,8.039017510785978,0.34952250046895555,8.0,0.6505023667721368,0.654463359546528,0.6292712979297648,0.6323875520397414,0.6401679861053524,0.6292712979297648,0.9288957598776553,4.700801533693971,0.053981920614248224
5.07,0.07000000000000028,0.05008732967686287,1.0037908109339508,60.22744865603705,3613.646919362223,14.985803084931291,0.651556655866578,8.045489731207411,0.34980390135684397,8.0,0.6495023667721368,0.6543920856686247,0.6250085244724617,0.627832514771541,0.6361006707678525,0.6250085244724617,0.9287945991296795,4.710089985489008,0.05388256207012887
5.08,0.08000000000000007,0.06539336887104147,1.0043291104735674,60.25974662841405,3615.584797704843,14.978004323839214,0.6512175792973571,8.05194932568281,0.35008475329055694,8.0,0.6485023667721369,0.6543017136277406,0.6207348906478277,0.6232909155331698,0.6319567535196506,0.6207348906478277,0.9286663318946018,4.719377290144129,0.05377203353059201
5.09,0.08999999999999986,0.08272659759618033,1.0048662516045626,60.29197509627375,3617.518505776425,14.968888804022109,0.6508212523487874,8.05839501925475,0.35036500083716304,8.0,0.6475023667721369,0.654192810697565,0.6164515866327256,0.6187646559613761,0.6277624786646333,0.6164515866327256,0.9285117633177628,4.728663180620191,0.053651372562931954
5.1000000000000005,0.10000000000000053,0.10208246451644039,1.005402137924826,60.32412827548956,3619.4476965293734,14.958576013497147,0.6503728701520499,8.064825655097911,0.35064459369990914,8.0,0.6465023667721368,0.6540659235311023,0.6121597053566963,0.6142532865177421,0.6235340617155132,0.6121597053566963,0.9283316692770639,4.737947397783166,0.05352151761957202
5.11,0.11000000000000032,0.12345607127698029,1.0059366819569542,60.356200917417254,3621.3720550450353,14.947173871393819,0.6498771248432095,8.07124018348345,0.35092348623841085,8.0,0.6455023667721368,0.6539215790130463,0.6078602515057993,0.6097561016809104,0.6192818700768714,0.6078602515057993,0.9281267975927625,4.747229690117514,0.05338331790407835
5.12,0.1200000000000001,0.1468422046266107,1.0064698042829074,60.388188256974445,3623.2912954184667,14.934779851732191,0.6493382544231387,8.07763765139489,0.3512016370171691,8.0,0.6445023667721368,0.6537602851138332,0.6035541499961923,0.6052720057967603,0.6150122700110048,0.6035541499961923,0.9278978692396506,4.756509813451676,0.0532375344032161
5.13,0.1299999999999999,0.172235369786164,1.0070014326450185,60.42008595870111,3625.2051575220667,14.921482150536647,0.6487600935015934,8.084017191740223,0.35147900833653145,8.0,0.6435023667721368,0.6535825317781936,0.5992422547771461,0.6008002562358737,0.6107300597382636,0.5992422547771461,0.9276455796081972,4.765787530695915,0.05308486522935851
5.14,0.13999999999999968,0.19962980377673073,1.0075315015874946,60.451890095249674,3627.11340571498,14.90736015184628,0.6481460935585339,8.090378019049936,0.3517555660456494,8.0,0.6425023667721368,0.6533887913710618,0.5949253523439636,0.5963398216500949,0.6064377121971505,0.5949253523439636,0.9273705991374395,4.775062611589643,0.05292593362895559
5.15,0.15000000000000036,0.22901951769529386,1.0080599513175976,60.483597079055855,3629.0158247433515,14.892485905836372,0.6474993872102771,8.096719415811172,0.3520312789483118,8.0,0.6415023667721367,0.6531795198581246,0.5906041728907452,0.5918900233894946,0.6021376130456678,0.5906041728907452,0.9270735749905641,4.784334832460284,0.0527612944630107
5.16,0.16000000000000014,0.26039830523166574,1.008586727476755,60.5152036486053,3630.912218916318,14.876924426328468,0.646822801144716,8.10304072972106,0.35230611868352435,8.0,0.6405023667721368,0.6529551571432114,0.5862793925546368,0.5874501739733201,0.5978313803426327,0.5862793925546368,0.9267551315337724,4.793603975992905,0.052591475731340154
5.17,0.16999999999999993,0.2937597541469147,1.0091117808322245,60.54670684993347,3632.8024109960083,14.86073409157621,0.6461188735467918,8.109341369986694,0.3525800595646389,8.0,0.6395023667721368,0.652716127502474,0.5819516364387411,0.5830195579557773,0.5935199235055362,0.5819516364387411,0.9264158709525232,4.802869831005337,0.05241693450386009
5.18,0.17999999999999972,0.32909728750073197,1.0096350661668323,60.578103970009934,3634.686238200596,14.843968085019053,0.6453899167399588,8.115620794001988,0.3528530780000864,8.0,0.6385023667721368,0.6524628408562064,0.5776214894882378,0.5785976769171027,0.5892043203438013,0.5776214894882378,0.9260563750566573,4.812132192235382,0.052238062138592056
5.19,0.1900000000000004,0.36640417124310054,1.0101565420749963,60.609392524499775,3636.5635514699866,14.826674660176728,0.6446380287033361,8.121878504899955,0.3531251523869546,8.0,0.6375023667721368,0.6521956931043411,0.5732894984913075,0.5741841831053986,0.584885570826876,0.5732894984913075,0.9256772057565754,4.8213908601394495,0.05205525673463285
5.2,0.20000000000000018,0.405673501684995,1.010676171301525,60.6405702780915,3638.4342166854904,14.808896701934403,0.643865073997148,8.128114055618301,0.3533962632877522,8.0,0.6365023667721368,0.65191506588438,0.5689561687648057,0.5697784586299995,0.5805641814588669,0.5689561687648057,0.9252789047196636,4.830645640691831,0.05186888235297715
5.21,0.20999999999999996,0.4468982433847529,1.0111939197220559,60.67163518332335,3640.298110999401,14.790673049507616,0.6430727412829398,8.13432703666467,0.3536663928984639,8.0,0.6355023667721368,0.65162132788002,0.564621974145954,0.5653799960185241,0.5762407058965252,0.564621974145954,0.9248619952276579,4.839896345191567,0.051679220773486634
5.22,0.21999999999999975,0.49007125240876703,1.0117097557169947,60.702585343019685,3642.155120581181,14.772039308721212,0.6422625786400528,8.140517068603938,0.3539355247219103,8.0,0.6345023667721368,0.651314835667463,0.5602873631286106,0.560988628072608,0.5719157594043409,0.5602873631286106,0.9244269833778317,4.849142790084595,0.05148652310193569
5.23,0.23000000000000043,0.5351852758788803,1.0122236501840944,60.73341901104567,3644.00514066274,14.753027835818687,0.6414359928616821,8.146683802209132,0.3542036435743101,8.0,0.6335023667721367,0.650995933776416,0.5559527587422841,0.5566046650933953,0.5675899634479972,0.5559527587422841,0.923974358169576,4.858384796792333,0.051291058291219827
5.24,0.2400000000000002,0.5822329392683725,1.0127355768828192,60.76413461296915,3645.848076778149,14.733667291619161,0.6405942300703983,8.152826922593832,0.3544707357649492,8.0,0.6325023667721368,0.6506649545696791,0.5516185551874333,0.5522276013405282,0.5632637015466964,0.5516185551874333,0.9235045913334943,4.867622191539848,0.051093085096553637
5.25,0.25,0.6312067667845634,1.0132455118860255,60.79473071316153,3647.683842789692,14.71398335287298,0.6397384066466513,8.158946142632306,0.35473678881010023,8.0,0.6315023667721368,0.6503222189043633,0.547285123208173,0.5478557898205757,0.5589373845067223,0.547285123208173,0.9230181382698861,4.876854805187865,0.050892798743227274
5.26,0.2599999999999998,0.6820992082354871,1.0137534328576838,60.82520597146103,3649.5123582876618,14.69399964930546,0.6388695499698026,8.165041194292206,0.35500179105618285,8.0,0.6305023667721368,0.6499680373601312,0.5429528171790058,0.5434892729773805,0.554611423169771,0.5429528171790058,0.9225154397920187,4.886082473078174,0.05069035719989046
5.2700000000000005,0.27000000000000046,0.7349026398828579,1.0142593190300233,60.8555591418014,3651.333548508084,14.673737793290915,0.6379885997083007,8.17111182836028,0.35526573166783826,8.0,0.6295023667721367,0.6496027102950281,0.5386219753295657,0.539129927062744,0.5502862153750765,0.5386219753295657,0.9219969222053688,4.895305034888161,0.050485927813795684
5.28,0.28000000000000025,0.7896093566863278,1.01476315141396,60.8857890848376,3653.147345090256,14.653217107319177,0.637096395970399,8.177157816967519,0.3555286007377182,8.0,0.6285023667721367,0.6492265277502732,0.5342929176886126,0.534778168631795,0.5459621236587863,0.5342929176886126,0.9214629971724916,4.90452233448505,0.05027968212723266
5.29,0.29000000000000004,0.8462115770805086,1.015264912672568,60.91589476035408,3654.953685621245,14.632454788536744,0.6361936864581194,8.183178952070815,0.3557903892204702,8.0,0.6275023667721368,0.6488397698298011,0.5299659473314563,0.5304305922403438,0.5416394820198058,0.5299659473314563,0.9209140622517122,4.913734219782171,0.050071758814809186
5.3,0.2999999999999998,0.9047014627014596,1.015764586590256,60.94587519541536,3656.7525117249215,14.611466597147249,0.6352811563977064,8.189175039083072,0.3560510886557857,8.0,0.6265023667721368,0.6484427075650103,0.5256413555872131,0.5260881547736866,0.5373186150316203,0.5256413555872131,0.9203505021244851,4.922940542604052,0.04986227127034226
5.3100000000000005,0.3100000000000005,0.9650711174885398,1.0162621580979745,60.97572948587847,3658.543769152708,14.590266823903677,0.6343594271262468,8.195145897175694,0.3563106911815519,8.0,0.6255023667721368,0.6480356030276447,0.5213194217967325,0.5217534836079676,0.5329998295368452,0.5213194217967325,0.9197726887556085,4.932141158558453,0.04965133488923357
5.32,0.3200000000000003,1.0273125871968403,1.016757613288041,61.005456797282456,3660.3274078369473,14.568868271145417,0.6334290552671921,8.201091359456491,0.35656918954158656,8.0,0.6245023667721368,0.6476187094269812,0.517000413171911,0.5174235128632703,0.5286834223924033,0.517000413171911,0.9191809815311661,4.941335926909887,0.04943905346307531
5.33,0.33000000000000007,1.0914178686154186,1.017250939167236,61.03505635003416,3662.1033810020494,14.547282573137862,0.6324905466581678,8.20701127000683,0.35682657695681874,8.0,0.6235023667721368,0.6471922717085418,0.5126845872244936,0.5130983632727527,0.5243696758602966,0.5126845872244936,0.9185757281082935,4.950524710458084,0.049225513859717296
5.34,0.33999999999999986,1.1573789129989152,1.0177421235652353,61.06452741391412,3663.8716448348473,14.52552031491493,0.6315443615180404,8.212905482782823,0.35708284707751403,8.0,0.6225023667721369,0.6467565268309038,0.5083721926688096,0.5087807147467361,0.5200588569365967,0.5083721926688096,0.9179572648080611,4.959707375422665,0.04901080062022345
5.3500000000000005,0.35000000000000053,1.2251876244539937,1.0182311551796404,61.09386931077842,3665.632158646705,14.503590974086311,0.6305909119167962,8.218773862155684,0.35733799400676886,8.0,0.6215023667721368,0.6463117037807626,0.5040634689838894,0.504468368998404,0.5157512277817929,0.5040634689838894,0.9173259166368537,4.96888379132989,0.04879499267798337
5.36,0.3600000000000003,1.2948358658365593,1.0187180234187951,61.12308140512771,3667.3848843076626,14.481503124814669,0.629630570644116,8.224616281025542,0.3575920122185018,8.0,0.6205023667721368,0.645858024040578,0.4997586479631177,0.5001600642687295,0.5114470412559643,0.4997586479631177,0.9166819979501117,4.978053830902825,0.04857815434071
5.37,0.3700000000000001,1.3663154638138606,1.0192027182664545,61.15216309598727,3669.1297857592363,14.459264613382029,0.6286636788426969,8.230432619197455,0.35784489648684586,8.0,0.6195023667721368,0.6453957019959147,0.4954579550484193,0.4958586016600929,0.5071465351652721,0.4954579550484193,0.9160258130304804,4.987217369957728,0.04836034453591509
5.38,0.3799999999999999,1.4396182078795374,1.0196852303095134,61.18111381857081,3670.8668291142485,14.436882522356363,0.6276905444502766,8.23622276371416,0.35809664190061563,8.0,0.6185023667721369,0.6449249449729186,0.49116160906189443,0.4915652407148618,0.5028499409665002,0.49116160906189443,0.9153576561409997,4.996374287303585,0.04814162370507802
5.39,0.3899999999999997,1.5147358503248767,1.020165550740556,61.20993304443336,3672.595982666002,14.41436316745913,0.6267114420634404,8.241986608886673,0.35834724386463795,8.0,0.6175023667721369,0.644445953336819,0.4868698221853532,0.4872752187809853,0.49855749086157763,0.4868698221853532,0.9146778116649116,5.0055244646426145,0.04792204330995986
5.4,0.40000000000000036,1.591660113062967,1.0206436711757125,61.238620270542754,3674.3172162325654,14.391712333836155,0.6257266232102676,8.24772405410855,0.35859669800471955,8.0,0.6165023667721368,0.6439589210919474,0.48258280175835,0.48298917839174094,0.4942694048266261,0.48258280175835,0.9139865549572811,5.014667786475726,0.0477016444888676
5.41,0.41000000000000014,1.6703826885540394,1.0211195836303335,61.26717501782001,3676.0305010692005,14.368935307641502,0.6247363177235437,8.253435003564002,0.35884500015495663,8.0,0.6155023667721368,0.6434640360016568,0.4783007505199842,0.47871291539444355,0.4899858910454599,0.4783007505199842,0.9132841525152007,5.0238041400130875,0.047480469577593
5.42,0.41999999999999993,1.750895238084742,1.0215932805672643,61.295596834035855,3677.735810042151,14.346036813612573,0.6237407310266336,8.259119366807171,0.3590921463829205,8.0,0.6145023667721368,0.6429614795997038,0.47402386613993486,0.47444272615918837,0.4857071604259311,0.47402386613993486,0.9125708619939453,5.032933415085633,0.047258558811428486
5.43,0.4299999999999997,1.8331893951805307,1.022064754806562,61.32388528839372,3679.433117303623,14.323021132224413,0.6227400492271484,8.264777057678744,0.35933813294255407,8.0,0.6135023667721369,0.6424514275449965,0.46975234211240524,0.4701765377008837,0.4814334182495174,0.46975234211240524,0.9118469327104743,5.042055504059155,0.04703594476757189
5.44,0.4400000000000004,1.917256767980561,1.0225339994626155,61.35203996775693,3681.122398065416,14.29989218127903,0.6217344426643057,8.270407993551386,0.3595829562413646,8.0,0.6125023667721368,0.6419340498998521,0.46548636838004853,0.4659184853078352,0.4771648608231337,0.46548636838004853,0.91111260603837,5.0511703017529,0.04681265796877199
5.45,0.4500000000000002,2.0030889384838986,1.0230010079659375,61.38006047795625,3682.803628677375,14.276653487756882,0.6207240646850818,8.27601209559125,0.35982661285179346,8.0,0.6115023667721368,0.6414095111622012,0.46122613112371436,0.46166678719104526,0.47290168339876065,0.46122613112371436,0.9103681154535447,5.06027770536036,0.04658872774366074
5.46,0.45999999999999996,2.0906774643114288,1.0234657740174886,61.40794644104932,3684.4767864629594,14.253308247138715,0.6197090542234224,8.281589288209863,0.36006909948738536,8.0,0.6105023667721368,0.6408779705272282,0.4569718132186378,0.45742053070330646,0.46864407772749744,0.4569718132186378,0.9096136869055946,5.069377614372155,0.04636417856254127
5.47,0.46999999999999975,2.18001388066006,1.0239282915371883,61.4356974922313,3686.141849533878,14.229859390219675,0.6186895387052033,8.28713949844626,0.36031041297592437,8.0,0.6095023667721368,0.6403395821441519,0.45272359474687496,0.4531820659723811,0.46439222804444763,0.45272359474687496,0.9088495391822546,5.078469930502594,0.04613903347929238
5.48,0.4800000000000004,2.271089699497159,1.0243885546870743,61.46331328122446,3687.7987968734674,14.206309553176197,0.6176656327467912,8.292662656244893,0.36055055027151706,8.0,0.6085023667721366,0.6397944951317094,0.4484816527731632,0.44895033455178823,0.46014631900251807,0.4484816527731632,0.908075883931374,5.087554557618163,0.0459133150989075
5.49,0.4900000000000002,2.3638964108231595,1.0248465578391666,61.49079347034999,3689.4476082209994,14.182661119328564,0.6166374399708072,8.298158694069999,0.36078950843782603,8.0,0.6075023667721366,0.6392428538061002,0.44424616166824565,0.4447243411668738,0.4559065336698002,0.44424616166824565,0.9072929259844437,5.096631401667742,0.045687041610023016
5.5,0.5,2.458425484804256,1.0253022955192748,61.518137731156486,3691.0882638693893,14.158916292041843,0.6156050561757324,8.303627546231297,0.36102728461875205,8.0,0.6065023667721366,0.6386847979672682,0.44001729366869935,0.4405059781025694,0.45167304642966877,0.44001729366869935,0.9065008637629234,5.1057003706164785,0.04546022912859371
5.51,0.5099999999999998,2.5546683712710214,1.0257557624217384,61.5453457453043,3692.720744718258,14.135077075689777,0.6145685685082511,8.30906914906086,0.36126387604612437,8.0,0.6055023667721368,0.6381204629317454,0.43579521873559324,0.43629630630351285,0.447446029729361,0.43579521873559324,0.9056998893248575,5.114761374381917,0.0452328956365875
5.5200000000000005,0.5200000000000005,2.652616498946988,1.0262069534320064,61.57241720592039,3694.3450323552233,14.111145246485833,0.6135280541950363,8.314483441184077,0.3614992800514816,8.0,0.6045023667721366,0.6375499795571127,0.43158010433658345,0.4320921384436515,0.4432256619681325,0.43158010433658345,0.9048901883995921,5.12381432477054,0.045005056438284896
5.53,0.5300000000000002,2.7522612783486418,1.0266558635505043,61.59935181303026,3695.9611087818157,14.087122451253807,0.6124835848371221,8.319870362606052,0.3617334940263501,8.0,0.6035023667721366,0.6369734746462598,0.4273721162058317,0.42789377808420087,0.43901211369980664,0.4273721162058317,0.9040719409615523,5.132859135417346,0.04477672243795894
5.54,0.54,2.8535941022476483,1.0271024878807655,61.62614927284593,3697.5689563707556,14.063010222838106,0.6114352270799177,8.325229854569187,0.3619665154160516,8.0,0.6025023667721366,0.6363910710316243,0.42317141846360756,0.4237054288993519,0.43480554663797716,0.42317141846360756,0.9032453213498033,5.141895721728902,0.044547905854528835
5.55,0.5499999999999998,2.956606344325582,1.027546821667595,61.652809300055694,3699.168558003342,14.038809930740708,0.6103830404669873,8.330561860011139,0.36219834173961474,8.0,0.6015023667721366,0.6358028875595036,0.4189781732453638,0.4195252503497196,0.4306061286392898,0.4189781732453638,0.9024104982457848,5.15092400082688,0.044318619482702104
5.5600000000000005,0.5600000000000005,3.0612893602328626,1.0279888602704195,61.67933161622517,3700.75989697351,14.0145228157452,0.6093270789454435,8.335866323245034,0.36242897057587103,8.0,0.6005023667721366,0.6352090392928412,0.41479254097127805,0.4153508648347621,0.4264140267850679,0.41479254097127805,0.9015676349611302,5.159943891492915,0.04408887296165176
5.57,0.5700000000000003,3.167634488987207,1.028428599126828,61.70571594760968,3702.342956856581,13.990150037223145,0.6082673929227455,8.341143189521937,0.362658399544432,8.0,0.5995023667721366,0.6346096377284806,0.41061468071187923,0.41118546930874095,0.4222294012835882,0.41061468071187923,0.9007168897460208,5.168955314116451,0.043858675017808935
5.58,0.5800000000000001,3.275633052350105,1.0288660337707756,61.731962026246535,3703.9177215747923,13.965692649608304,0.6072040282438393,8.346392405249308,0.36288662631518726,8.0,0.5985023667721366,0.6340047908106238,0.40644475001240654,0.4070286225346953,0.41805241278309313,0.40644475001240654,0.8998584158082873,5.177958190644222,0.04362803506974444
5.59,0.5899999999999999,3.3852763550605527,1.029301159828223,61.75806958969338,3705.4841753816027,13.941151608132547,0.6061370264405456,8.351613917938675,0.36311364860602935,8.0,0.5975023667721366,0.6333946030550731,0.4022829049422516,0.4028788035118919,0.41388322243084036,0.4022829049422516,0.8989923614897491,5.186952444530712,0.04339696072488408
5.6000000000000005,0.6000000000000005,3.4965556860689615,1.029733972985273,61.78403837911638,3707.042302746983,13.916527810176829,0.6050664265294273,8.356807675823276,0.3633394641662294,8.0,0.5965023667721365,0.6327791757559446,0.3981293004158698,0.39873795407705137,0.40972198579163926,0.3981293004158698,0.8981188705596082,5.195938000690959,0.0431654587118544
5.61,0.6100000000000003,3.6094623180563192,1.03016446900246,61.8098681401476,3708.592088408856,13.891822076813972,0.6039922642093032,8.36197362802952,0.3635640707838922,8.0,0.5955023667721365,0.6321586070044778,0.3939840900555293,0.3946060842245905,0.4055688586538002,0.3939840900555293,0.8972380822411461,5.204914785454963,0.042933536776097014
5.62,0.6200000000000001,3.7239875072809303,1.0305926437207948,61.83555862324769,3710.1335173948614,13.867035145055826,0.6029145715241664,8.367111724649538,0.36378746628911035,8.0,0.5945023667721366,0.6315329917657587,0.389847426137413,0.39048168187347787,0.40142399939203544,0.389847426137413,0.8963501313206184,5.213882726522772,0.04270120109048037
5.63,0.6299999999999999,3.840122495032628,1.0310184930242696,61.861109581456176,3711.6665748873706,13.842167716508655,0.6018333789786372,8.372221916291235,0.3640096485344015,8.0,0.5935023667721366,0.630902422115862,0.3857194599694682,0.38636593659096086,0.39728756000832915,0.3857194599694682,0.8954551484838367,5.222841752921794,0.04246845613142369
5.64,0.6399999999999997,3.9578585075348314,1.0314420128434234,61.8865207706054,3713.191246236324,13.817220452790353,0.600748715338711,8.37730415412108,0.3642306153965687,8.0,0.5925023667721366,0.6302669872781301,0.3816003418592622,0.38226089329130813,0.39315968890868097,0.3816003418592622,0.8945532603676606,5.2317917949660515,0.04223530818153165
5.65,0.6500000000000004,4.07718675481079,1.0318631991879001,61.91179195127401,3714.7075170764406,13.79219393343089,0.599660605801343,8.382358390254801,0.364450364793687,8.0,0.5915023667721365,0.6296267736014212,0.37749022079735445,0.3781638193006439,0.38904054225712603,0.37749022079735445,0.893644589529124,5.2407327842155365,0.042001763308618933
5.66,0.6600000000000001,4.198098432125172,1.032282048109596,61.93692288657576,3716.2153731945455,13.767088703697265,0.5985690740737941,8.387384577315153,0.3646688946658762,8.0,0.5905023667721365,0.6289818647947365,0.3733892448294172,0.37407403400223693,0.3849302722472703,0.3733892448294172,0.8927292547784479,5.249664653437074,0.04176782490223019
5.67,0.6699999999999999,4.32058472064098,1.0326985556859447,61.96191334115668,3717.714800469401,13.741905296289643,0.597474143316941,8.392382668231336,0.36488620296657986,8.0,0.5895023667721365,0.6283323420402099,0.3692975612255398,0.36999501417354214,0.38082902318382966,0.3692975612255398,0.8918073713394089,5.258587336567664,0.04153349675721074
5.68,0.6799999999999997,4.444636786553438,1.0331127180447401,61.986763082684405,3719.205784961064,13.716644199239923,0.5963758347495619,8.397352616536882,0.3651022876755166,8.0,0.5885023667721366,0.6276782839739964,0.3652153162388827,0.3659268143657076,0.3767369425600081,0.3652153162388827,0.8908790508222137,5.267500768678472,0.041298784133878996
5.69,0.6900000000000004,4.570245781005568,1.033524531368622,62.01147188211733,3720.6883129270395,13.691305850186334,0.5952741673994059,8.402294376423466,0.36531714680102023,8.0,0.5875023667721365,0.627019766767349,0.361142655067906,0.361866373035381,0.3726541812476251,0.361142655067906,0.8899444013385741,5.276404885939277,0.04106369094483142
5.7,0.7000000000000002,4.697402841306032,1.033933991863637,62.03603951181822,3722.162370709093,13.6658906771571,0.5941691598763956,8.407207902363645,0.36553077836363673,8.0,0.5865023667721365,0.6263568643055372,0.3570797221730779,0.3578159120963974,0.36858088410296297,0.3570797221730779,0.8890035277556494,5.285299625584748,0.04082822008415832
5.71,0.71,4.826099090566032,1.0343410957703052,62.06046574621831,3723.6279447730985,13.640399084281198,0.5930608297513564,8.412093149243663,0.3657431804018984,8.0,0.5855023667721366,0.6256896482044539,0.35302666117114856,0.3537762923531379,0.364517195338873,0.35302666117114856,0.8880565317196181,5.294184925882124,0.040592375549856285
5.72,0.7199999999999998,4.956325637364963,1.034745839374634,62.08475036247804,3725.0850217486823,13.614831437595726,0.5919491929389447,8.41695007249561,0.36595435097806994,8.0,0.5845023667721366,0.6250181878525392,0.3489836147318083,0.3497456053421545,0.3604632616612337,0.3489836147318083,0.88710351171518,5.303060726099298,0.04035616067017145
5.73,0.7300000000000004,5.088073576717012,1.0351482189837085,62.108893139022506,3726.5335883413504,13.589188096730027,0.5908342650752185,8.421778627804501,0.3661642881654131,8.0,0.5835023667721365,0.6243425505682786,0.34495072482544786,0.3457251727304537,0.35641922540272325,0.34495072482544786,0.8861445632890989,5.311926966474321,0.04011957786845244
5.74,0.7400000000000002,5.221333989882556,1.0355482309320032,62.132893855920194,3727.9736313552116,13.563469406772434,0.5897160611640189,8.426578771184039,0.36637299005147994,8.0,0.5825023667721366,0.6236628016273599,0.3409281326643307,0.34171580411891456,0.3523852277012959,0.3409281326643307,0.8851797790887455,5.32078358818621,0.03988263077645371
5.75,0.75,5.356097943776382,1.0359458715992376,62.156752295954256,3729.4051377572555,13.53767567521183,0.5885945945744274,8.43135045919085,0.3665804547474283,8.0,0.5815023667721366,0.6229790042718326,0.3369159785308241,0.3377159256662733,0.34836141385879815,0.3369159785308241,0.8842092488750984,5.3296305333260285,0.03964532251333708
5.76,0.7599999999999998,5.492356492084425,1.03634113738227,62.1804682429362,3730.828094576172,13.511807208417096,0.5874698786268303,8.436093648587239,0.3667866803733582,8.0,0.5805023667721366,0.6222912198828745,0.33291440206270195,0.33372614092572106,0.3443479244985226,0.33291440206270195,0.8832330597679559,5.338467744869243,0.03940765467321228
5.7700000000000005,0.7700000000000005,5.63010067538412,1.0367340246927017,62.2040414815621,3732.242488893726,13.485864314769044,0.5863419267290889,8.44080829631242,0.36699166505706177,8.0,0.5795023667721366,0.6215995080207775,0.3289235422796013,0.3297485575668887,0.3403448957508993,0.3289235422796013,0.8822512963026884,5.347295166649597,0.03916963022827957
5.78,0.7800000000000002,5.769321520108088,1.0371245299868357,62.22747179921014,3733.648307952609,13.45984726593029,0.5852107506926213,8.445494359842028,0.3671954069496534,8.0,0.5785023667721366,0.62090392639664,0.32494353729149295,0.32578137561538856,0.33635247049296757,0.32494353729149295,0.8812640403900613,5.35611274333306,0.03893125276250231
5.79,0.79,5.910010039276614,1.0375126497479517,62.2507589848771,3735.0455390926263,13.433756319873813,0.5840763617336441,8.450151796975419,0.36739790421632257,8.0,0.5775023667721366,0.6202045309972453,0.32097452448039127,0.3218233883603362,0.3323707905403376,0.32097452448039127,0.8802713714934772,5.364920420392478,0.0386925239691891
5.8,0.7999999999999998,6.0521572332934825,1.0378983804662194,62.27390282797317,3736.43416967839,13.407591746946256,0.582938771606359,8.454780565594632,0.36759915502585355,8.0,0.5765023667721366,0.6195013761973879,0.3170166407039429,0.3178770632132362,0.3283999905141936,0.3170166407039429,0.8792733667884045,5.373718144083887,0.03845344533011996
5.8100000000000005,0.8100000000000005,6.1957540893996494,1.038281718654554,62.296903119273246,3737.814187156395,13.381353809371447,0.5817979917118021,8.45938062385465,0.3677991575588978,8.0,0.5755023667721365,0.6187945147464339,0.3130700221413811,0.31394373679776927,0.32444020541573826,0.3130700221413811,0.8782701011433008,5.382505861423547,0.03821402000232865
5.82,0.8200000000000003,6.3407915811096585,1.0386626608662661,62.31975965197597,3739.185579118558,13.355042738478568,0.5806540321077638,8.463951930395194,0.3679979100171823,8.0,0.5745023667721366,0.6180839977868834,0.3091348041250631,0.3100203140828685,0.3204915760124429,0.3091348041250631,0.8772616471459603,5.391283520164993,0.03797425056630033
5.83,0.8300000000000001,6.487260669350258,1.03904120366588,62.3424722199528,3740.548333197168,13.328658772543966,0.5795069031540855,8.468494443990561,0.36819541060828526,8.0,0.5735023667721365,0.6173698749916499,0.30521112143446916,0.30610803185974794,0.3165542377416601,0.30521112143446916,0.8762480752983568,5.4000510687772145,0.037734138397780725
5.84,0.8399999999999999,6.635152302317271,1.0394173436342218,62.36504061805331,3741.9024370831985,13.302202150245625,0.5783566152280707,8.473008123610661,0.3683916575482896,8.0,0.5725023667721366,0.6166521945855401,0.30129910824926737,0.3022085966426113,0.31262832421280895,0.30129910824926737,0.8752294540471312,5.408808456423942,0.03749368597406999
5.8500000000000005,0.8500000000000005,6.784457414922587,1.0397910773853614,62.38746464312168,3743.247878587301,13.275673088790212,0.5772031777734875,8.477492928624336,0.36858664907062333,8.0,0.5715023667721365,0.6159310033479767,0.29739889798641067,0.2983200624857995,0.3087139723637421,0.29739889798641067,0.8742058497874553,5.417555632943115,0.037252895633301364
5.86,0.8600000000000003,6.935166929594086,1.040162401546888,62.40974409281328,3744.5846455687965,13.249071809517826,0.5760466004138185,8.481948818562657,0.3687803834157677,8.0,0.5705023667721365,0.6152063467243718,0.2935106235011207,0.2944431485157099,0.30481131582802257,0.2935106235011207,0.8731773270211078,5.426292548827157,0.037011768719260374
5.87,0.8700000000000001,7.087271756325811,1.0405313127597464,62.431878765584784,3745.912725935087,13.222398538153026,0.5748868929631751,8.486375753116956,0.368972858831172,8.0,0.5695023667721365,0.6144782688586601,0.28963441709179555,0.2905791575258275,0.30092048583851383,0.28963441709179555,0.8721439484026486,5.435019155204276,0.03677030763891054
5.88,0.8799999999999999,7.2407627919540145,1.0408978076996662,62.45386846197997,3747.2321077187985,13.195653477119713,0.5737240642225963,8.490773692395994,0.3691640735824345,8.0,0.5685023667721365,0.613746812577012,0.2857704102920976,0.28672666229311755,0.2970416180623786,0.2857704102920976,0.8711057747163027,5.44373540381987,0.03652851483789732
5.89,0.8899999999999997,7.395630921002965,1.0412618830565044,62.47571298339026,3748.5427790034155,13.16883683235941,0.5725581231460614,8.495142596678052,0.369354025942524,8.0,0.5675023667721365,0.6130120195008367,0.2819187340816819,0.28288580806157804,0.2931748451476164,0.2819187340816819,0.8700628650363481,5.452441247018633,0.03628639135146727
5.9,0.9000000000000004,7.5518670160010295,1.0416235355266954,62.49741213160172,3749.844727896103,13.141948823137737,0.5713890792668581,8.499482426320345,0.36954271418784107,8.0,0.5665023667721365,0.6122739300926906,0.2780795189637757,0.27905847599575595,0.2893202948362763,0.2780795189637757,0.869015276792275,5.461136637727777,0.03604393905797565
5.91,0.9100000000000001,7.7094619366455435,1.041982761837664,62.51896571025984,3751.1379426155904,13.114989650497222,0.5702169413259662,8.503793142051968,0.36973013661095516,8.0,0.5655023667721365,0.6115325836308725,0.2742528947276921,0.2752437943073165,0.2854780995913576,0.2742528947276921,0.867963065732728,5.469821529440402,0.03580116086858709
5.92,0.9199999999999999,7.868406530018649,1.0423395587440671,62.540373524644025,3752.4224114786416,13.08795950218812,0.5690417174864401,8.508074704928806,0.3699162915186437,8.0,0.5645023667721365,0.6107880182637216,0.27043899049109016,0.27144025423834406,0.28164839332527297,0.27043899049109016,0.8669062860025726,5.478495876199078,0.0355580583476538
5.93,0.9299999999999997,8.028691631511746,1.042693923004617,62.561635380277025,3753.6981228166214,13.060858582731042,0.5678634166404801,8.512327076055405,0.3701011772198002,8.0,0.5635023667721366,0.6100402711119689,0.26663793493447235,0.2676494362689173,0.2778313036117601,0.26663793493447235,0.8658449902881646,5.487159632580532,0.03531463232643972
5.94,0.9400000000000004,8.190308064540737,1.0430458513905958,62.582751083435745,3754.965065006145,13.033687102421663,0.5666820479313767,8.51655021668715,0.3702847920298761,8.0,0.5625023667721365,0.6092893782636561,0.26284985621883145,0.26387339264258125,0.27402695602113364,0.26284985621883145,0.8647792298101397,5.495812753681024,0.035070885263188245
5.95,0.9500000000000002,8.353246639752122,1.043395340709881,62.60372044259286,3756.2232265555717,13.006445246303779,0.5654976194045122,8.520744088518573,0.3704671342834162,8.0,0.5615023667721366,0.6085353747613723,0.2590748817535092,0.2601093887625256,0.27023548294162875,0.2590748817535092,0.863709054305296,5.504455195101601,0.034826819537052245
5.96,0.96,8.517498156033245,1.0437423877813368,62.62454326688021,3757.4725960128126,12.979133207377433,0.5643101394511928,8.524908653376041,0.37064820232069745,8.0,0.5605023667721366,0.6077782947009414,0.25531313845410347,0.2563578470974272,0.26645701245691533,0.25531313845410347,0.8626345121666659,5.513086912933961,0.03458243622829116
5.97,0.9699999999999998,8.683053400572344,1.0440869894344469,62.64521936606681,3758.7131619640086,12.95175118711067,0.5631196168308987,8.529043873213363,0.3708279944875375,8.0,0.5595023667721366,0.6070181712576534,0.2515647527492716,0.2526208075051798,0.2626916699596684,0.2515647527492716,0.861555650480745,5.5217078637471975,0.03433773731116929
5.98,0.9800000000000004,8.84990314825687,1.04442914252756,62.6657485516536,3759.944913099216,12.924299371882192,0.5619260596470518,8.53314971033072,0.3710065091448139,8.0,0.5585023667721366,0.6062550366732518,0.2478298504041967,0.24889662464657764,0.25893958411764956,0.2478298504041967,0.8604725150090238,5.530318004574647,0.034092724956593656
5.99,0.9900000000000002,9.01803816227784,1.044768843933579,62.68613063601474,3761.1678381608845,12.896777951566326,0.5607294761550577,8.537226127202947,0.3711837446609977,8.0,0.5575023667721366,0.6054889223278124,0.24410855666719794,0.24518551836336722,0.255200881454984,0.24410855666719794,0.859385150290007,5.538917292901142,0.03384740035943423
6.0,1.0,9.187449194368941,1.0451060905347487,62.70636543208492,3762.3819259250954,12.869187126318316,0.5595298750573181,8.541273086416984,0.3713596994094341,8.0,0.5565023667721366,0.6047198587750187,0.24040099632438616,0.24148890475486906,0.2514756854520608,0.24040099632438616,0.8582935996892804,5.547505686651038,0.03360176546793525
6.01,1.0099999999999998,9.358126984124603,1.0454408792429377,62.726452754576265,3763.587165274576,12.841527080376665,0.5583272643642029,8.545290550915253,0.371534371778924,8.0,0.5555023667721366,0.6039478757205199,0.23670729350252906,0.23780572565645502,0.24776412333364078,0.23670729350252906,0.8571979053687945,5.556083144176329,0.03335582261710357
6.0200000000000005,1.0200000000000005,9.530062259547034,1.0457732069870906,62.74639241922544,3764.783545153526,12.813797998369834,0.5571216521030362,8.549278483845088,0.3717077601671777,8.0,0.5545023667721366,0.6031730020872684,0.23302757179836853,0.234135796939335,0.24406632095358138,0.23302757179836853,0.8560981083795987,5.564649624245071,0.03310957292934802
6.03,1.0300000000000002,9.703245737525396,1.0461030707015249,62.76618424209149,3765.9710545254893,12.786000080501628,0.5559130469783317,8.553236848418297,0.3718798629747086,8.0,0.5535023667721366,0.602395266064007,0.22936195439752055,0.23048061625124702,0.24038239932306413,0.22936195439752055,0.8549942487306608,5.573205086030622,0.03286301784822143
6.04,1.04,9.877668123227066,1.046430467344055,62.785828040643295,3767.1496824385977,12.75813351914133,0.5547014573539709,8.55716560812866,0.37205067861428953,8.0,0.5525023667721366,0.6016146950861957,0.22571056389838456,0.22684005254046047,0.2367124820404648,0.22571056389838456,0.8538863653617969,5.581749489101084,0.0326161600475956
6.05,1.0499999999999998,10.053320109935031,1.0467553939024767,62.80532363414861,3768.3194180489163,12.730198490491382,0.5534868908909296,8.56106472682972,0.37222020551433566,8.0,0.5515023667721367,0.6008313158486283,0.22207352225210164,0.22321256464430833,0.23305669590984993,0.22207352225210164,0.8527744961615764,5.590282793408701,0.032369001304381584
6.0600000000000005,1.0600000000000005,10.230192380030491,1.0470778473701425,62.824670842208555,3769.4802505325133,12.702195186261214,0.5522693559244006,8.56493416844171,0.3723884421061613,8.0,0.5505023667721366,0.6000451543922581,0.21845095100922918,0.2195990654490722,0.22941516233414944,0.21845095100922918,0.851658678090558,5.598804959279962,0.032121542341158715
6.07,1.0700000000000003,10.408275604895259,1.0473978247493,62.843869484958006,3770.6321690974805,12.674123809364088,0.5510488612766995,8.568773896991601,0.37255538682572176,8.0,0.5495023667721366,0.5992562361063394,0.21484297128817859,0.21600169896677401,0.22578799940028896,0.21484297128817859,0.8505389471843272,5.607315947406335,0.03187378528782858
6.08,1.08,10.587560444088004,1.047715323075899,62.86291938455395,3771.775163073237,12.645984541887213,0.5498254148646614,8.57258387691079,0.37272103812655605,8.0,0.5485023667721366,0.5984645857033792,0.21124970353448635,0.21241843526663776,0.22217533161315434,0.21124970353448635,0.8494153385179465,5.615815718834846,0.031625732544853236
6.09,1.0899999999999999,10.768037546131028,1.048030339400197,62.88182036401182,3772.9092218407095,12.617777570240705,0.5485990247930742,8.576364072802365,0.372885394469668,8.0,0.5475023667721366,0.5976702272850132,0.20767126771666145,0.20884911601577683,0.21857728062945853,0.20767126771666145,0.8482878862994531,5.624304234958933,0.03137738527928491
6.1000000000000005,1.1000000000000005,10.949697548755026,1.0483428707814846,62.90057224688908,3774.0343348133447,12.58950309202346,0.5473696996531939,8.580114449377815,0.37304845432077455,8.0,0.5465023667721366,0.5968731843715511,0.20410778338133329,0.20529564474159567,0.21499396493467898,0.20410778338133329,0.8471566239117948,5.6327814575099895,0.031128745240650346
6.11,1.1100000000000003,11.132531078342671,1.0486529143050103,62.919174858300615,3775.150491498037,12.561161294171297,0.5461374475726651,8.583834971660124,0.37321021615913585,8.0,0.5455023667721366,0.5960734798841935,0.2005593694890499,0.20175691413377755,0.21142550566306673,0.2005593694890499,0.8460215838875887,5.641247348548986,0.030879814604645617
6.12,1.12,11.316528750319568,1.0489604670735775,62.93762802441465,3776.257681464879,12.532752363891422,0.5449022766909314,8.58752560488293,0.3733706784731709,8.0,0.5445023667721367,0.5952711361872688,0.1970261445017164,0.19823277939730707,0.20787202294611615,0.1970261445017164,0.8448827979690703,5.649701870458269,0.03063059468425422
6.13,1.13,11.501681169532361,1.0492655261986954,62.955931571921724,3777.3558943153034,12.504276500150208,0.5436641956587047,8.591186314384345,0.3735298397558411,8.0,0.5435023667721367,0.5944661751237873,0.19350822647308097,0.19472450515602727,0.20433363367225188,0.19350822647308097,0.8437402971585549,5.658144985933907,0.030381087204666812
6.140000000000001,1.1400000000000006,11.687978929681817,1.0495680888176706,62.97408532906024,3778.445119743614,12.475733891604328,0.5424232126784491,8.594817065812048,0.3736876985135673,8.0,0.5425023667721367,0.5936586179951925,0.19000573288255784,0.1912314786598231,0.20081045740388054,0.19000573288255784,0.8425941116896992,5.6665766579781485,0.030131294493955352
6.15,1.1500000000000004,11.875412613593166,1.0498681520885746,62.99208912531448,3779.525347518869,12.447124723174728,0.5411793357902055,8.598417825062896,0.37384425326360415,8.0,0.5415023667721367,0.5928484855940829,0.18651878068924255,0.1877533174528804,0.19730261371935373,0.18651878068924255,0.8414442710739439,5.674996849891967,0.029881217912077318
6.16,1.1600000000000001,12.06397279380289,1.0501657131759121,63.009942790554724,3780.5965674332833,12.418449194629579,0.539932573679547,8.601988558110946,0.3739995025265629,8.0,0.5405023667721367,0.5920357982508385,0.1830474864768819,0.18429111890993333,0.19381021773162344,0.1830474864768819,0.8402908041666919,5.68340552526817,0.02963085871628124
6.17,1.17,12.253650032159591,1.0504607692629002,63.027646155774015,3781.6587693464407,12.389707504737789,0.5386829349885995,8.605529231154803,0.3741534448328175,8.0,0.5395023667721367,0.5912205758213176,0.17959196633491498,0.18084523103028796,0.190333385338472,0.17959196633491498,0.8391337391498453,5.691802647984752,0.029380219434152366
6.18,1.1799999999999997,12.444434879416715,1.0507533175645951,63.045199053875706,3782.7119432325426,12.360899834339156,0.5374304275799633,8.60903981077514,0.3743060787293539,8.0,0.5385023667721367,0.5904028376767836,0.17615233573202005,0.17741427651195005,0.18687223659823055,0.17615233573202005,0.8379731035175096,5.700188182198088,0.029129302075453722
6.19,1.1900000000000004,12.636317876188743,1.0510433553044092,63.06260131826455,3783.756079095873,12.332026376788695,0.5361750598603781,8.612520263652911,0.3744574027675179,8.0,0.5375023667721367,0.5895826027737407,0.1727287097529998,0.17399870420562885,0.18342688718355576,0.1727287097529998,0.8368089241751121,5.708562092336552,0.02887810745380648
6.2,1.2000000000000002,12.829289552994444,1.0513308797136713,63.07985278282028,3784.791166969217,12.303087338545295,0.5349168408063172,8.615970556564056,0.37460741550278503,8.0,0.5365023667721367,0.5887598896615229,0.16932120310447973,0.17060041223038924,0.1799974488958067,0.16932120310447973,0.8356412274501733,5.716924343094679,0.02862663749190375
6.21,1.21,13.023340429508503,1.0516158880542472,63.096953283254834,3785.81719699529,12.274082909966197,0.5336557786941825,8.619390656650967,0.3747561155065638,8.0,0.5355023667721368,0.5879347164548636,0.1659299298949164,0.16721811082357152,0.17658403883451818,0.1659299298949164,0.8344700390533751,5.7252748994271965,0.028374894620185387
6.22,1.2199999999999998,13.218461015099585,1.051898377606075,63.1139026563645,3786.83415938187,12.245013281486045,0.5323918818037411,8.622780531272902,0.37490350135969136,8.0,0.5345023667721368,0.5871071008741657,0.16255500376142917,0.16385131024659527,0.1731867727096636,0.16255500376142917,0.8332953841357161,5.733613726543142,0.028122880197990696
6.23,1.2300000000000004,13.414641809215237,1.0521783456582068,63.130700739492404,3787.842044369544,12.215878655243792,0.5311251589236432,8.626140147898482,0.3750495716477601,8.0,0.5335023667721367,0.5862770602761705,0.15919653796115973,0.16050156509568395,0.16980576291286764,0.15919653796115973,0.8321172873320414,5.7419407899004815,0.027870595855382874
6.24,1.2400000000000002,13.611873300915702,1.0524557895231827,63.147347371390964,3788.8408422834577,12.18667922653079,0.529855618544817,8.629469474278192,0.37519432496861704,8.0,0.5325023667721368,0.5854446116367702,0.15585464523168713,0.15716829290049678,0.16644112366840336,0.15585464523168713,0.8309357727366472,5.750256055200825,0.027618043784968904
6.25,1.25,13.810145969073417,1.0527307065339062,63.163842392034375,3789.8305435220627,12.15741518788875,0.5285832690386413,8.632768478406874,0.37533775993073365,8.0,0.5315023667721368,0.5846097715724455,0.15252943782560047,0.1538511497883727,0.16309296912078602,0.15252943782560047,0.829750863933709,5.758559488384177,0.027365225477844035
6.26,1.2599999999999998,14.009450282833233,1.0530030940327395,63.18018564196437,3790.811138517862,12.128086743255228,0.5273081192719664,8.636037128392875,0.3754798751475163,8.0,0.5305023667721368,0.5837725563738452,0.14922102762114875,0.15055114071069703,0.15976141028573665,0.14922102762114875,0.8285625840449405,5.76685105562407,0.027112142544453377
6.2700000000000005,1.2700000000000005,14.209776701182461,1.0532729493847952,63.196376963087715,3791.782617785263,12.098694090809675,0.5260301778612902,8.639275392617542,0.3756206692442409,8.0,0.5295023667721368,0.5829329819895068,0.14592952599313952,0.14726802718447707,0.15644655978538152,0.14592952599313952,0.8273709557064891,5.775130723322827,0.026858797301485993
6.28,1.2800000000000002,14.411115673004884,1.0535402699787695,63.21241619872617,3792.74497192357,12.069237421952199,0.5247494531283565,8.642483239745234,0.3757601408584884,8.0,0.5285023667721368,0.5820910640376723,0.14265504380815297,0.14400136363615704,0.1531485312163265,0.14265504380815297,0.826176001085705,5.783398458106788,0.026605191342000012
6.29,1.29,14.613457637713589,1.0538050532116352,63.228303192698114,3793.6981915618867,12.039716941144572,0.5234659539628075,8.645660638539622,0.37589828863215746,8.0,0.5275023667721368,0.5812468178483627,0.1393976915790731,0.14075190426773457,0.1498674342614436,0.1393976915790731,0.8249777419408602,5.791654226821921,0.026351325873932296
6.3,1.2999999999999998,14.816793025018951,1.054067296496248,63.244037789774886,3794.642267386493,12.01013285610573,0.5221796893959013,8.648807557954978,0.3760351112154338,8.0,0.5265023667721369,0.5804002584565129,0.13615757939180645,0.13752021597268077,0.1466033781271826,0.13615757939180645,0.8237761996114029,5.7998979965296815,0.02609720329854781
6.3100000000000005,1.3100000000000005,15.021112254407443,1.054326997277606,63.259619836656356,3795.577190199381,11.980485356831213,0.5208906676883137,8.651923967331271,0.37617060727527263,8.0,0.5255023667721368,0.5795514005815953,0.13293481674735136,0.1343052041601105,0.1433564764035583,0.13293481674735136,0.8225713949890386,5.8081297345026845,0.025842825792523172
6.32,1.3200000000000003,15.226405736001139,1.0545841530120987,63.27504918072592,3796.5029508435555,11.95077464249041,0.519598897499583,8.655009836145185,0.37630477548457325,8.0,0.5245023667721368,0.5787002586813039,0.12972951277101274,0.13110703257313416,0.14012683929990621,0.12972951277101274,0.8213633485939239,5.816349408220599,0.02558819433854609
6.33,1.33,15.432663870705357,1.0548387611643768,63.29032566986261,3797.419540191757,11.921000925497117,0.518304388065092,8.65806513397252,0.37643761452054436,8.0,0.5235023667721368,0.577846846962671,0.12654177624474816,0.12792721309749866,0.13691457309917554,0.12654177624474816,0.820152080590445,5.824556985366521,0.025333310725550007
6.34,1.3399999999999999,15.63987704957775,1.0550908192266097,63.305449153596584,3798.326949215795,11.891164406651027,0.517007148115262,8.661089830719316,0.3765691230747529,8.0,0.5225023667721368,0.576991179356701,0.12337171541963071,0.12476505523305861,0.1337197880860374,0.12337171541963071,0.8189376107512153,5.832752433823229,0.025078177382937383
6.3500000000000005,1.3500000000000005,15.848035654150806,1.0553403247120354,63.32041948272212,3799.225168963327,11.861265283533996,0.5157071862406085,8.664083896544426,0.37669929984975764,8.0,0.5215023667721368,0.5761332695403675,0.1202194380827925,0.12161996467329506,0.13054259430748255,0.1202194380827925,0.817719958488296,5.840935721669427,0.024822795864828606
6.36,1.3600000000000003,16.057130056898284,1.0555872751439064,63.33523650863438,3800.114190518063,11.831303764840204,0.5144045115147915,8.667047301726877,0.37682814355334243,8.0,0.5205023667721368,0.5752731309662784,0.1170850516692461,0.11849309977491963,0.12738309860473584,0.1170850516692461,0.8164991428953006,5.849106817176345,0.024567167750426222
6.37,1.37,16.26715062087007,1.0558316680670439,63.349900084022636,3800.994005041358,11.801280055471011,0.5130991328465657,8.669980016804526,0.37695565290454464,8.0,0.5195023667721368,0.5744107768480607,0.11396866314972226,0.1153842612995129,0.12424140890357427,0.11396866314972226,0.8152751827266512,5.857265688804455,0.024311295232450902
6.38,1.38,16.47808769975198,1.0560735010485554,63.36441006291332,3801.8646037747994,11.771194355660565,0.5117910589417637,8.672882012582665,0.3770818266340289,8.0,0.5185023667721368,0.5735462201684799,0.11087037902665009,0.11229306096596219,0.12111763364384137,0.11087037902665009,0.8140480964091024,5.865412305200134,0.02405517996510298
6.390000000000001,1.3900000000000006,16.689931638353652,1.0563127716663459,63.378766299980754,3802.7259779988453,11.741046875869243,0.5104802989508367,8.67575325999615,0.37720666347809345,8.0,0.5175023667721367,0.5726794737094687,0.10779030545038415,0.10922023599761616,0.1180118784369314,0.10779030545038415,0.8128179020843623,5.873546635192602,0.023798823520678525
6.4,1.4000000000000004,16.902672772302967,1.056549477518969,63.39296865113814,3803.5781190682883,11.710837824080018,0.5091668619165225,8.678593730227629,0.37733016218380994,8.0,0.5165023667721367,0.5718105500399224,0.1047285481237139,0.10616578629094767,0.11492424966547071,0.1047285481237139,0.8115846175917696,5.881668647790982,0.023542228188276226
6.41,1.4100000000000001,17.116301427965467,1.0567836162301114,63.407016973806684,3804.421018428401,11.68056740005024,0.5078507565239235,8.681403394761336,0.37745232151136243,8.0,0.5155023667721368,0.570939461515503,0.101685212260343,0.10312931333769614,0.11185485517064725,0.101685212260343,0.8103482604680157,5.889778312181281,0.023285395738255943
6.42,1.42,17.330807923068676,1.0570151854337342,63.42091112602405,3805.254667561443,11.650235814567132,0.5065319919377014,8.684182225204811,0.3775731402262961,8.0,0.5145023667721368,0.5700662203148588,0.09866040273477894,0.10011131720292257,0.10880379947996488,0.09866040273477894,0.8091088479985522,5.897875597723613,0.02302832741854388
6.43,1.4299999999999997,17.546182566584108,1.0572441827784822,63.43465096670893,3806.079058002536,11.619843283773813,0.5052105775553832,8.686930193341787,0.37769261710181684,8.0,0.5135023667721368,0.5691908384362763,0.09565422404025548,0.09711237936992832,0.10577118595832291,0.09565422404025548,0.8078663972128391,5.905960473949669,0.022771025525813116
6.44,1.4400000000000004,17.762415658197835,1.0574706059442502,63.448236356655016,3806.894181399301,11.58939000779537,0.5038865220780595,8.689647271331003,0.3778107509274349,8.0,0.5125023667721368,0.5683133276744292,0.09266678012740082,0.09413172452717347,0.10275712204242843,0.09266678012740082,0.8066209248513435,5.914032910559991,0.02251349232520994
6.45,1.4500000000000002,17.97949748903949,1.0576944526249865,63.46166715749919,3807.7000294499517,11.558876193028034,0.5025598344794797,8.692333431499838,0.37792754049999294,8.0,0.5115023667721368,0.5674336996604309,0.08969817457764495,0.09116938143882791,0.09976171265316436,0.08969817457764495,0.8053724474223874,5.922092877421359,0.02225572898481687
6.46,1.46,18.197418341895894,1.0579157205239467,63.4749432314368,3808.496593886208,11.528302058295306,0.501230524273709,8.69498864628736,0.37804298462118957,8.0,0.5105023667721368,0.566551965874506,0.08674851065155309,0.08822646063545421,0.09678505904136686,0.08674851065155309,0.8041209812201328,5.930140344564571,0.02199773723017273
6.47,1.4699999999999998,18.41616849069878,1.05813440736959,63.4880644421754,3809.283866530524,11.497667814338214,0.49989860062340064,8.69761288843508,0.378157082105873,8.0,0.5095023667721369,0.5656681376239621,0.0838178911339188,0.08530265970175226,0.09382726533960095,0.0838178911339188,0.8028665422933161,5.938175282182138,0.021739519463253032
6.48,1.4800000000000004,18.635738200701454,1.0583505109132116,63.5010306547927,3810.061839287562,11.4669736669256,0.4985640724750261,8.70020613095854,0.3782698317808061,8.0,0.5085023667721368,0.5647822260536999,0.08090641835992773,0.08239745596441446,0.09088843612093156,0.08090641835992773,0.8016091464601662,5.946197660625907,0.0214810773911438
6.49,1.4900000000000002,18.8561177289664,1.058564028917413,63.51384173504478,3810.8305041026865,11.43621983179494,0.49722694920847565,8.702768347008956,0.37838123247865024,8.0,0.5075023667721369,0.5638942421731388,0.07801419433141721,0.07951165739361218,0.08796867304433797,0.07801419433141721,0.8003488093466196,5.95420745040494,0.02122241260180857
6.5,1.5,19.077297324087315,1.0587749591652478,63.526497549914865,3811.5898529948918,11.405406522858792,0.49588724012429536,8.705299509982973,0.37849128304273794,8.0,0.5065023667721369,0.5630041968441719,0.07514132062815909,0.07664526809852784,0.08506807832993057,0.07514132062815909,0.7990855463692252,5.96220462218352,0.020963527275696947
6.51,1.5099999999999998,19.299267226177143,1.058983299462927,63.538997967775614,3812.339878066537,11.37453394875706,0.49454495429378525,8.707799593555123,0.3785999823284836,8.0,0.5055023667721369,0.5621121007820811,0.0722878983836962,0.07379797441023406,0.08218675494116384,0.0722878983836962,0.7978193727364433,5.970189146779048,0.020704423202623445
6.5200000000000005,1.5200000000000005,19.522017667323745,1.0591890476293,63.551342857758,3813.0805714654803,11.343602326488838,0.49320010115168866,8.7102685715516,0.3787073291978956,8.0,0.5045023667721369,0.5612179645804035,0.06945402839167669,0.07097026727606986,0.07932480349708115,0.06945402839167669,0.7965503034839386,5.978160995160151,0.020445102039857943
6.53,1.5300000000000002,19.745538871359706,1.0593922015037243,63.563532090223454,3813.811925413407,11.312611871273532,0.49185269005537097,8.712706418044691,0.3788133225236822,8.0,0.5035023667721368,0.5603217987007206,0.06792549960439676,0.06852448666893365,0.0766837054646054,0.06792549960439676,0.7952783534600881,5.98612013844487,0.020185565809796913
6.54,1.54,19.969821053968563,1.0595927589454959,63.575565536729755,3814.5339322037853,11.281562797329347,0.49050273031866726,8.71511310734595,0.3789179611889543,8.0,0.5025023667721369,0.559423613479227,0.06692593933974633,0.06698138727537883,0.07467064368886239,0.06692593933974633,0.7940035373353042,5.994066547898847,0.019925816406953345
6.55,1.5499999999999998,20.194854422822996,1.0597907178318633,63.5874430699118,3815.246584194708,11.250455320476085,0.48915023132504715,8.71748861398236,0.37902124408618953,8.0,0.5015023667721369,0.5585234191346862,0.0658657475644191,0.06573715429932943,0.07302604629382253,0.06573715429932943,0.7927258696133263,6.00200019493359,0.01966585566795942
6.5600000000000005,1.5600000000000005,20.420629177627255,1.0599860760588549,63.59916456353129,3815.9498738118773,11.219289657101362,0.4877952024826679,8.71983291270626,0.37912317011766344,8.0,0.5005023667721369,0.5576212257715387,0.0647050086528953,0.06452567287002639,0.07155353584546076,0.06452567287002639,0.7914453646356326,6.009921051104835,0.01940568546847743
6.57,1.5700000000000003,20.64713551019066,1.060178831541233,63.610729892473984,3816.643793548439,11.188066024256955,0.48643765322856325,8.722145978494797,0.379223738195426,8.0,0.4995023667721369,0.5567170433843964,0.06352186032212559,0.06333999268236996,0.0701934956516026,0.06333999268236996,0.7901620365878188,6.017829088110952,0.01914530768371492
6.58,1.58,20.874363604498487,1.060368982212529,63.622138932751746,3817.3283359651045,11.156784639650667,0.4850775930282899,8.724427786550349,0.3793229472413195,8.0,0.49850236677213694,0.5558108818622183,0.06234695678457314,0.06218013626303023,0.06891177682192762,0.06218013626303023,0.7888758995055247,6.025724277791419,0.0188847242071688
6.59,1.5899999999999999,21.10230363677133,1.0605565260253764,63.633391561522586,3818.0034936913553,11.125445721250689,0.48371503135872557,8.726678312304518,0.37942079618715296,8.0,0.49750236677213694,0.5549027509917189,0.061190575381700585,0.06104612595506135,0.0676879333765002,0.06104612595506135,0.7875869672792725,6.033606592125342,0.018623936904035077
6.6000000000000005,1.6000000000000005,21.330945775570836,1.0607414609506096,63.64448765703658,3818.6692594221945,11.094049488485833,0.4823499777602536,8.728897531407316,0.3795172839742311,8.0,0.4965023667721369,0.5539926604631963,0.06005833268905292,0.05993798390786946,0.066509077147752,0.05993798390786946,0.7862952536627374,6.041476003230053,0.01836294769284308
6.61,1.6100000000000003,21.560280181799016,1.0609237849792335,63.655427098754004,3819.3256259252403,11.06259615973599,0.48098244172765175,8.731085419750801,0.37961240955438263,8.0,0.49550236677213694,0.5530806198703828,0.05895039947898051,0.058855732097786044,0.06536809201586924,0.058855732097786044,0.7850007722725375,6.049332483359729,0.018101758417351732
6.62,1.62,21.790297008899856,1.0611034961189567,63.6662097671374,3819.972586028244,11.031085956846994,0.47961243290639105,8.73324195342748,0.3797061718881513,8.0,0.49450236677213694,0.5521666387210661,0.05786862490241651,0.05779939228937509,0.06425981450143786,0.05779939228937509,0.7837035366033066,6.0571760049041075,0.017840371005014788
6.63,1.63,22.020986402735716,1.0612805923993338,63.67683554396003,3820.610132637602,10.999519098518324,0.4782399608051445,8.735367108792005,0.37979856994747846,8.0,0.49350236677213694,0.5512507264304916,0.056812333949801785,0.05676898609349324,0.06318194286070294,0.05676898609349324,0.7824035600183317,6.065006540387215,0.01757878744093233
6.640000000000001,1.6400000000000006,22.252338501822127,1.061455071867775,63.68730431206651,3821.2382587239904,10.967895805500211,0.4768650350217483,8.7374608624133,0.37988960271362177,8.0,0.4925023667721369,0.550332892332917,0.0557817454443148,0.05576453491896911,0.062132774754728226,0.05576453491896911,0.7811008557659518,6.072824062466137,0.017317009411968343
6.65,1.6500000000000004,22.484343437454463,1.0616269325875733,63.6976159552544,3821.856957315264,10.93621630316852,0.475487665355153,8.73952319105088,0.37997926917612523,8.0,0.4915023667721369,0.5494131456881197,0.054775612546421715,0.054784142976923945,0.061110391131475095,0.054775612546421715,0.7797954369887938,6.080628543929911,0.017055038942139333
6.66,1.6600000000000001,22.716991333467497,1.0617961726466179,63.70777035879707,3822.466221527824,10.904480810302385,0.474107861317495,8.741554071759413,0.38006756833736577,8.0,0.49050236677213693,0.5484914956685858,0.053777119496282166,0.053811658938322036,0.06010307500631645,0.053777119496282166,0.7784873167055905,6.088419957698383,0.016792878071420603
6.67,1.67,22.950272306629103,1.0619627901490019,63.71776740894011,3823.066044536407,10.87268954996791,0.47272563260730044,8.743553481788023,0.3801544992081749,8.0,0.48950236677213693,0.5475679513785257,0.05277686656542513,0.05283751862939327,0.0591022801579707,0.05277686656542513,0.7771765078381689,6.096198276821101,0.016530528425342084
6.68,1.6799999999999997,23.18417646668761,1.0621267832151247,63.72760699290748,3823.656419574449,10.840842749409038,0.4713409891047408,8.745521398581495,0.3802400608078911,8.0,0.48850236677213693,0.5466425218562094,0.05177686654693092,0.05186342446890837,0.05810650061122408,0.05177686654693092,0.7758630232147657,6.103963474476366,0.0162679920638098
6.69,1.6900000000000004,23.418693916140064,1.0622881499902779,63.73728899941667,3824.237339965,10.808940628990849,0.46995394039090643,8.747457799883335,0.38032425216884064,8.0,0.4875023667721369,0.5457152160612528,0.05077686654693081,0.0508894884422027,0.057113578216237026,0.05077686654693081,0.7745468755519814,6.1117155239702,0.01600527103461502
6.7,1.7000000000000002,23.6538147506405,1.0624468886358172,63.74681331814903,3824.8087990889417,10.776983413644327,0.4685644962454055,8.749362663629807,0.3804070723317307,8.0,0.4865023667721369,0.5447860428939689,0.04977686654693081,0.04991561266044629,0.05612236165400403,0.04977686654693081,0.7732280774822465,6.119454398735371,0.0157423669375234
6.71,1.71,23.889529059057953,1.0626029973290283,63.7561798397417,3825.370790384502,10.744971333061951,0.46717266665486745,8.75123596794834,0.38048852034557995,8.0,0.4855023667721369,0.5438550111979867,0.04877686654693092,0.04894160228106125,0.05513189915483796,0.04877686654693092,0.7719066415575391,6.12718007233057,0.015479281887316176
6.72,1.7199999999999998,24.12582692316975,1.0627564742735633,63.7653884564138,3825.923307384828,10.712904608248236,0.46577846122818417,8.75307769128276,0.3805685952731635,8.0,0.4845023667721369,0.5429221297437172,0.04777686654693092,0.04796771827086341,0.054142129466281774,0.04777686654693092,0.7705825802259163,6.134892518439488,0.015216018034799106
6.73,1.7300000000000004,24.362698418117166,1.0629073176897241,63.77443906138345,3826.466343683007,10.680783464115619,0.46438188974415734,8.754887812276689,0.38064729618594295,8.0,0.4835023667721368,0.541987407249212,0.046776866546930806,0.04699395680894164,0.053152833254510035,0.046776866546930806,0.7692559058611211,6.142591710869923,0.014952576866612333
6.74,1.7400000000000002,24.600133612579228,1.0630555258108958,63.78333154865375,3826.9998929192247,10.648608134109137,0.4629829623525712,8.75666630973075,0.38072462216220654,8.0,0.4825023667721368,0.5410508523883465,0.045776866546930806,0.04602001007430454,0.05216367712296577,0.045776866546930806,0.7679266307741955,6.1502776235531,0.014688960284722441
6.75,1.75,24.838122568413326,1.0632010968954186,63.79206581372512,3827.523948823507,10.61637884490388,0.4615816889088643,8.758413162745024,0.38080057229326186,8.0,0.48150236677213687,0.5401124737723532,0.044776866546930805,0.045046040602820935,0.051174655022919235,0.044776866546930805,0.7665947671872714,6.157950230542907,0.014425170739329474
6.76,1.7599999999999998,25.07665534077704,1.0633440292256824,63.800641753540944,3828.0385052124566,10.584095817609597,0.4601780790265042,8.76012835070819,0.38087514568296477,8.0,0.48050236677213687,0.5391722799533492,0.043776866546930915,0.04407238408610674,0.05018577657240586,0.043776866546930915,0.7652603272385764,6.165609506015036,0.014161210051348405
6.7700000000000005,1.7700000000000005,25.315721978642987,1.0634843210964455,63.80905926578673,3828.543555947204,10.551759282896178,0.4587721427346165,8.761811853157347,0.38094834144162376,8.0,0.4795023667721368,0.5382302794479991,0.0427768665469308,0.043098802642440946,0.04919698354067231,0.0427768665469308,0.7639233230160198,6.173255424266309,0.013897079606309148
6.78,1.7800000000000002,25.555312524716637,1.0636219708178087,63.81731824906852,3829.039094944111,10.519369477165455,0.4573638903115415,8.763463649813705,0.3810201586875524,8.0,0.47850236677213687,0.5372864807334035,0.0417768665469308,0.04212484074691793,0.048208207665814184,0.0417768665469308,0.7625837665513565,6.180887959714146,0.013632781597969768
6.79,1.79,25.795417015062743,1.063756976728405,63.8254186037043,3829.525116222258,10.48692662555354,0.45595333154580614,8.76508372074086,0.3810905965539504,8.0,0.47750236677213687,0.5363408922269258,0.04077686654693091,0.04115104491483532,0.04721947410615801,0.04077686654693091,0.761241669791555,6.18850708689586,0.013368318296329562
6.8,1.7999999999999998,26.036025479608426,1.0638893371837352,63.833360231024116,3830.001613861447,10.454430957031551,0.45454047639267614,8.766672046204823,0.3811596541828184,8.0,0.4765023667721369,0.5353935223081273,0.03977686654693091,0.040177430858330906,0.046230776913054716,0.03977686654693091,0.7598970446299306,6.196112780467967,0.013103691333448353
6.8100000000000005,1.8100000000000005,26.277127942239613,1.0640190505550737,63.84114303330443,3830.4685819982656,10.421882705839952,0.45312533503651964,8.768228606660884,0.38122733072438625,8.0,0.4755023667721368,0.5344443793230955,0.0387768665469308,0.03920361296058992,0.04524210691590236,0.0387768665469308,0.758549902912288,6.203705015205679,0.012838902687242637
6.82,1.8200000000000003,26.518714420586598,1.0641461152374803,63.84876691424881,3830.926014854929,10.38928210116947,0.4517079174421509,8.769753382849764,0.3812936253412941,8.0,0.4745023667721368,0.5334934715714464,0.0377768665469308,0.038229896786650196,0.04425346290955118,0.0377768665469308,0.7572002564184741,6.211283766002333,0.01257395446945253
6.83,1.83,26.76077492630836,1.0642705296444628,63.85623177866777,3831.3739067200663,10.35662937409113,0.45028823365613607,8.771246355733552,0.38135853720580665,8.0,0.47350236677213686,0.5325408073181906,0.0367768665469308,0.037256276471727426,0.04326484294714694,0.0367768665469308,0.7558481168792194,6.218849007868821,0.012308848395939265
6.84,1.8399999999999999,27.003299465242744,1.064392292205399,63.86353753232394,3831.8122519394365,10.323924760906111,0.44886629395243965,8.772707506464787,0.38142206549846897,8.0,0.47250236677213686,0.531586394800255,0.0357768665469308,0.03628253432515438,0.04227624452998441,0.0357768665469308,0.7544934959853945,6.226400715933144,0.012043586491010672
6.8500000000000005,1.8500000000000005,27.246278037160486,1.064511401374283,63.870684082456975,3832.2410449474187,10.291168491877771,0.4474421083425118,8.774136816491396,0.38148420941266936,8.0,0.4715023667721368,0.530630242211757,0.034776866546930796,0.0353088686834324,0.041287667697188224,0.034776866546930796,0.7531364053671096,6.233938865439907,0.011778170947245314
6.86,1.8600000000000003,27.48970063606027,1.064627855624344,63.87767133746064,3832.660280247638,10.258360798215884,0.4460156868789515,8.775534267492128,0.38154496815183164,8.0,0.4705023667721368,0.5296723577158405,0.033776866546930795,0.0343353282011458,0.04029911223552912,0.033776866546930795,0.7517768566105132,6.241463431749795,0.011512603438681879
6.87,1.87,27.73355725040527,1.0647416534430565,63.88449920658339,3833.0699523950034,10.225501918544253,0.44458703993670673,8.776899841316677,0.38160434092681206,8.0,0.4695023667721368,0.5287127494553383,0.032776866546930905,0.0333616767122503,0.03931057687536038,0.032776866546930905,0.7504148612729259,6.248974390339211,0.01124688578334343
6.88,1.88,27.97783786290371,1.064852793340011,63.89116760040066,3833.4700560240394,10.192592088758058,0.44315617777208954,8.778233520080132,0.38166232696000574,8.0,0.46850236677213686,0.5277514255400351,0.031776866546930904,0.03238794883774186,0.03832206141041944,0.031776866546930904,0.7490504308647623,6.2564717167999,0.010981020349753123
6.890000000000001,1.8900000000000006,28.222532450480635,1.0649612738500513,63.89767643100308,3833.8605858601845,10.15963153800297,0.44172311034795525,8.779535286200616,0.38171892548698333,8.0,0.46750236677213675,0.5267883940418592,0.030776866546930792,0.031414458554828835,0.03733356650669417,0.030776866546930792,0.7476835768427067,6.263955386838438,0.010715009128254849
6.9,1.9000000000000004,28.467630984766437,1.0650670935225761,63.90402561135457,3834.2415366812743,10.126620502526665,0.440287847935942,8.780805122270912,0.38177413575090924,8.0,0.4665023667721368,0.5258236630165666,0.02977686654693079,0.0304410802895809,0.036345091830013276,0.02977686654693079,0.7463143106404893,6.271425376275854,0.010448853622150978
6.91,1.9100000000000001,28.713123432088015,1.0651702509224943,63.91021505534966,3834.6129033209795,10.09355922445348,0.43885040106319484,8.78204301106993,0.38182795700304045,8.0,0.4655023667721368,0.5248572405027581,0.02877686654693079,0.029467410862725966,0.03535663641907799,0.02877686654693079,0.7449426436674916,6.278881661047394,0.010182555928231807
6.92,1.92,28.95899975317316,1.0652707446411407,63.916244678468445,3834.9746807081065,10.060447937723914,0.4374107799010398,8.783248935693688,0.3818803885084212,8.0,0.46450236677213685,0.523889134503903,0.02777686654693079,0.028493824823913008,0.03436820071717722,0.02777686654693079,0.7435685872832325,6.286324217202147,0.009916118312261801
6.93,1.9299999999999997,29.205249903508722,1.0653685732887395,63.922114397324364,3835.326863839462,10.027286877854948,0.4359689946893456,8.784422879464874,0.38193142954195103,8.0,0.46350236677213685,0.5229193530028068,0.0267768665469309,0.027520408023040697,0.03337978479429993,0.0267768665469309,0.7421921528179017,6.293753020902653,0.009649542535818512
6.94,1.9400000000000004,29.45186383349214,1.0654637354918568,63.92782412951141,3835.669447770684,9.994076285247933,0.4345250558803449,8.78556482590228,0.38198107938705567,8.0,0.4625023667721368,0.5219479039680952,0.025776866546930788,0.026546845377556964,0.03239138827101268,0.025776866546930788,0.7408133515815635,6.301168048424651,0.009382830553491317
6.95,1.9500000000000002,29.698831488273026,1.0655562298998094,63.933373793988565,3836.0024276393137,9.960816396939942,0.4330789737799975,8.786674758797712,0.38202933733903094,8.0,0.46150236677213685,0.5209747953430024,0.024776866546930787,0.02557333781774712,0.03140301122477718,0.024776866546930787,0.7394321948482432,6.308569276156799,0.009115984489682205
6.96,1.96,29.94614280795492,1.0656460551816505,63.93876331089903,3836.3257986539415,9.927507450524189,0.431630758718443,8.787752662179805,0.3820762027034698,8.0,0.46050236677213685,0.5200000350523585,0.023776866546930786,0.024599920541522408,0.0304146536606153,0.023776866546930786,0.738048693865845,6.31595668060037,0.008849006162691353
6.97,1.9699999999999998,30.193787727767752,1.0657332100230632,63.94399260138379,3836.6395560830274,9.894149688179759,0.43018042122520694,8.788798520276758,0.38212167479464165,8.0,0.4595023667721369,0.5190236310099048,0.022776866546930785,0.02362641789399352,0.02942631520465283,0.022776866546930785,0.7366628598665343,6.3233302383690315,0.008581897564155838
6.98,1.9800000000000004,30.441756177900253,1.0658176931329335,63.94906158797601,3836.943695278561,9.860743348209189,0.4287279716612691,8.789812317595203,0.38216575293892185,8.0,0.4585023667721368,0.5180455911063923,0.021776866546930673,0.022652956742911193,0.028437995974632535,0.021776866546930673,0.735274704049846,6.330689926188614,0.00831466087777244
6.99,1.9900000000000002,30.690038083697115,1.0658995032406189,63.95397019443713,3837.238211666228,9.827288668593768,0.42727342037364213,8.790794038887427,0.3822084364733664,8.0,0.45750236677213685,0.5170659232159448,0.020776866546930672,0.021679596939243855,0.027449696093882148,0.020776866546930672,0.7338842375917154,6.338035720896822,0.008047297911481621
7.0,2.0,30.938623365894774,1.0659786390911632,63.95871834546979,3837.5231007281873,9.793785893190487,0.42581677796480377,8.791743669093957,0.38224972474321556,8.0,0.4565023667721369,0.5160846352065055,0.019776866546930782,0.020706176770216963,0.02646141511296518,0.019776866546930782,0.7324914716593054,6.345367599443077,0.007779810495698314
7.01,2.01,31.18750194049483,1.066055099450533,63.96330596703197,3837.7983580219184,9.760235264992591,0.4243580549996779,8.792661193406396,0.3822896171046259,8.0,0.4555023667721369,0.5151017349307662,0.01877686654693078,0.019732682991704446,0.025473152855692516,0.01877686654693078,0.7310964173981326,6.352685538888364,0.007512200917801692
7.0200000000000005,2.0200000000000005,31.436663718708242,1.066128883109519,63.96773298657114,3838.0639791942685,9.726637021115403,0.42289726178762627,8.79354659731423,0.3823281129267056,8.0,0.45450236677213685,0.5141172302189493,0.01777686654693067,0.01875935320513559,0.02448490975029649,0.01777686654693067,0.7296990859218221,6.359989516404965,0.007244471234436389
7.03,2.0300000000000002,31.686098607367324,1.0661999888752218,63.971999332513306,3838.3199599507984,9.692991403821615,0.4214344088618094,8.794399866502662,0.38236521158707226,8.0,0.45350236677213684,0.5131311288968414,0.01677686654693078,0.017786122003562808,0.023496685651433202,0.01677686654693078,0.7282994883377031,6.367279509276262,0.006976623084632649
7.04,2.04,31.93579650894748,1.0662684155712117,63.9761049342727,3838.566296056362,9.659298660319893,0.4199695069704301,8.79522098685454,0.3824009124719365,8.0,0.45250236677213684,0.5121434387860505,0.01577686654693078,0.016812694559186114,0.022508479950724358,0.01577686654693078,0.7268976357471739,6.374555494896686,0.006708658528765454
7.05,2.05,32.18574732136593,1.0663341620457971,63.98004972274783,3838.8029833648698,9.625559032119648,0.4185025666138978,8.796009944549565,0.3824352149804159,8.0,0.4515023667721369,0.5111541676890656,0.014776866546930778,0.015839309524278023,0.021520292863590418,0.014776866546930778,0.7254935392244969,6.381817450771544,0.006440579795253143
7.0600000000000005,2.0600000000000005,32.43594093824708,1.0663972271671165,63.98383363002699,3839.0300178016196,9.59177276139296,0.41703359832143305,8.796766726005398,0.3824681185219738,8.0,0.4505023667721368,0.5101633233991556,0.013776866546930666,0.014866050791806463,0.020532124442474986,0.013776866546930666,0.7240872098308481,6.389065354516822,0.006172388741347845
7.07,2.0700000000000003,32.686367249073776,1.0664576098206242,63.98745658923745,3839.247395354247,9.557940094234045,0.4155626127927846,8.797491317847491,0.38249962251510833,8.0,0.44950236677213684,0.5091709137067024,0.012776866546930665,0.013892699879635564,0.019543974417352283,0.012776866546930665,0.7226786586233062,6.396299183859092,0.005904087335721897
7.08,2.08,32.93701613908973,1.0665153089138308,63.99091853482985,3839.4551120897913,9.524061274561982,0.41408962063312965,8.79818370696597,0.3825297263898248,8.0,0.44850236677213684,0.5081769463900011,0.011776866546930775,0.012919381180502175,0.018555842798000544,0.011776866546930775,0.7212678966417941,6.403518916635417,0.005635677692843899
7.09,2.09,33.18787748945862,1.0665703233744812,63.99421940246887,3839.6531641481324,9.490136546496906,0.41261463245638724,8.798843880493774,0.3825584295866858,8.0,0.4475023667721369,0.5071814292197497,0.010776866546930775,0.01194612912509402,0.017567729572509294,0.010776866546930775,0.719854934915453,6.410724530793203,0.00536716170786633
7.1000000000000005,2.1000000000000005,33.43894117741843,1.066622652147988,63.99735912887928,3839.841547732757,9.456166157687118,0.41113765902987476,8.799471825775857,0.38258573155547204,8.0,0.4465023667721368,0.506184369965437,0.009776866546930663,0.010972824872016484,0.016579634473932015,0.009776866546930663,0.7184397844717069,6.41791600439014,0.005098541382068333
7.11,2.1100000000000003,33.690197076183075,1.0666722942021227,64.00033765212737,3840.020259127642,9.422150353275738,0.40965871101198864,8.800067530425473,0.38261163175762924,8.0,0.44550236677213684,0.5051857763858189,0.008776866546930662,0.00999954679882825,0.015591557532481704,0.008776866546930662,0.7170224563227466,6.425093315594112,0.004829818868877567
7.12,2.12,33.941635055100285,1.0667192485253656,64.00315491152193,3840.189294691316,9.388089378051534,0.4081777990457189,8.800630982304387,0.3826361296654081,8.0,0.44450236677213684,0.5041856562330199,0.007776866546930772,0.009026338028682114,0.01460349880066425,0.007776866546930772,0.7156029614713514,6.432256442683083,0.004560996059318256
7.13,2.13,34.193244979845346,1.0667635141233092,64.00581084739855,3840.3486508439128,9.353983481108974,0.4066949339612598,8.80116216947971,0.38265922475998737,8.0,0.4435023667721369,0.503184017261145,0.006776866546930771,0.008053095370334004,0.013615457974373302,0.006776866546930771,0.7141813109231107,6.439405364045055,0.004292074849026051
7.140000000000001,2.1400000000000006,34.44501671235165,1.066805090022346,64.00830540134076,3840.498324080446,9.31983291110395,0.40521012656973693,8.801661080268152,0.3826809165333979,8.0,0.4425023667721368,0.5021808672190361,0.005776866546930659,0.007079809253061841,0.012627434911641255,0.005776866546930659,0.7127575156761442,6.446540058178052,0.004023057455455614
7.15,2.1500000000000004,34.69694011079904,1.0668439752724184,64.0106385163451,3840.6383109807057,9.285637912724923,0.4037233875097792,8.80212770326902,0.3827012044899574,8.0,0.44150236677213683,0.5011762138442799,0.004776866546930658,0.0061066267002927895,0.011639429825612169,0.004776866546930658,0.711331586712597,6.453660503689996,0.00375394593784506
7.16,2.16,34.94900502992905,1.066880168941103,64.01281013646617,3840.76860818797,9.251398734351193,0.4022347275804867,8.802562027293234,0.3827200881431841,8.0,0.44050236677213683,0.5001700648772043,0.0037768665469307683,0.005133504727636179,0.010651442591891935,0.0037768665469307683,0.7099035350185046,6.460766679298651,0.0034847420704977594
7.17,2.17,35.201201321065916,1.0669136701138284,64.01482020682971,3840.889212409783,9.217115627779183,0.4007441577295297,8.802964041365941,0.3827375670159105,8.0,0.4395023667721369,0.4991624280608448,0.0027768665469306564,0.004160267138924339,0.009663472830938935,0.0027768665469306564,0.7084733715837457,6.467858563831662,0.0032154479216686127
7.18,2.1799999999999997,35.45351883201411,1.0669444778995363,64.01666867397218,3841.0001204383307,9.182788840939383,0.39925168873649486,8.803333734794435,0.3827536406432363,8.0,0.4385023667721369,0.4981533111290646,0.0017768665469307665,0.003187064032358718,0.008675520636410305,0.0017768665469307665,0.7070411073851801,6.474936136226506,0.002946065660125896
7.19,2.1900000000000004,35.70594740727587,1.0669725914270307,64.01835548562184,3841.10132913731,9.148418622626798,0.3977573314185564,8.803671097124369,0.3827683085706247,8.0,0.43750236677213683,0.4971427218148099,0.0007768665469306546,0.0022139298934783645,0.007687585983985223,0.0007768665469306546,0.7056067533983668,6.481999375530425,0.0026765972069000554
7.2,2.2,35.958476888157584,1.0669980098436744,64.01988059062046,3841.1928354372276,9.114005224194594,0.3962610967041128,8.803976118124094,0.38278157035322147,8.0,0.43650236677213683,0.4961306678541065,-0.0002231334530693463,0.0012407470176305632,0.006699668694513217,-0.0002231334530693463,0.7041703206032349,6.489048260900432,0.002407044575591044
7.21,2.21,36.21109711273505,1.0670207323185426,64.02124393911255,3841.274636346753,9.079548895503658,0.3947629954566808,8.80424878782251,0.38279342555750046,8.0,0.4355023667721369,0.49511715697871306,-0.0012231334530692917,0.0002675924346206115,0.005711768741506806,-0.0012231334530692917,0.7027318199736577,6.496082771603317,0.0021374098533897268
7.22,2.2199999999999998,36.463797916005646,1.0670407580407422,64.02244548244452,3841.3467289466716,9.045049887107341,0.3932630385698844,8.804489096488906,0.3828038737603872,8.0,0.4345023667721369,0.49410219692071083,-0.0022231334530692926,-0.0007055299579842179,0.004723886058566773,-0.0022231334530692926,0.7012912624839662,6.503102887015604,0.0018676949877871607
7.23,2.2300000000000004,36.716569129987754,1.0670580862182981,64.02348517309788,3841.4091103858727,9.010508451703934,0.3917612370306059,8.804697034619577,0.3828129145486773,8.0,0.4335023667721368,0.4930857954160134,-0.003223133453069349,-0.0016786753778272427,0.003736020478980806,-0.003223133453069349,0.6998486591139305,6.510108586623594,0.001597902024997211
7.24,2.24,36.96940058368676,1.0670727160812423,64.02436296487454,3841.4617778924726,8.975924840163392,0.3902576017462345,8.804872592974908,0.38282054752064815,8.0,0.4325023667721368,0.4920679601965529,-0.00422313345306935,-0.002651796629911453,0.0027481719890204426,-0.00422313345306935,0.69840402083767,6.517099850023352,0.001328033069469825
7.25,2.25,37.222282103263694,1.0670846468796875,64.02507881278125,3841.504728766875,8.941299304032723,0.38875214365359667,8.80501576255625,0.38282677228505435,8.0,0.4315023667721369,0.4910486989957325,-0.005223133453069295,-0.0036248859493804575,0.0017603405364587932,-0.005223133453069295,0.6969573586313916,6.524076656920697,0.0010580900494261414
7.26,2.26,37.475203512147075,1.0670938778822308,64.02563267293385,3841.537960376031,8.906632097607332,0.3872448738090145,8.805126534586769,0.3828315884602943,8.0,0.4305023667721369,0.49002801955329234,-0.006223133453069296,-0.004597999619805762,0.0007725259295806586,-0.006223133453069296,0.695508683480297,6.5310389871312555,0.0007880749633173423
7.2700000000000005,2.2700000000000005,37.72815463099835,1.0671004083789537,64.02602450273722,3841.561470164233,8.871923474072322,0.38573580322053574,8.805204900547444,0.38283499567597584,8.0,0.4295023667721368,0.48900592960765565,-0.0072231334530693525,-0.005571119471384569,-0.00021527189649250822,-0.0072231334530693525,0.6940580063677184,6.537986820580496,0.0005179899865055404
7.28,2.2800000000000002,37.98112527778344,1.067104237681961,64.02625426091767,3841.57525565506,8.837173684824355,0.38422494281845027,8.805250852183534,0.3828369935731971,8.0,0.4285023667721369,0.4879824368941624,-0.008223133453069298,-0.006544174408033119,-0.0012030529150882652,-0.008223133453069298,0.6926053382726117,6.544920137303698,0.00024783714551546154
7.29,2.29,38.2341052679975,1.067105365121864,64.02632190731184,3841.5793144387103,8.802382984025988,0.38271230365330383,8.805264381462369,0.38283758180271166,8.0,0.4275023667721369,0.4869575491557517,-0.009223133453069299,-0.0075171974818856666,-0.0021908172422114847,-0.009223133453069299,0.6911506901847189,6.551838917445984,-2.2381692630801808e-05
7.3,2.3,38.487084414675394,1.0671037900481084,64.0262274028865,3841.57364417319,8.767551628186549,0.381197896877676,8.805245480577302,0.3828367600251001,8.0,0.4265023667721369,0.4859312741423428,-0.0102231334530693,-0.008490298752286823,-0.0031785650902287355,-0.0102231334530693,0.6896940731036886,6.558743141262426,-0.00029266444897046995
7.3100000000000005,2.3100000000000005,38.74005252836209,1.0670995118328845,64.02597070997307,3841.558242598384,8.732679871136705,0.3796817335276828,8.805194141994615,0.38283452791280936,8.0,0.4255023667721368,0.4849036196001287,-0.011223133453069356,-0.009463384000096695,-0.004166296468560593,-0.011223133453069356,0.6882354980238811,6.565632789118065,-0.0005630089650949799
7.32,2.3200000000000003,38.992999417281155,1.0670925298688068,64.02555179212841,3841.5331075277045,8.697767967034224,0.37816382465366194,8.805110358425681,0.38283088514894265,8.0,0.4245023667721369,0.4838745932778469,-0.012223133453069301,-0.010436380681123321,-0.0051540114333653575,-0.012223133453069301,0.6867749759432678,6.572507841487901,-0.0008334132659015836
7.33,2.33,39.24591488744927,1.0670828435675666,64.024970614054,3841.4982368432397,8.662816172114443,0.37664418139628014,8.804994122810799,0.38282583142655646,8.0,0.4235023667721369,0.48284420293207553,-0.013223133453069302,-0.011409416663017943,-0.0061417100939186176,-0.013223133453069302,0.6853125178709487,6.579368278956972,-0.001103875365544127
7.34,2.34,39.49878874268372,1.0670704523614958,64.02422714168975,3841.453628501385,8.627824742681922,0.375122814899214,8.804845428337948,0.382819366449476,8.0,0.4225023667721369,0.48181245632244896,-0.014223133453069303,-0.012382500824822182,-0.007129392537307044,-0.014223133453069303,0.6838481348203614,6.586214082220428,-0.0013743931611926996
7.3500000000000005,2.3500000000000005,39.75161078467022,1.0670553557043425,64.02332134226054,3841.399280535633,8.59279393412417,0.3735997362662683,8.804664268452111,0.3828114899327005,8.0,0.4215023667721368,0.4807793612085394,-0.01522313345306936,-0.01335549454401895,-0.008117058847410097,-0.01522313345306936,0.6823818378048558,6.593045232083554,-0.0016449646030736176
7.36,2.3600000000000003,40.004370813114264,1.0670375530694345,64.02225318416608,3841.3351910499646,8.557724003293455,0.37207495666493284,8.804450636833213,0.382802201601444,8.0,0.4205023667721368,0.47974492535735996,-0.01622313345306936,-0.014328468051555264,-0.009104709108736508,-0.01622313345306936,0.6809136378483421,6.59986170946182,-0.0019155877132988053
7.37,2.37,40.2570586257731,1.0670170439500766,64.02102263700459,3841.2613582202757,8.522615208000522,0.3705484873043705,8.80420452740092,0.3827915011913443,8.0,0.4195023667721368,0.47870915654237756,-0.01722313345306936,-0.015301547306516356,-0.010092343389853431,-0.01722313345306936,0.679443545983891,6.606663495380981,-0.002186260417161634
7.38,2.38,40.50966401849556,1.0669938278610913,64.01962967166548,3841.177780299929,8.487467805040433,0.36902033934958406,8.803925934333096,0.382779388449265,8.0,0.41850236677213687,0.4776720625367556,-0.018223133453069307,-0.016274553611614888,-0.01107996180664339,-0.018223133453069307,0.6779715732441425,6.613450570977121,-0.002456980631905026
7.390000000000001,2.3900000000000006,40.7621767853671,1.0669679043374383,64.0180742602463,3841.0844556147777,8.45228205198543,0.3674905239993665,8.80361485204926,0.3827658631325765,8.0,0.41750236677213676,0.4766336511196991,-0.01922313345306942,-0.01724746677765325,-0.01206756445910162,-0.01922313345306942,0.6764977306703112,6.620222917496694,-0.0027277463605130947
7.4,2.4000000000000004,41.01458671876957,1.0669392729338814,64.01635637603289,3840.981382561973,8.417058207621647,0.36595905250528904,8.803271275206576,0.38275092500898156,8.0,0.4165023667721368,0.4755939300789116,-0.020223133453069364,-0.01822049179376506,-0.013055151377621033,-0.020223133453069364,0.6750220293156741,6.626980516296624,-0.0029985555656679708
7.41,2.41,41.26688360942181,1.0669079332261249,64.01447599356749,3840.8685596140494,8.381796530491876,0.36442593610834245,8.802895198713498,0.38273457385710863,8.0,0.4155023667721368,0.4745529072049109,-0.021223133453069365,-0.01919355350644616,-0.014042722655372875,-0.021223133453069365,0.6735444802375028,6.63372334884439,-0.0032694061619054082
7.42,2.42,41.51905724647969,1.0668738848106434,64.0124330886386,3840.7459853183163,8.346497279127538,0.36289118604902343,8.80248661772772,0.38271680946642256,8.0,0.41450236677213687,0.4735105902909464,-0.02222313345306931,-0.020166453262820915,-0.015030278459754909,-0.02222313345306931,0.6720650944969454,6.640451396718062,-0.00354029610663531
7.43,2.4299999999999997,41.77109741764158,1.0668371273039923,64.01022763823954,3840.6136582943727,8.311160712947437,0.36135481360641036,8.802045527647907,0.38269763163686554,8.0,0.41350236677213686,0.47246698713894003,-0.02322313345306931,-0.02113934233665687,-0.016017818833695907,-0.02322313345306931,0.6705838831674596,6.647164641606383,-0.0038112233766440795
7.44,2.4400000000000004,42.022993909180705,1.0667976603431102,64.00785962058661,3840.471577235197,8.275787091871262,0.35981683008135923,8.801571924117322,0.382677040179014,8.0,0.4125023667721368,0.47142210555788433,-0.024223133453069368,-0.02211243574550393,-0.017005343772003467,-0.024223133453069368,0.6691008573325383,6.653863065308884,-0.004082185910561975
7.45,2.45,42.27473650603471,1.066755483585781,64.00532901514687,3840.319740908812,8.240376675735444,0.3582772467711063,8.801065803029374,0.3826550349143206,8.0,0.4115023667721368,0.47037595335837623,-0.02522313345306937,-0.023085398423636137,-0.017992853477880155,-0.02522313345306937,0.6676160280779516,6.660546649735936,-0.004353181646827409
7.46,2.46,42.52631499190886,1.0667105967101735,64.00263580261041,3840.158148156625,8.204929724896445,0.35673607499549764,8.800527160522083,0.3826316156748732,8.0,0.41050236677213686,0.4693285383582019,-0.026223133453069314,-0.024058215360534464,-0.01898034806275739,-0.026223133453069314,0.6661294064996736,6.667215376908824,-0.004624208541763153
7.47,2.4699999999999998,42.7777191493211,1.066662999414946,63.99977996489675,3839.986797893805,8.169446500099436,0.35519332609127985,8.799955992979351,0.38260678230345,8.0,0.40950236677213686,0.46827986838363767,-0.027223133453069315,-0.025031235332294073,-0.019967827484806966,-0.027223133453069315,0.6646410037057285,6.673869228959851,-0.0048952645435846875
7.48,2.4800000000000004,43.028938759687684,1.0666126914193017,63.9967614851581,3839.805689109486,8.13392726241485,0.3536490114093413,8.799352297031621,0.38258053465354874,8.0,0.4085023667721368,0.46722995126488825,-0.02822313345306937,-0.026004246841284617,-0.020955291887807537,-0.02822313345306937,0.6631508308097164,6.680508188132428,-0.0051663476028736
7.49,2.49,43.279963603420136,1.0665596724628885,63.99358034777331,3839.6148208663985,8.09837227337767,0.3521031423207683,8.798716069554661,0.38255287258933307,8.0,0.4075023667721368,0.46617879483762015,-0.029223133453069372,-0.0269770839290025,-0.021942741448377268,-0.029223133453069372,0.6616588989329891,6.687132236781141,-0.005437455660064927
7.5,2.5,43.530783459978366,1.0665039423061005,63.99023653836603,3839.4141923019615,8.062781794602095,0.3505557302000911,8.798047307673205,0.3825237959857915,8.0,0.40650236677213686,0.4651264069461035,-0.030223133453069317,-0.027950028813381964,-0.02293017614068593,-0.030223133453069317,0.6601652192091102,6.693741357371851,-0.005708586652772851
7.51,2.51,43.78138810794824,1.066445500729833,63.98673004378998,3839.203802627399,8.027156088104043,0.3490067864393062,8.797346008757996,0.38249330472860854,8.0,0.40550236677213686,0.4640727954403987,-0.03122313345306932,-0.028923042504848038,-0.023917596038637967,-0.03122313345306932,0.658669802779861,6.700335532481796,-0.005979738544652946
7.5200000000000005,2.5200000000000005,44.03176732514878,1.0663843475352073,63.98306085211244,3838.9836511267463,7.991495416662144,0.3474563224635715,8.796612170422488,0.38246139871402124,8.0,0.4045023667721368,0.4630179681754617,-0.032223133453069375,-0.029895903606391282,-0.024905001372866886,-0.032223133453069375,0.6571726607939715,6.706914744799666,-0.006250909275912875
7.53,2.5300000000000002,44.281910888680436,1.0663204825443149,63.97922895265889,3838.7537371595336,7.955800042865219,0.34590434968979217,8.795845790531779,0.38242807784920774,8.0,0.40350236677213686,0.4619619330146834,-0.03322313345306932,-0.03086879116538406,-0.02589239213847183,-0.03322313345306932,0.655673804412144,6.713478977125696,-0.0065220967614507686
7.54,2.54,44.531808574990876,1.0662539055999782,63.97523433599869,3838.5140601599214,7.920070229422639,0.34435087954011473,8.795046867199739,0.3823933420521625,8.0,0.40250236677213685,0.4609046978285468,-0.03422313345306932,-0.03184181193739754,-0.02687976831167127,-0.03422313345306932,0.6541732448051458,6.7200282123717825,-0.006793298975857454
7.55,2.55,44.78145016000504,1.0661846165647977,63.97107699388786,3838.2646196332716,7.88430624040111,0.3427959234957004,8.794215398777572,0.38235719125119877,8.0,0.4015023667721369,0.45984627049214316,-0.035223133453069266,-0.03281469513267378,-0.027867130201139956,-0.035223133453069266,0.652670993150286,6.7265624335615595,-0.007064513877004686
7.5600000000000005,2.5600000000000005,45.030825419169645,1.0661126153224378,63.96675691934627,3838.005415160776,7.848508339568972,0.34123949302473794,8.793351383869254,0.38231962538561975,8.0,0.4005023667721368,0.458786658888611,-0.03622313345306938,-0.03378750418054394,-0.028854477872915618,-0.03622313345306938,0.6511670606362944,6.7330816238304925,-0.007335739348469872
7.57,2.5700000000000003,45.27992412748739,1.0660379017778285,63.96227410666971,3837.7364464001826,7.81267679014187,0.33968159957138566,8.792454821333942,0.3822806444058236,8.0,0.3995023667721368,0.45772587090931016,-0.03722313345306938,-0.03476052545677974,-0.029841811152426123,-0.03722313345306938,0.64966145846357,6.739585766425992,-0.007606973350377189
7.58,2.58,45.52873605967801,1.0659604758554304,63.957628551325826,3837.4577130795496,7.776811857022096,0.33812225465313467,8.791525710265166,0.3822402482723985,8.0,0.39850236677213685,0.4566639144506724,-0.038223133453069325,-0.03573348338542532,-0.030829130333180355,-0.038223133453069325,0.6481541978397105,6.7460748447075085,-0.007878213883685703
7.59,2.59,45.77725099023708,1.0658803375001549,63.952820250009296,3837.169215000558,7.740913805616224,0.3365614698094011,8.790564050001858,0.38219843695660255,8.0,0.39750236677213685,0.455600797416067,-0.039223133453069325,-0.03670623653154256,-0.03181643567212833,-0.039223133453069325,0.64664528998216,6.752548842146617,-0.00814945883684004
7.6000000000000005,2.6000000000000005,46.025458693446645,1.0657974866786935,63.947849200721606,3836.8709520432963,7.704982900125338,0.33499925652718865,8.78956984014432,0.3821552104410574,8.0,0.3965023667721368,0.4545365277173982,-0.04022313345306938,-0.037679122430359535,-0.03280372699222789,-0.04022313345306938,0.6451347461204766,6.759007742327131,-0.008420706096906372
7.61,2.6100000000000003,46.27334894349037,1.0657119233782169,63.94271540269301,3836.5629241615807,7.66901940522386,0.3334356263140809,8.788543080538602,0.3821105687190697,8.0,0.39550236677213685,0.453471113273426,-0.04122313345306933,-0.03865220324702721,-0.03379100427627435,-0.04122313345306933,0.6436225774939488,6.765451528945203,-0.008691953686742693
7.62,2.62,46.52091151460489,1.0656236476049585,63.93741885629751,3836.2451313778506,7.633023587887765,0.3318705907777289,8.787483771259502,0.3820645117938914,8.0,0.39450236677213685,0.4524045620086978,-0.04222313345306933,-0.039625018771850366,-0.03477826796869243,-0.04222313345306933,0.6421087953500796,6.771880185809422,-0.008963199567006086
7.63,2.63,46.7681361810681,1.0655326593868768,63.93195956321261,3835.9175737927567,7.596995713966126,0.3303041614767881,8.786391912642522,0.38201703968010964,8.0,0.3935023667721369,0.45133688185583315,-0.04322313345306927,-0.040597721046879066,-0.035765518097437665,-0.04322313345306927,0.6405934109478288,6.778293696840912,-0.009234441568885643
7.640000000000001,2.6400000000000006,47.015012717241724,1.0654389587735806,63.92633752641484,3835.5802515848904,7.560936048278032,0.32873634992513184,8.785267505282967,0.38196815240360726,8.0,0.39250236677213685,0.45026808075532904,-0.04422313345306933,-0.0415707954249315,-0.03675275441030523,-0.04422313345306933,0.6390764355573367,6.784692046073438,-0.009505677668563806
7.65,2.6500000000000004,47.261530897780254,1.0653425458335057,63.920552750010344,3835.233165000621,7.524844858253818,0.327167167750166,8.784110550002069,0.38191785000008993,8.0,0.39150236677213684,0.44919816665384577,-0.04522313345306933,-0.042543736799740973,-0.037739977275933256,-0.04522313345306933,0.6375578804574916,6.791075217653512,-0.009776905883555287
7.66,2.66,47.50768049764346,1.0652434206559096,63.91460523935458,3834.8763143612746,7.488722411364151,0.32559662658105004,8.782921047870914,0.3818661325161267,8.0,0.3905023667721369,0.44812714750544913,-0.046223133453069276,-0.04351643559225918,-0.03872718689780896,-0.046223133453069276,0.6360377569376926,6.797443195840488,-0.010048124065811237
7.67,2.67,47.75345129210322,1.0651415833521896,63.90849500113137,3834.5097000678825,7.452568973423814,0.3240247379749484,8.781699000226276,0.38181300000983803,8.0,0.3895023667721369,0.4470550312720288,-0.04722313345306928,-0.04448940594841716,-0.039714383065824754,-0.04722313345306928,0.634516076298443,6.803795965006668,-0.01031933013384645
7.68,2.6799999999999997,47.99883305692317,1.0650370340532327,63.90222204319396,3834.1333225916374,7.4163848120050435,0.3224515135654367,8.780444408638793,0.38175845254951274,8.0,0.38850236677213695,0.4459818259223762,-0.04822313345306922,-0.045462389564836406,-0.040701565970979514,-0.04822313345306922,0.6329928498500424,6.810133509637411,-0.010590522116785905
7.69,2.6900000000000004,48.24381556843775,1.0649297729098537,63.895786374591225,3833.7471824754734,7.380170195875817,0.320876965038079,8.779157274918244,0.3817024902138367,8.0,0.3875023667721369,0.4449075394324401,-0.04922313345306928,-0.04643515015020792,-0.04168873590993072,-0.04922313345306928,0.631468088912949,6.816455814331226,-0.010861697899805733
7.7,2.7,48.48838860352636,1.0648198000952367,63.8891880057142,3833.351280342852,7.343925391850751,0.31930110399351097,8.77783760114284,0.38164511309316695,8.0,0.3865023667721369,0.4438321797857368,-0.05022313345306928,-0.04740805789135831,-0.0426758927188321,-0.05022313345306928,0.6299418048183615,6.822762863799882,-0.01113285535991082
7.71,2.71,48.732541939767046,1.0647071158026555,63.882426948159335,3832.94561688956,7.3076506677295106,0.3177239420751961,8.776485389631866,0.38158632128834197,8.0,0.3855023667721369,0.44275575497298325,-0.05122313345306928,-0.04838105389770074,-0.04366303646503167,-0.05122313345306928,0.6284140089076986,6.829054642868512,-0.011403992541126229
7.72,2.7199999999999998,48.97626535557241,1.0645917202444142,63.87550321466485,3832.5301928798913,7.271346293661347,0.3161454910287542,8.77510064293297,0.3815261149101291,8.0,0.38450236677213695,0.4416782729921484,-0.052223133453069226,-0.049353849241346955,-0.04465016755759288,-0.052223133453069226,0.6268847125326723,6.835331136475714,-0.011675107363423365
7.73,2.7300000000000004,49.219548630134824,1.064473613655387,63.868416819323215,3832.105009159393,7.235012537580463,0.31456576250349844,8.773683363864643,0.38146449408107147,8.0,0.3835023667721369,0.440599741848485,-0.05322313345306928,-0.050326680518232685,-0.04563728588082072,-0.05322313345306928,0.6253539270553323,6.841592329673655,-0.011946197632582312
7.74,2.74,49.46238154352855,1.0643527962917627,63.86116777750576,3831.6700666503457,7.198649666824236,0.31298476812279286,8.772233555501153,0.38140145893483274,8.0,0.3825023667721369,0.43952016955443174,-0.05422313345306928,-0.051299728921805295,-0.046624391249018515,-0.05422313345306928,0.6238216638479278,6.847838207628171,-0.012217261405673696
7.75,2.75,49.70475387694478,1.0642292684272736,63.853756105636414,3831.225366338185,7.1622579529897346,0.3114025196952058,8.770751221127284,0.3813370096142297,8.0,0.3815023667721369,0.4384395641300073,-0.055223133453069284,-0.052272581358421555,-0.04761148424219552,-0.055223133453069284,0.6222879342934664,6.8540687556188775,-0.012488296695977397
7.76,2.76,49.94665541261431,1.0641030303578431,63.84618182147059,3830.770909288235,7.125837665942453,0.3098190289540197,8.769236364294118,0.38127114627365727,8.0,0.38050236677213695,0.4373579336022999,-0.05622313345306923,-0.053245287724230955,-0.048598564959501656,-0.05622313345306923,0.6207527497849894,6.860283959039269,-0.012759301243214338
7.7700000000000005,2.7700000000000005,50.18807593381635,1.063974082402409,63.83844494414455,3830.306696648673,7.089389072753544,0.3082343075110237,8.767688988828908,0.38120386907951775,8.0,0.3795023667721369,0.4362752860052362,-0.057223133453069286,-0.054218325477963285,-0.049585632925542966,-0.057223133453069286,0.6192161217252443,6.866483803396821,-0.013030273003032278
7.78,2.7800000000000002,50.429005225164815,1.0638424248977827,63.830545493866964,3829.8327296320176,7.052912444320512,0.3066483671443701,8.766109098773391,0.3811351782075387,8.0,0.3785023667721369,0.43519162938042066,-0.05822313345306929,-0.05519135054178862,-0.050572688526489995,-0.05822313345306929,0.617678061527876,6.872668274313086,-0.013301210105503003
7.79,2.79,50.66943307263916,1.0637080582002991,63.822483492017945,3829.349009521077,7.016408053237306,0.30506121970596983,8.76449669840359,0.38106507384363436,8.0,0.3775023667721369,0.43410697177698165,-0.05922313345306929,-0.0561640202544328,-0.05155973226636412,-0.05922313345306929,0.6161385806172079,6.878837357523811,-0.013572110390143166
7.8,2.8,50.909349263498356,1.0635709826899797,63.814258961398785,3828.855537683927,6.97987616842724,0.3034728768881409,8.762851792279758,0.3809935561860764,8.0,0.37650236677213694,0.4330213212504369,-0.06022313345306923,-0.05713680736930884,-0.05254676384236756,-0.06022313345306923,0.6145976904266325,6.88499103887903,-0.013842971619588695
7.8100000000000005,2.8100000000000005,51.14874358643423,1.0634311987679073,63.80587192607444,3828.352315564466,6.943317058521579,0.30188335037050346,8.761174385214886,0.38092062544412547,8.0,0.3755023667721369,0.4319346858632569,-0.06122313345306929,-0.05810999183829694,-0.053533783012329805,-0.06122313345306929,0.6130554023994098,6.891129304343161,-0.01411379190316353
7.82,2.8200000000000003,51.387605831835955,1.0632887068519166,63.79732241111499,3827.8393446668993,6.906730997408451,0.300292652061237,8.759464482222999,0.38084628183578256,8.0,0.3745023667721369,0.43084707368622605,-0.06222313345306929,-0.05908282290429635,-0.05452079046522684,-0.06222313345306929,0.6115117279906006,6.8972521399951106,-0.014384569265480707
7.83,2.83,51.625925791651554,1.0631435073825977,63.78861044295586,3827.3166265773516,6.870118256490249,0.2987007937604456,8.757722088591173,0.38077052559092056,8.0,0.37350236677213694,0.42975849279653167,-0.06322313345306924,-0.0600554487284424,-0.055507786258079395,-0.06322313345306924,0.6099666786643532,6.903359532028385,-0.014655301422479283
7.84,2.84,51.86369325942585,1.062995600823467,63.779736049408015,3826.784162964481,6.833479104461632,0.29710778715050573,8.755947209881603,0.380693356951374,8.0,0.37250236677213694,0.42866895127755794,-0.06422313345306924,-0.06102857408544229,-0.05649476996632552,-0.06422313345306924,0.6084202658936114,6.909451466751174,-0.014925986367494204
7.8500000000000005,2.8500000000000005,52.100898030612456,1.0628449876552475,63.77069925931485,3826.2419555588913,6.796813814671939,0.29551364411617126,8.75413985186297,0.3806147761679552,8.0,0.3715023667721369,0.4275784572209481,-0.06522313345306929,-0.06200154154746436,-0.05748174207021106,-0.06522313345306929,0.6068725011630411,6.915527930586458,-0.01519662218858997
7.86,2.8600000000000003,52.33752990251869,1.0626916683796954,63.761500102781724,3825.6900061669035,6.7601226601882285,0.293918376529923,8.752300020556344,0.38053478350244974,8.0,0.3705023667721369,0.42648701872520056,-0.0662231334530693,-0.06297423848441577,-0.058468702814650664,-0.0662231334530693,0.605323395967038,6.921588910072108,-0.015467206662236777
7.87,2.87,52.573578674272234,1.0625356435220028,63.75213861132017,3825.12831667921,6.723405910696342,0.29232199611723225,8.750427722264034,0.380453379228871,8.0,0.36950236677213694,0.42539464389451553,-0.06722313345306924,-0.06394727181161142,-0.05945565184747448,-0.06722313345306924,0.6037729618080907,6.927634391860984,-0.01573773771070819
7.88,2.88,52.80903414710177,1.0623769136254813,63.742614817528874,3824.5568890517325,6.686663839342381,0.29072451475401656,8.748522963505774,0.38037056363068583,8.0,0.36850236677213694,0.42430134084104615,-0.06822313345306924,-0.06492027196882251,-0.0604425894779248,-0.06822313345306924,0.6022212101999751,6.933664362721024,-0.016008213435888763
7.890000000000001,2.8900000000000006,53.04388612436713,1.062215479253285,63.7329287551971,3823.975725311826,6.649896720504237,0.2891259443697494,8.746585751039419,0.3802863370017138,8.0,0.3675023667721369,0.4232071176841887,-0.0692231334530693,-0.06589303502206098,-0.06142951606674607,-0.0692231334530693,0.6006681526667481,6.9396788095353585,-0.016278631649605302
7.9,2.9000000000000004,53.27812441146876,1.0620513409924892,63.72308045954935,3823.384827572961,6.613104824533603,0.2875262967188523,8.74461609190987,0.38020069964825526,8.0,0.36650236677213693,0.4221119825485174,-0.07022313345306924,-0.06686601256424175,-0.06241643125482932,-0.07022313345306924,0.5991138007398152,6.945677719302391,-0.016548990204668712
7.91,2.91,53.51173881610292,1.0618844994491916,63.713069966951494,3822.7841980170897,6.57628842405761,0.28592558365467874,8.7426139933903,0.3801136518865348,8.0,0.36550236677213693,0.42101594356606664,-0.07122313345306924,-0.06783906987988038,-0.06340333517465269,-0.07122313345306924,0.5975581659611706,6.951661079135896,-0.016819287256552684
7.92,2.92,53.744719148400435,1.0617149552473581,63.702897314841486,3822.173838890489,6.539447795457792,0.28432381719381705,8.740579462968299,0.38002519404209995,8.0,0.364502366772137,0.419919008877027,-0.07222313345306919,-0.06881186458931676,-0.06439022844632525,-0.07222313345306919,0.5960012598843849,6.957628876265123,-0.017089520694597127
7.930000000000001,2.9300000000000006,53.977055220761535,1.0615427090352996,63.692562542117976,3821.5537525270784,6.502583210518085,0.2827210091529602,8.738512508423595,0.3799353264531998,8.0,0.36350236677213693,0.41882118662626405,-0.07322313345306924,-0.06978470763253716,-0.06537711080026365,-0.07322313345306924,0.5944430940696636,6.963581098034894,-0.017359688201274537
7.94,2.9400000000000004,54.20873684799584,1.0613677614833328,63.68206568899997,3820.9239413399982,6.465694939431265,0.28111717127962027,8.736413137799993,0.3798440494695649,8.0,0.36250236677213693,0.4177224849643757,-0.07422313345306925,-0.07075789706131898,-0.06636398181624303,-0.07422313345306925,0.5928836800853486,6.969517731905668,-0.017629787940244057
7.95,2.95,54.439753847690476,1.0611901132764947,63.67140679658968,3820.2844077953805,6.428783260175206,0.27951231565979157,8.734281359317936,0.37975136344860594,8.0,0.36150236677213693,0.41662291205173313,-0.07522313345306925,-0.07173081211903258,-0.06735084240262645,-0.07522313345306925,0.5913230295136531,6.975438765453663,-0.01789981802475893
7.96,2.96,54.67009603999695,1.0610097651228376,63.660585907370255,3819.6351544422155,6.3918484478146205,0.2779064542528096,8.732117181474052,0.3796572687597414,8.0,0.360502366772137,0.4155224760538657,-0.07622313345306919,-0.0727034567808684,-0.06833769275541302,-0.07622313345306919,0.5897611539441117,6.9813441863709516,-0.018169776077158417
7.97,2.9699999999999998,54.8997532476127,1.0608267177549515,63.64960306529709,3818.9761839178254,6.354890772535958,0.27629959880591126,8.729920613059418,0.3795617657851921,8.0,0.35950236677213704,0.4144211851404684,-0.07720779921405108,-0.07367653338845578,-0.06932458539092257,-0.07720779921405108,0.5881980649721708,6.987233982465533,-0.01843966002592623
7.98,2.9800000000000004,55.128715296163875,1.0606409719223189,63.638458315339136,3818.3074989203483,6.317910509483065,0.2746917612818724,8.727691663067827,0.37946485491599247,8.0,0.358502366772137,0.41331904748959614,-0.0762912978686982,-0.07393714307925829,-0.06989858892263878,-0.0762912978686982,0.5866337742051427,6.99310814166142,-0.01870946798889861
7.99,2.99,55.356972014143416,1.0604525283951738,63.627151703710425,3817.6291022226255,6.2809079337752625,0.2730829536424027,8.725430340742086,0.37936653655400376,8.0,0.35750236677213704,0.41221607128550264,-0.0753441221374242,-0.07342453900779074,-0.06987383598110264,-0.0753441221374242,0.5850682932591379,6.9989666519987415,-0.018979197873932208
8.0,3.0,55.5845132329678,1.0602613879648402,63.61568327789041,3816.9409966734247,6.243883320061825,0.271473187828775,8.723136655578081,0.3792668111120905,8.0,0.35650236677213704,0.41111226471836754,-0.07436622236841911,-0.07260882261403619,-0.06947439393289478,-0.07436622236841911,0.5835016337586774,7.00480950163383,-0.01924884759731782
8.01,3.01,55.81132878707546,1.0600675514432274,63.604053086593645,3816.2431851956185,6.206836943162022,0.26986247578965317,8.72081061731873,0.3791656790138578,8.0,0.35550236677213704,0.4100076359845039,-0.07335754566061159,-0.0716622026005817,-0.0688355910783125,-0.07335754566061159,0.5819338073369875,7.010636678839308,-0.019518415100982622
8.02,3.0199999999999996,56.037408514004454,1.0598710196628205,63.59226117976923,3815.535670786154,6.169769078064588,0.2682508294810691,8.718452235953846,0.37906314069364544,8.0,0.35450236677213703,0.40890219328629296,-0.07231803939575754,-0.07064793905161745,-0.0680394810202063,-0.07231803939575754,0.5803648256359075,7.016448172004172,-0.019787898327173536
8.03,3.0299999999999994,56.26274225446974,1.059671793476684,63.58030760860104,3814.8184565160623,6.132679999913073,0.2666382608657858,8.716061521720206,0.3789591965965307,8.0,0.3535023667721371,0.4077959448321097,-0.07124765123833349,-0.06958932423481512,-0.06713582731152756,-0.07124765123833349,0.5787947003057835,7.02224396963388,-0.020057295218720128
8.040000000000001,3.040000000000001,56.487319852441146,1.059469873758446,63.568192425506766,3814.0915455304057,6.095569984012572,0.26502478191359014,8.713638485101352,0.37885384717831966,8.0,0.3525023667721369,0.40668889883625936,-0.0701463291352441,-0.06849482857856178,-0.06615478130851882,-0.0701463291352441,0.5772234430053788,7.028024060350437,-0.020326603723361814
8.05,3.0500000000000007,56.711131155223256,1.0592652614022167,63.555915684133,3813.35494104798,6.058439305925628,0.2634104046054621,8.7111831368266,0.37874709290550435,8.0,0.351502366772137,0.40558106351896667,-0.06901402131488865,-0.0673674976345914,-0.06511453606685236,-0.06901402131488865,0.575651065401858,7.033788432892473,-0.020595821775593492
8.06,3.0600000000000005,56.93416601352026,1.0590579573229342,63.54347743937605,3812.608646362563,6.021288241010316,0.261795140913492,8.708695487875211,0.3786389342554439,8.0,0.350502366772137,0.4044724471060316,-0.06785067629040425,-0.06620861820472869,-0.06402632756894955,-0.06785067629040425,0.5740775791702992,7.039537076115334,-0.020864947337472017
8.07,3.0700000000000003,57.15641428154656,1.0588479624554672,63.530877747328034,3811.852664839682,5.984117065565391,0.2601790028506692,8.706175549465605,0.3785293717158959,8.0,0.349502366772137,0.40336305782943654,-0.0666562428508064,-0.06501835659930462,-0.06289658688834854,-0.0666562428508064,0.5725029959945552,7.045269978991158,-0.021133978323575775
8.08,3.08,57.37786581703482,1.0586352777564627,63.518116665387765,3811.086999923266,5.946926054438386,0.2585620023668863,8.703623333077552,0.3784184057859805,8.0,0.34850236677213703,0.4022529039258686,-0.06543067007884917,-0.06379702205906236,-0.06172969387774463,-0.06543067007884917,0.5709273275651562,7.050987130608956,-0.021402912721015355
8.09,3.09,57.598510481433834,1.058419904201047,63.505194252062815,3810.311655123769,5.909715485257797,0.2569441515329477,8.701038850412562,0.3783060369744592,8.0,0.34750236677213703,0.4011419936391084,-0.06417390731881034,-0.06254444959826314,-0.06052769744879061,-0.06417390731881034,0.5693505855827005,7.056688520174695,-0.021671748486745912
8.1,3.0999999999999996,57.81833813984942,1.0582018427867277,63.49211056720366,3809.5266340322196,5.872485633396116,0.2553254623215703,8.698422113440731,0.3781922658017709,8.0,0.3465023667721371,0.40003033521707615,-0.06288590421435608,-0.0612606968346189,-0.05929225299129892,-0.06288590421435608,0.5677727817536617,7.062374137011377,-0.021940483402204336
8.11,3.1099999999999994,58.03733866112023,1.0579810945330028,63.47886567198017,3808.73194031881,5.835236772460041,0.25370594662869744,8.695773134396035,0.3780770927998276,8.0,0.34550236677213714,0.39891793691196115,-0.06156661070464198,-0.05994577828726968,-0.058024409609217176,-0.06156661070464198,0.566193927790573,7.068043970559097,-0.02220911566455186
8.120000000000001,3.120000000000001,58.25550191819682,1.0577576604734367,63.4654596284062,3807.927577704372,5.797969184477935,0.252085616716432,8.693091925681241,0.37796051850788004,8.0,0.34450236677213697,0.39780480698601717,-0.060215976947051386,-0.05859948527237393,-0.05672426740481307,-0.060215976947051386,0.5646140354202519,7.073698010375153,-0.022477643331150432
8.13,3.130000000000001,58.47281778784243,1.0575315416663797,63.45189249998278,3807.113549998967,5.760683146078325,0.2504644846121011,8.690378499996557,0.37784254347811114,8.0,0.34350236677213697,0.3966909537037016,-0.0588339534214769,-0.05722181096204662,-0.05539217609444247,-0.0588339534214769,0.5630331163726437,7.079336246134117,-0.022746063863500865
8.14,3.1400000000000006,58.68927615062089,1.0573027391961667,63.43816435177,3806.2898611062,5.723378926940758,0.24884256204090252,8.687632870354001,0.3777231682762609,8.0,0.342502366772137,0.3955763853306563,-0.05742049094194934,-0.055812921659654895,-0.054028646225153465,-0.05742049094194934,0.561451182379375,7.084958667627877,-0.023014375313543667
8.15,3.1500000000000004,58.904866891481035,1.0570712541601088,63.42427524960653,3805.4565149763916,5.686056806522941,0.24721986115317132,8.684855049921307,0.3776023934748394,8.0,0.341502366772137,0.3944611101428645,-0.05597554052980641,-0.054372597935202265,-0.05263354106875395,-0.05597554052980641,0.5598682451867498,7.090565264765707,-0.02328257615469198
8.16,3.16,59.11957989967527,1.0568370876730728,63.41022526038437,3804.6135156230625,5.6487170681471985,0.2455963942672695,8.682045052076873,0.3774802196555162,8.0,0.3405023667721371,0.3933451364236758,-0.05449905345822276,-0.05290058277687615,-0.051206808546765514,-0.05449905345822276,0.558284316551528,7.0961560275743985,-0.023550664127284904
8.17,3.17,59.33340506845816,1.0566002408775632,63.396014452653795,3803.7608671592275,5.611359986004068,0.2439721733045247,8.679202890530759,0.3773566474143808,8.0,0.3395023667721371,0.3922284724561429,-0.05299098135037433,-0.05139704254718991,-0.04974849445389107,-0.05299098135037433,0.5566994082300473,7.101730946198306,-0.02381863667468309
8.18,3.1799999999999997,59.546332295278546,1.0563607149395793,63.38164289637476,3802.8985737824855,5.57398583047804,0.24234721002078435,8.676328579274951,0.37723167735978047,8.0,0.33850236677213713,0.3911111265258151,-0.05145127613902295,-0.04986222717314869,-0.04825863665042063,-0.05145127613902295,0.5551135319821895,7.1072900108993675,-0.02408649209046132
8.19,3.1899999999999995,59.758351482379176,1.056118511035754,63.367110662145244,3802.0266397287146,5.53659488467876,0.24072151672516345,8.67342213242905,0.3771053101056108,8.0,0.33750236677213713,0.38999310693019257,-0.04987988994108372,-0.0482956313401891,-0.046737151237737695,-0.04987988994108372,0.5535266995847984,7.112833212057202,-0.024354228664876132
8.2,3.1999999999999993,59.969452536387685,1.0558736303662817,63.3524178219769,3801.145069318614,5.499187427780895,0.23909510555569108,8.67048356439538,0.37697754627805996,8.0,0.33650236677213713,0.38887442196931027,-0.04827677518356549,-0.04669718705395829,-0.045184001444043886,-0.04827677518356549,0.5519389228183152,7.118360540169218,-0.024621843934333754
8.21,3.210000000000001,60.179625368289926,1.0556260741570673,63.337564449424036,3800.2538669654423,5.461763732246714,0.23746798835855282,8.667512889884808,0.37684838651673075,8.0,0.33550236677213696,0.38775507994365604,-0.04664188462447033,-0.04506729038033561,-0.043599153350918685,-0.04664188462447033,0.5503502134638244,7.123871985850629,-0.02488933586377584
8.22,3.2200000000000006,60.38885989391566,1.0553758436490062,63.32255061894037,3799.3530371364222,5.424324077604239,0.23584017728714082,8.664510123788073,0.37671783146904664,8.0,0.334502366772137,0.3866350891623462,-0.044975171248240575,-0.04340559265580236,-0.04198256172119341,-0.044975171248240575,0.5487605833146566,7.129367539834521,-0.02515670274990356
8.23,3.2300000000000004,60.59714603387827,1.0551229401020692,63.30737640612415,3798.442584367449,5.3868687451680675,0.23421168457252467,8.661475281224831,0.37658588179238395,8.0,0.333502366772137,0.38551445794011313,-0.04327658830553921,-0.04171188187907632,-0.04033418196792826,-0.04327658830553921,0.5471700441721138,7.1348471929719555,-0.025423942312031045
8.24,3.24,60.8044737133563,1.0548673648027656,63.29204188816593,3797.522513289956,5.349398008417576,0.23258252210511202,8.658408377633187,0.37645253815796464,8.0,0.332502366772137,0.3843931945911462,-0.04154608938594706,-0.039986476221552665,-0.03865396891645745,-0.04154608938594706,0.5455786078367271,7.140310936232,-0.025691052330124364
8.25,3.25,61.01083286248778,1.0546091190554667,63.276547143328,3796.59282859968,5.311912144147552,0.23095270191945877,8.6553094286656,0.3763178012463304,8.0,0.33150236677213707,0.3832713074357237,-0.039783628333346976,-0.03822925152089683,-0.036941876877601754,-0.039783628333346976,0.5439862861176697,7.145758760701772,-0.0259580311606058
8.26,3.26,61.21621341657111,1.0543482041795535,63.26089225077321,3795.653535046393,5.274411436117138,0.22932223635291904,8.652178450154643,0.37618167174585404,8.0,0.33050236677213707,0.38214880480271063,-0.03798915921807433,-0.03643985786037128,-0.03519786144272219,-0.03798915921807433,0.5423930908363025,7.151190657586541,-0.02622487672172724
8.27,3.2699999999999996,61.42060531570787,1.0540846215210322,63.245077291261936,3794.704637475716,5.236896160076882,0.22769113739464705,8.649015458252386,0.37604415035879935,8.0,0.3295023667721371,0.3810256950200507,-0.03616263645013901,-0.034618485319567446,-0.03342187612162817,-0.03616263645013901,0.5407990338126781,7.1566066182097865,-0.026491586547727763
8.28,3.2799999999999994,61.623998504999754,1.053818372448599,63.22910234691594,3793.746140814956,5.199366588824186,0.22605941690539944,8.645820469383189,0.37590523779926904,8.0,0.3285023667721371,0.37990198641762685,-0.034304014740830724,-0.03276531888839829,-0.03161387398801607,-0.034304014740830724,0.5392041268696022,7.162006634013197,-0.026758158940459964
8.290000000000001,3.290000000000001,61.826382935072736,1.053549458342223,63.212967500533374,3792.7780500320023,5.161823006868223,0.22442708725514013,8.642593500106674,0.3757649347872467,8.0,0.32750236677213695,0.37877768733656164,-0.032413248991358334,-0.030879878395817417,-0.029773811803178396,-0.032413248991358334,0.5376083818458327,7.167390696556775,-0.0270245921206822
8.3,3.3000000000000007,62.02774856167809,1.0532778806061853,63.19667283637112,3791.800370182267,5.12426569362667,0.22279416059246396,8.639334567274224,0.37562324205540104,8.0,0.326502366772137,0.3776528061186555,-0.030490294419994235,-0.028962160142869408,-0.027901644527510316,-0.030490294419994235,0.5360118105810899,7.1727587975189095,-0.02729088356021947
8.31,3.3100000000000005,62.228085345663125,1.0530036406710186,63.180218440261115,3790.813106415667,5.08669492091728,0.22116064873553393,8.636043688052222,0.3754801603500966,8.0,0.32550236677213706,0.37652735110450186,-0.028535106580965752,-0.027012550520642536,-0.02599732500390939,-0.028535106580965752,0.5344144249133809,7.178110928696381,-0.027557031298997003
8.32,3.3200000000000003,62.42738325356047,1.0527267399802054,63.163604398812325,3789.8162639287393,5.04911097005027,0.21952656391522912,8.632720879762465,0.37533569042445497,8.0,0.32450236677213706,0.37540133064418113,-0.02654764123471648,-0.025030667278075264,-0.02406080996785087,-0.02654764123471648,0.5328162366941777,7.183447082004419,-0.027823033714611256
8.33,3.33,62.62563225743202,1.0524471799967263,63.14683079980358,3788.8098479882146,5.0115141233763145,0.21789191840766586,8.629366159960716,0.3751898330417702,8.0,0.32350236677213706,0.3742747530921475,-0.024527854411772076,-0.02301631477728388,-0.022092056106570168,-0.024527854411772076,0.5312172577811604,7.188767249476796,-0.028088888479203433
8.34,3.34,62.822822334644755,1.0521649622106213,63.129897732637275,3787.7938639582367,4.973904654539024,0.21625672411039237,8.625979546527455,0.3750425889794546,8.0,0.32250236677213706,0.3731476268005962,-0.02247570248648134,-0.020969826749452258,-0.020091017505020403,-0.02247570248648134,0.5296175000288026,7.194071423265846,-0.028354593407854622
8.35,3.3499999999999996,63.018943468332836,1.0518800881285693,63.11280528771415,3786.768317262849,4.9362828418638784,0.21462099312451643,8.622561057542832,0.3748939590236014,8.0,0.3215023667721371,0.37201996012791944,-0.02039114207537085,-0.018891034044060104,-0.018057650594313857,-0.02039114207537085,0.5280169753003738,7.199359595642491,-0.028620146851970674
8.36,3.3599999999999994,63.21398564750315,1.051592559273582,63.09555355641492,3785.7332133848954,4.898648968722611,0.21298473777054833,8.619110711282984,0.3747439439688254,8.0,0.3205023667721371,0.3708917614392153,-0.018274130034171554,-0.01677968731166143,-0.015991913219996046,-0.018274130034171554,0.5264156954686611,7.204631758996336,-0.028885546660340822
8.370000000000001,3.370000000000001,63.40793886671451,1.0513023771953625,63.07814263172175,3784.6885579033046,4.861003310185551,0.21134797000806746,8.615628526344349,0.3745925446236673,8.0,0.31950236677213695,0.36976303909722574,-0.016124623558869067,-0.014635983265309188,-0.013893760749939088,-0.016124623558869067,0.5248136724031074,7.2098879058356955,-0.02915079056909775
8.38,3.380000000000001,63.60079312644453,1.0510095434622,63.060572607732,3783.63435646392,4.823346143429818,0.20971070188825297,8.612114521546399,0.3744397618063652,8.0,0.31850236677213695,0.3686338014689789,-0.013942580106639013,-0.012459856478815362,-0.011763149965939301,-0.013942580106639013,0.5232109179792392,7.215128028787607,-0.029415876901936144
8.39,3.3900000000000006,63.79253843332042,1.0507140596573237,63.04284357943942,3782.570614766365,4.785677752402931,0.20807294575664917,8.608568715887884,0.3742855963429515,8.0,0.317502366772137,0.36750405692911603,-0.011727957360299468,-0.010251100709903878,-0.009600039693826723,-0.011727957360299468,0.5216074440833887,7.22035212059792,-0.029680803584554383
8.4,3.4000000000000004,63.98316479975647,1.050415927390509,63.02495564343054,3781.4973386058323,4.747998412865259,0.20643471360283736,8.604991128686107,0.374130049073309,8.0,0.316502366772137,0.3663738138496675,-0.009480713341563196,-0.008009814471044456,-0.00740438629260054,-0.009480713341563196,0.5200032625981819,7.225560174131328,-0.02994556828135586
8.41,3.41,64.17266224425175,1.0501151482916966,63.006908897501795,3780.4145338501075,4.710308400581948,0.20479601741660647,8.60138177950036,0.3739731208478417,8.0,0.315502366772137,0.3652430806052586,-0.007200806348791389,-0.005735982484754126,-0.005176146888641986,-0.007200806348791389,0.5183983854099281,7.2307521823713685,-0.03021016934251719
8.42,3.42,64.36102079175684,1.0498117240036586,62.98870344021952,3779.322206413171,4.672608000728533,0.20315686959689275,8.597740688043903,0.37381481252364795,8.0,0.31450236677213705,0.3641118655796527,-0.004888194885467045,-0.0034294236289695267,-0.0029152815787668596,-0.004888194885467045,0.5167928244179066,7.235928138420507,-0.03047460480838282
8.43,3.4299999999999997,64.5482304732482,1.049505656195529,62.97033937173174,3778.2203623039045,4.634897490455425,0.20151728219371415,8.594067874346347,0.3736551249715803,8.0,0.31350236677213705,0.36298017715383907,-0.002542837792257946,-0.001090171038864243,-0.0006217478839775081,-0.002542837792257946,0.5151865915174594,7.2410880355001845,-0.030738872196629075
8.44,3.4399999999999995,64.73428132589233,1.049196946559726,62.95181679358356,3777.1090076150135,4.597177142831985,0.19987726707965153,8.590363358716711,0.3734940590746396,8.0,0.31250236677213705,0.36184802370836666,-0.00016469421700049391,0.0012817315210443018,0.0017044972476848441,-0.00016469421700049391,0.5135796986033031,7.246231866950788,-0.03100296982498918
8.45,3.4499999999999993,64.9191633936227,1.0488855967990292,62.93313580794175,3775.988148476505,4.559447243439844,0.19823683667129757,8.58662716158835,0.3733316157212326,8.0,0.3115023667721371,0.3607154136346755,0.0022462765113705485,0.003686461866662047,0.004063492544059799,0.0022462765113705485,0.5119721575856129,7.251359626231733,-0.03126689595130472
8.46,3.460000000000001,65.10286672669862,1.0485716086406998,62.91429651844199,3774.857791106519,4.52170807217692,0.19659600313812697,8.582859303688398,0.37316779581253906,8.0,0.31050236677213694,0.3595823553227853,0.0046901147449670555,0.00612404205796898,0.006455278802851128,0.0046901147449670555,0.5103639803725475,7.256471306921525,-0.031530648021735885
8.47,3.4700000000000006,65.28538138167056,1.0482549838385944,62.89529903031566,3773.71794181894,4.4839599005241855,0.19495477828366026,8.579059806063132,0.3730026002636144,8.0,0.30950236677213694,0.35844885715909824,0.007166860496299832,0.008594390860505684,0.008879899049784812,0.007166860496299832,0.5087551788671315,7.261566902717723,-0.031794224160968554
8.48,3.4800000000000004,65.46669742205677,1.0479357241574805,62.87614344944883,3772.56860696693,4.446203011688419,0.1933131744212356,8.575228689889766,0.3728360299952072,8.0,0.30850236677213694,0.35731492753996213,0.009676553591308534,0.011097654909669234,0.0113373916988313,0.009676553591308534,0.5071457649865057,7.266646407436991,-0.0320576228351257
8.49,3.49,65.64680491810071,1.047613831381892,62.856829882913516,3771.409792974811,4.408437689180003,0.19167120387739145,8.571365976582703,0.37266808593837836,8.0,0.307502366772137,0.35618057486418525,0.012219233582862032,0.013633911131917423,0.013827795509632868,0.012219233582862032,0.5055357506513026,7.27170981501518,-0.03232084161439275
8.5,3.5,65.82569394648809,1.0472893073251925,62.837358439511554,3770.241506370693,4.370664205134318,0.19002887848410077,8.56747168790231,0.3724987690392309,8.0,0.306502366772137,0.3550458075246902,0.014794939662257256,0.01620307787324577,0.0163511527381226,0.014794939662257256,0.5039251477738017,7.276757119507305,-0.03258387823129283
8.51,3.51,66.00335459087754,1.046962153817266,62.81772922903596,3769.0637537421576,4.332882836118536,0.1883862102660233,8.563545845807191,0.37232808025248654,8.0,0.30550236677213705,0.35391063391896416,0.01740371077933678,0.01880521150841628,0.018907503030102246,0.01740371077933678,0.5023139682727604,7.281788315087538,-0.03284673136047189
8.52,3.5199999999999996,66.17977694223427,1.0466323726979831,62.79794236187899,3767.8765417127393,4.295093871503129,0.18674321180448386,8.559588472375797,0.3721560205380781,8.0,0.30450236677213705,0.3527750624551824,0.02004558570618087,0.021440491824101213,0.02149688200560107,0.02004558570618087,0.5007022240821066,7.286803396049312,-0.033109399052491995
8.53,3.5299999999999994,66.35495109820677,1.0462999658362162,62.777997950172974,3766.6798770103783,4.257297588970117,0.18509989517261377,8.555599590034594,0.37198259087106933,8.0,0.30350236677213704,0.3516391015353019,0.022720602851420413,0.024108895512932074,0.02411932951266893,0.022720602851420413,0.4990899271269419,7.291802356805357,-0.03337187843400358
8.540000000000001,3.540000000000001,66.52886716317788,1.045964935129303,62.75789610775818,3765.473766465491,4.219494255191895,0.18345627196486503,8.551579221551636,0.37180779224137545,8.0,0.30250236677213693,0.35050275955522703,0.025428800265442364,0.026810239503706243,0.02677488865404276,0.025428800265442364,0.4974770893237776,7.296785191887611,-0.033634167785031366
8.55,3.5500000000000007,66.70151524920783,1.0456272824805155,62.73763694883093,3764.2582169298557,4.181684154770479,0.1818123545552382,8.547527389766186,0.3716316256420081,8.0,0.30150236677213693,0.3493660449241033,0.028170215860280345,0.02954476455357704,0.029463594676435556,0.028170215860280345,0.49586372260791844,7.30175189594727,-0.03389626599858531
8.56,3.5600000000000005,66.87288547573552,1.0452870098093312,62.71722058855987,3763.0332353135923,4.143867576993609,0.18016815552146126,8.543444117711974,0.37145409207443364,8.0,0.30050236677213693,0.3482289660560321,0.030944887309240943,0.0323127346015086,0.03218548221319106,0.030944887309240943,0.49424983892170316,7.306702463754918,-0.03415817068287197
8.57,3.5700000000000003,67.04296796907363,1.044944119066858,62.69664714401148,3761.798828640689,4.10604479596869,0.1785236867812474,8.539329428802297,0.3712751925566216,8.0,0.299502366772137,0.3470915313561301,0.03375285189623489,0.03511394785384758,0.03494059154128093,0.03375285189623489,0.49263545019471805,7.3116368902005,-0.034419879004971676
8.58,3.58,67.21175286268834,1.044598612229232,62.675916733753915,3760.555004025235,4.068216079100493,0.17687895996089098,8.535183346750783,0.37109492811959927,8.0,0.298502366772137,0.3459537492258918,0.036594146580217646,0.037948095077785,0.03772896434227002,0.036594146580217646,0.4910205683514087,7.31655517029323,-0.03468138951553357
8.59,3.59,67.37923029810814,1.0442504912765473,62.655029476592844,3759.3017685955706,4.030381714138356,0.17523398757123287,8.531005895318568,0.3709132997964595,8.0,0.297502366772137,0.34481562808149274,0.039468808200783745,0.04081571393738323,0.0405506336617224,0.039468808200783745,0.4894052053370577,7.321457299161673,-0.03494270077188588
8.6,3.5999999999999996,67.54539042420696,1.043899758213794,62.63398549282765,3758.039129569659,3.992541982223745,0.17358878183581503,8.52679709856553,0.3707303086332839,8.0,0.29650236677213704,0.3436771763359124,0.042376873273656745,0.04371684862262536,0.04340563605001646,0.042376873273656745,0.48778937309241127,7.32634327205382,-0.03520381018486063
8.61,3.6099999999999994,67.71022339718374,1.0435464150728502,62.61278490437101,3756.767094262261,3.9546971553051717,0.17194335457848572,8.522556980874203,0.3705459556901827,8.0,0.29550236677213704,0.34253840239633243,0.04531837797117927,0.04665111984698559,0.04629401045666948,0.04531837797117927,0.4861730835499869,7.331213084337032,-0.03546471583585031
8.620000000000001,3.620000000000001,67.8737193812222,1.043190463897077,62.591427833824625,3755.4856700294777,3.9168475159120013,0.17029771808313052,8.518285566764924,0.3703602420332575,8.0,0.29450236677213687,0.3413993146781315,0.04829335827263126,0.049618883298464596,0.049215791777690754,0.04829335827263126,0.484556348653936,7.336066731498052,-0.035725416147165845
8.63,3.630000000000001,68.03586854825632,1.0428319067499068,62.56991440499441,3754.1948642996645,3.8789933460767148,0.1686518846120311,8.513982880998881,0.3701731687390818,8.0,0.29350236677213687,0.3402599215972063,0.05130184988027314,0.05262023507120692,0.05217101537269775,0.05130184988027314,0.4829391803491455,7.340904209143067,-0.035985908707850456
8.64,3.6400000000000006,68.19666107772234,1.04247074572292,62.54824474337521,3752.8946846025124,3.8411349169221634,0.16700586595313754,8.509648948675041,0.3699847368989148,8.0,0.29250236677213687,0.33912023156210536,0.05434388814040536,0.05565490435403817,0.055159719577023925,0.05434388814040536,0.48132159057007273,7.345725512997664,-0.03624619150181729
8.65,3.6500000000000004,68.35608715723075,1.0421069829198704,62.52641897519222,3751.5851385115334,3.803272509172916,0.1653596743118659,8.505283795038444,0.36979494761036713,8.0,0.2915023667721369,0.33798025298850487,0.057419508199281544,0.05872310908909233,0.05818193880594047,0.057419508199281544,0.4797035912612916,7.350530638906821,-0.03650626317165262
8.66,3.66,68.51413698255317,1.041740620459487,62.50443722756922,3750.266233654153,3.765406409510359,0.16371332215262432,8.500887445513843,0.3696038019788627,8.0,0.2905023667721369,0.3368399942969456,0.06052874497560656,0.06182506344238237,0.06123770593831879,0.06052874497560656,0.4780851943742803,7.355319582834999,-0.036766121439868016
8.67,3.67,68.67080075710372,1.041371660491073,62.48229962946438,3748.937977767863,3.7275368904883326,0.16206682132557967,8.496459925892875,0.3694113011257772,8.0,0.2895023667721369,0.33569946389828415,0.06367163300813383,0.06496054912252501,0.06432705852240816,0.06367163300813383,0.4764664118467722,7.360092340866104,-0.03702576363185983
8.68,3.6799999999999997,68.8260686922795,1.0410001051868498,62.46000631121099,3747.600378672659,3.6896642203511405,0.16042018349352785,8.492001262242198,0.36921744618444335,8.0,0.288502366772137,0.33455867020014635,0.0668482065303525,0.06812934976938759,0.06745003427335239,0.0668482065303525,0.474847255611915,7.364848909203397,-0.03728518854333629
8.69,3.6899999999999995,68.9799310083614,1.0406259567202063,62.43755740321238,3746.253444192743,3.651788690960271,0.15877342134609873,8.487511480642475,0.36902223828880326,8.0,0.287502366772137,0.33341762162688876,0.07005849968279415,0.07133208586752987,0.07060666247258329,0.07005849968279415,0.4732277376266028,7.36958928416959,-0.03754439481532046
8.700000000000001,3.700000000000001,69.13237793368373,1.0402492172905433,62.414953037432596,3744.8971822459557,3.613910585804928,0.1571265472089099,8.48299060748652,0.36882567858637044,8.0,0.2865023667721368,0.33227632659726114,0.07330254627023602,0.07456887668750527,0.07379697606593427,0.07330254627023602,0.47160786983977193,7.374313462206922,-0.03780337951211976
8.71,3.710000000000001,69.28339970441814,1.039869889129964,62.39219334779784,3743.5316008678706,3.5760301713869107,0.15547957266899612,8.47843866955957,0.3686277682417204,8.0,0.28550236677213686,0.3311347935180763,0.07658037969631182,0.07783905855340854,0.07702101407065887,0.07658037969631182,0.46998766418341614,7.379021439877039,-0.03806214031758515
8.72,3.7200000000000006,69.43298656536086,1.0394879744841916,62.369278469051494,3742.1567081430894,3.53814772171666,0.1538325096398548,8.4738556938103,0.3684285084265348,8.0,0.28450236677213686,0.32999303080058,0.07989203314978754,0.08114269538703198,0.08027881059955488,0.07989203314978754,0.4683671325958212,7.3837132138609345,-0.038320676135178644
8.73,3.7300000000000004,69.58112877023177,1.0391034756072606,62.34620853643563,3740.772512186138,3.500263525091696,0.1521853706561607,8.469241707287127,0.3682279003168316,8.0,0.28350236677213686,0.32885104686608435,0.08323753965624503,0.08448056230477127,0.08357039526109755,0.08323753965624503,0.46674628702955995,7.388388780959061,-0.03857898507987301
8.74,3.74,69.72781658094839,1.0387163947825941,62.32298368695565,3739.379021217339,3.4623778569695585,0.15053816769432862,8.46459673739113,0.36802594510396214,8.0,0.2825023667721369,0.3277088501264094,0.08661693187211994,0.08785223989167085,0.08689580238078876,0.08661693187211994,0.46512513942373324,7.393048138091327,-0.03883706458753977
8.75,3.75,69.87304026796093,1.0383267343155098,62.29960405893059,3737.9762435358352,3.4244909895755384,0.14889091259024081,8.459920811786118,0.36782264399070075,8.0,0.2815023667721369,0.326566448990235,0.09003024215781963,0.09125745181178947,0.09025506634877123,0.09003024215781963,0.4635037017129849,7.397691282297011,-0.03909491311192426
8.76,3.76,70.01679011082344,1.0379344965203556,62.27606979122134,3736.5641874732805,3.3866032083951394,0.14724361775631042,8.455213958244268,0.3676179981845334,8.0,0.28050236677213697,0.3254238518754742,0.09347750270321525,0.0946968381245658,0.09364821730708173,0.09347750270321525,0.46188198584506346,7.4023182107348005,-0.03935252888618379
8.77,3.7699999999999996,70.15905639762512,1.0375396837377862,62.252381024267166,3735.14286145603,3.3487147899285334,0.14559629521428408,8.450476204853434,0.36741200890667103,8.0,0.27950236677213697,0.32428106719282035,0.0969587453587708,0.09817020422179308,0.09707528827505307,0.0969587453587708,0.4602600037574706,7.406928920682813,-0.03960990948596077
8.78,3.7799999999999994,70.29982942519213,1.0371422983306364,62.22853789983819,3733.712273990291,3.3108260069687367,0.1439489568247277,8.445707579967637,0.36720467738989726,8.0,0.278502366772137,0.3231381033492533,0.10047400167576842,0.10167733241344108,0.10053631268560081,0.10047400167576842,0.4586377673824373,7.411523409538512,-0.03986705315569594
8.790000000000001,3.790000000000001,70.43909949952969,1.0367423426746722,62.20454056048033,3732.2724336288197,3.2729371404444674,0.14230161480193337,8.440908112096068,0.36699600487374207,8.0,0.27750236677213685,0.3219949687568383,0.10402326710153659,0.10521847980467809,0.10403130469128519,0.10402326710153659,0.4570152886594122,7.416101674818722,-0.04012395810535452
8.8,3.8000000000000007,70.57685693551024,1.0363398191685294,62.180389150111765,3730.823349006706,3.235048466613635,0.1406542811571146,8.436077830022352,0.3667859926096675,8.0,0.2765023667721369,0.32085167182310265,0.10758850984835283,0.10877555876654628,0.10754999372262009,0.10754999372262009,0.4553925795214033,7.420663714159626,-0.04038062231389716
8.81,3.8100000000000005,70.7130920571478,1.0359347302283943,62.15608381370366,3729.3650288222198,3.1971602638602,0.13900696799392173,8.431216762740732,0.3665746418582927,8.0,0.27550236677213696,0.3197082209561731,0.11114974096426436,0.11232858337574228,0.11107634873509342,0.11107634873509342,0.45376965190226926,7.4252095253167445,-0.04063704385232114
8.82,3.8200000000000003,70.84779519753775,1.035527078291483,62.131624697488974,3727.8974818493384,3.159272808188363,0.1373596873125375,8.426324939497796,0.3663619538912085,8.0,0.27450236677213696,0.318564624561022,0.11471298268415023,0.11588356710787236,0.1146095079963837,0.1146095079963837,0.45214651773139186,7.429739106164913,-0.04089322080290714
8.83,3.83,70.98095669906894,1.0351168658123362,62.10701194874017,3726.4207169244105,3.1213863779437783,0.1357124512149469,8.421402389748035,0.366147929989045,8.0,0.273502366772137,0.3174208910432059,0.11828090091378943,0.11944317599884638,0.11814952481055407,0.11814952481055407,0.45052318893898174,7.434252454698265,-0.04114915123508922
8.84,3.84,71.11256691334482,1.0347040952667812,62.082245716006874,3724.934742960412,3.0835012486856272,0.1340652716819838,8.416449143201374,0.365932571443538,8.0,0.272502366772137,0.3162770288046002,0.12185560544785942,0.1230095188566053,0.12169640021445727,0.12169640021445727,0.44889967745002496,7.438749569030209,-0.041404833231460714
8.85,3.8499999999999996,71.242616201415,1.034288769147707,62.057326148862415,3723.439568931745,3.0456176985777645,0.1324181608077289,8.411465229772483,0.36571587955532536,8.0,0.271502366772137,0.31513304624767163,0.1254368083338588,0.12658230731212317,0.12525013519665218,0.12525013519665218,0.447275995190347,7.443230447393411,-0.041660264816272274
8.86,3.8599999999999994,71.37109493364325,1.0338708899704558,62.032253398227354,3721.9352038936413,3.0077360014199503,0.1307711304965196,8.40645067964547,0.36549785563675957,8.0,0.270502366772137,0.3139889517697633,0.12902491871470606,0.13016195198129096,0.12881073069749094,0.12881073069749094,0.44565215407850106,7.4476950881397554,-0.04191544420650928
8.870000000000001,3.870000000000001,71.49799349012238,1.0334504602635766,62.00702761581459,3720.4216569488754,2.969856438495141,0.1291241929780496,8.401405523162918,0.36527850100708337,8.0,0.2695023667721369,0.312844753772338,0.13261976466410985,0.13374827744357384,0.13237818760899556,0.13237818760899556,0.4440281660388875,7.452143489740343,-0.042170369538332864
8.88,3.880000000000001,71.62330226034993,1.0330274825796892,61.981648954781356,3718.8989372868814,2.931979284561601,0.1274773601983305,8.39632979095627,0.36505781699809875,8.0,0.2685023667721369,0.31170046065013896,0.1362214938701223,0.13734143417540934,0.13595250677502702,0.13595250677502702,0.44240404298636954,7.456575650785469,-0.04242503831065392
8.89,3.8900000000000006,71.74701164321228,1.0326019594973634,61.95611756984181,3717.3670541905085,2.894104805408768,0.1258306437134247,8.391223513968361,0.3648358049551461,8.0,0.2675023667721369,0.3105560807891078,0.1398302987637412,0.14094162543937233,0.13953368899132523,0.13953368899132523,0.4407797968233181,7.460991569984517,-0.0426794492639786
8.9,3.9000000000000004,71.86911204805271,1.0321738935944098,61.93043361566459,3715.8260169398754,2.8562332921389624,0.1241840561799549,8.386086723132918,0.36461246622317034,8.0,0.26650236677213696,0.3094116225917524,0.14344583324517746,0.14454848215004176,0.1431217350051336,0.1431217350051336,0.43915543947561686,7.4653912461660115,-0.042933601152803647
8.91,3.91,71.9895938937919,1.0317432874743073,61.90459724845844,3714.275834907506,2.818365027147099,0.12253760987596081,8.380919449691689,0.3643878021605082,8.0,0.26550236677213696,0.3082670944524196,0.14706805313939197,0.14816195558566703,0.14671664551559982,0.14671664551559982,0.43753098285756636,7.469774678277678,-0.04318749093665275
8.92,3.92,72.10844760860117,1.0313101437756766,61.8786086265406,3712.7165175924356,2.780500271932292,0.12089131617096922,8.37572172530812,0.3641618141438313,8.0,0.26450236677213695,0.30712250474834946,0.1506973540302411,0.15178247360414066,0.1503184211739167,0.1503184211739167,0.4359064388591872,7.474141865386262,-0.043441116122423296
8.93,3.9299999999999997,72.22566363073653,1.0308744651518589,61.85246790911153,3711.148074546692,2.742639293297092,0.11924518666509097,8.370493581822306,0.3639345035574915,8.0,0.263502366772137,0.305977861857436,0.15433387337556093,0.15541018927444505,0.15392706258304634,0.15392706258304634,0.434281819371428,7.478492806677415,-0.04369447602672949
8.94,3.9399999999999995,72.34123240922452,1.0304362542551422,61.82617525530853,3709.5705153185118,2.7047823835590723,0.11759923406778576,8.365235051061706,0.36370587178529157,8.0,0.262502366772137,0.3048331741738883,0.15797690675566325,0.15904432865978024,0.15754257029751284,0.15754257029751284,0.4326571363083939,7.482827501455814,-0.043947569175941226
8.950000000000001,3.950000000000001,72.45514440275592,1.02999551376834,61.79973082610041,3707.9838495660247,2.66692981993168,0.11595347043181217,8.35994616522008,0.36347592022696,8.0,0.26150236677213684,0.3036884500788011,0.16162655042261562,0.16268499714652304,0.161164944823871,0.161164944823871,0.43103240156557643,7.487145949145185,-0.04420039247494145
8.96,3.960000000000001,72.56739007968906,1.0295522464056432,61.773134784338595,3706.3880870603157,2.629081863409572,0.114307907104764,8.354626956867719,0.3632446502985965,8.0,0.26050236677213684,0.30254369793861496,0.16528371938712838,0.16633320774573146,0.16479418662072298,0.16479418662072298,0.42940762701766816,7.491448149288101,-0.0444529440992838
8.97,3.9700000000000006,72.67795991912045,1.0291064548863544,61.746387293181265,3704.783237590876,2.5912387924623808,0.11266255619401655,8.349277458636253,0.3630120634189675,8.0,0.2595023667721369,0.3013989261293624,0.16894783185964124,0.16998831647315812,0.1684302960983718,0.1684302960983718,0.4277828245529756,7.495734101545954,-0.044705223199834165
8.98,3.9800000000000004,72.78684441071327,1.0286581419416465,61.71948851649879,3703.1693109899275,2.5534008943011957,0.11101743018700852,8.343897703299758,0.36277816101303295,8.0,0.2585023667721369,0.3002541430312597,0.17261809251273974,0.17364943312916556,0.1720732736189352,0.1720732736189352,0.4261580060657435,7.500003805699048,-0.044957227535526556
8.99,3.99,72.89403405397451,1.028207310335644,61.69243862013864,3701.546317208318,2.515568437754834,0.10937254077194931,8.338487724027727,0.36254294452294467,8.0,0.25750236677213695,0.2991093570081276,0.176295335123485,0.17731749091909746,0.1757231194966582,0.1757231194966582,0.42453318342694607,7.5042572616465115,-0.04520895427852878
9.0,4.0,72.99951935864739,1.027753962856076,61.66523777136455,3699.914266281873,2.477741685251793,0.10772789935877361,8.33304755427291,0.36230641540317005,8.0,0.25650236677213695,0.2979645764156154,0.17998048338992734,0.18099352821803005,0.17937983399779378,0.17937983399779378,0.4229083684959596,7.508494469406126,-0.04546040228614601
9.01,4.01,73.10329084572004,1.027298102289921,61.63788613739526,3698.2731682437156,2.439920924049514,0.10608351843693539,8.327577227479052,0.3620685751077849,8.0,0.25550236677213695,0.2968198096246022,0.1836718367587628,0.1846756315598905,0.1830434173402914,0.1830434173402914,0.4212835731537761,7.512715429114375,-0.04571157030340345
9.02,4.02,73.20533904650587,1.026839731450008,61.61038388700048,3696.623033220029,2.402106432012867,0.10443941008751595,8.322076777400095,0.36182942510435195,8.0,0.25450236677213695,0.29567506499619034,0.187369365356896,0.18836376604778168,0.18671386969418635,0.18671386969418635,0.4196588092675117,7.516920141026482,-0.045962455495676124
9.03,4.029999999999999,73.30565450249779,1.0263788531800075,61.58273119080045,3694.963871448027,2.364298471175305,0.10279558570327413,8.31654623816009,0.36158896687652564,8.0,0.253502366772137,0.29453035087621987,0.19107488407393816,0.19205998304180888,0.19039119118168235,0.19039119118168235,0.41803408868261993,7.521108605516233,-0.04621305597279246
9.040000000000001,4.040000000000001,73.40422776634307,1.025915470330552,61.554928219833116,3693.295693189987,2.3264973183656465,0.10115205732024551,8.310985643966625,0.36134720191159236,8.0,0.25250236677213683,0.29338567561776097,0.19478729117854318,0.19576303664107333,0.19407538187684636,0.19407538187684636,0.4164094232548165,7.525280823075921,-0.046463370655509095
9.05,4.050000000000001,73.50104940163843,1.0254495857668973,61.52697514601384,3691.6185087608305,2.2887032553117526,0.0995088371874675,8.305395029202767,0.36110413170446815,8.0,0.25150236677213683,0.29224104757452807,0.1985057372655417,0.19947196136286416,0.19776644180573755,0.19776644180573755,0.4147848248407314,7.529436794316398,-0.04671339727752866
9.06,4.0600000000000005,73.59610998238392,1.0249812023850013,61.49887214310008,3689.9323285860046,2.250916547951709,0.09786593686746561,8.299774428620015,0.3608597577660876,8.0,0.2505023667721369,0.29109647508460607,0.2022316446822561,0.2031883755331696,0.20146437094664893,0.20146437094664893,0.4131603052748113,7.533576519966975,-0.04696313360233262
9.07,4.07,73.68940009366945,1.0245103230948507,61.47061938569104,3688.237163141462,2.213137467809821,0.09622336816564438,8.294123877138208,0.3606140816147047,8.0,0.24950236677213689,0.2899519664862597,0.2059647173595067,0.20691194275776004,0.20516916922989747,0.20516916922989747,0.41153587639175804,7.537700000875308,-0.04721257841674742
9.08,4.08,73.78091033190267,1.0240369508166665,61.442217048999986,3686.5330229399992,2.175366296813592,0.09458114333972138,8.288443409799997,0.3603671047739129,8.0,0.2485023667721369,0.2888075301222112,0.20970406197258848,0.21064164008625325,0.20888083653780354,0.20888083653780354,0.40991155003260016,7.541807238007429,-0.04746172971676543
9.09,4.09,73.87063130413688,1.0235610885005153,61.41366531003092,3684.8199186018555,2.1376033020637117,0.09293927400277008,8.282733062006184,0.36011882878287754,8.0,0.2475023667721369,0.28766317431994654,0.21345055375273442,0.2143784725248655,0.21259937270497642,0.21259937270497642,0.40828733801674094,7.5458982324476755,-0.04771058512414328
9.1,4.1,73.95855362858055,1.0230827391141837,61.38496434685102,3683.0978608110613,2.09984875136964,0.09129777179868,8.276992869370204,0.35986925519000884,8.0,0.24650236677213694,0.28651890740311814,0.21720428831408292,0.21812255209263673,0.21632477751817214,0.21632477751817214,0.40666325215814275,7.54997298539855,-0.04795914346772889
9.11,4.109999999999999,74.04466793513105,1.0226019056311608,61.35611433786965,3681.366860272179,2.0621029286298107,0.08965664907086134,8.271222867573929,0.35961838554669256,8.0,0.24550236677213697,0.2853747377038234,0.220964396794639,0.22187287071915882,0.2200570507161621,0.2200570507161621,0.405039304282754,7.554031498180755,-0.04820740298508497
9.120000000000001,4.120000000000001,74.12896486455479,1.0221185910544819,61.32711546326891,3679.6269277961346,2.0243661031580302,0.08801591752861002,8.265423092653783,0.3593662214197297,8.0,0.2445023667721368,0.28423067353897397,0.22473134730886027,0.22562997312927752,0.22379619199008033,0.22379619199008033,0.4034155061949696,7.5580737722331435,-0.0484554536651558
9.13,4.130000000000001,74.211435083571,1.0216327965578575,61.29796779347145,3677.878067608287,1.986599803219461,0.08637390448780266,8.259593558694291,0.3591127634214909,8.0,0.24348304666344509,0.28308631478639396,0.228505886422399,0.22939464179917343,0.22754226744907657,0.22754226744907657,0.4017912899916561,7.562099806214077,-0.04870327185218315
9.14,4.140000000000001,74.29206920281895,1.0211445256174383,61.268671537046295,3676.1202922227776,1.9489719602412332,0.08473791131483623,8.25373430740926,0.35885801336562,8.0,0.24260025670164093,0.28194337103732675,0.23228675005210295,0.23316562634221613,0.23129500484782456,0.23129500484782456,0.400169082137235,7.566109608074721,-0.0489489704448971
9.15,4.15,74.37085796276875,1.0206538171489596,61.23922902893758,3674.353741736255,1.9121217551329996,0.08313572848404346,8.247845805787517,0.358601991555979,8.0,0.24199572690027785,0.2808086103823344,0.23607351531778706,0.2369427049289678,0.23505329606876674,0.23505329606876674,0.3985584887472112,7.570103245929143,-0.049188142329690265
9.16,4.16,74.44779237614306,1.0201607627708444,61.20964576625067,3672.57874597504,1.876946316978138,0.08160636160774513,8.241929153250133,0.358344745793484,8.0,0.24167066265653156,0.2796918441885657,0.23986579281461218,0.2407257393857817,0.23881550561726222,0.23881550561726222,0.3969734353335484,7.574080905549547,-0.04941452128392143
9.17,4.17,74.52286381467444,1.0196655267232813,61.179931603396874,3670.7958962038124,1.8441337371412647,0.08017972770179412,8.235986320679375,0.3580863617686685,8.0,0.24160926359586912,0.2786013776483906,0.24365992819678745,0.2445119074956123,0.2425801835992063,0.2425801835992063,0.39542570965772306,7.578042901274503,-0.04962225996874281
9.18,4.18,74.59606444053075,1.0191683175714696,61.15009905428818,3669.0059432572907,1.8142752935141897,0.07888153450061694,8.230019810857636,0.3578269482981581,8.0,0.24179466541217834,0.2775448668501886,0.24745434501447836,0.2482999372872842,0.24634594321230552,0.24634594321230552,0.3939261781921345,7.581989660713752,-0.04980718542648788
9.19,4.1899999999999995,74.6673873426723,1.0186693830147515,61.12016298088509,3667.2097788531055,1.7878560734874942,0.07773287276032584,8.224032596177018,0.3575666346163921,8.0,0.24221096496238118,0.2765291702154741,0.2512487512781185,0.2520894116547168,0.25011148665364497,0.25011148665364497,0.3924845752612049,7.585921714481019,-0.04996538869568923
9.200000000000001,4.200000000000001,74.73682648247856,1.0181690097975558,61.09014058785335,3665.4084352712007,1.7652561288480828,0.07675026647165578,8.218028117570668,0.3573055703291595,8.0,0.24284323319061443,0.27556036640894116,0.25503981807062337,0.2558776444370766,0.25387560348323357,0.25387560348323357,0.39110952846154096,7.5898396849996335,-0.05009376078634631
9.21,4.210000000000001,74.8043770091378,1.0176675077990245,61.060050467941466,3663.603028076488,1.7467768553661949,0.07594681979853021,8.212010093588294,0.3570439171125345,8.0,0.24367741020615633,0.2746438615393038,0.2588261743630199,0.25966332674614917,0.25763716102981155,0.25763716102981155,0.38980871081469326,7.5937442761960146,-0.050190300244935315
9.22,4.220000000000001,74.8700353242811,1.017165203792657,61.02991222755942,3661.7947336535653,1.732611820641835,0.07533094872355804,8.205982445511886,0.3567818454570385,8.0,0.24465431845083627,0.2737840379431681,0.26260700465111514,0.26344560486893415,0.2613951645437447,0.2613951645437447,0.3885883422775659,7.597636261461476,-0.050253837522760136
9.23,4.23,74.93379902040583,1.0166624310485692,60.99974586291415,3659.9847517748494,1.722576540865369,0.07489463221153779,8.19994917258283,0.3565195292427317,8.0,0.24565632865991255,0.2729814408077622,0.266381535085923,0.26722339148536034,0.26514921572671063,0.26514921572671063,0.38744919664764854,7.601516449156102,-0.05028524637367582
9.24,4.24,74.99566689631283,1.0161594988651836,60.96956993191102,3658.174195914661,1.716310154555806,0.07462218063286113,8.193913986382203,0.35625712984270447,8.0,0.24665768854477252,0.2722345533835877,0.2701503157851303,0.2709965664533681,0.2688992505335685,0.2688992505335685,0.38638912116549723,7.605385640745167,-0.0502874339561572
9.25,4.25,75.05563889537987,1.0156566823694462,60.93940094216677,3656.364056530006,1.7134444375130573,0.07449758423969814,8.187880188433354,0.3559947908014502,8.0,0.24765701071153826,0.2715414237330977,0.273910974055004,0.2747634799854374,0.27264528740825505,0.27264528740825505,0.3854053453986892,7.609244613077988,-0.050263333914791986
9.26,4.26,75.11371593766708,1.0151542321868878,60.90925393121327,3654.5552358727964,1.7136475459482892,0.07450641504122997,8.181850786242654,0.35573264288011536,8.0,0.24865701071153823,0.2709002026328211,0.27766443918949196,0.27852438065903073,0.2763873364882492,0.2763873364882492,0.38449524469938695,7.613094116028478,-0.05021538309800633
9.27,4.27,75.16989985770459,1.014652374707486,60.87914248244916,3652.7485489469495,1.7166277999816622,0.07463599130355053,8.175828496489832,0.35547080419521004,8.0,0.2496570107115382,0.2703091906102766,0.28141294700337727,0.2822802997636118,0.2801253929834185,0.2801253929834185,0.38365640696497394,7.616934874286799,-0.05014586102269902
9.28,4.279999999999999,75.22419325931601,1.0141513149664338,60.84907889798603,3650.944733879162,1.722117541631187,0.07487467572309509,8.169815779597206,0.35520938172161765,8.0,0.2506570107115382,0.2697667139322092,0.2851549005720326,0.2860301710479239,0.2838594573526469,0.2838594573526469,0.38288645662514365,7.62076758860475,-0.050056847612431454
9.290000000000001,4.290000000000001,75.27659949201902,1.0136512377552374,60.81907426531424,3649.1444559188544,1.7298751197424098,0.07521196172793086,8.16381485306285,0.3549484718722978,8.0,0.25165701071153834,0.26927115569199117,0.28888987325017024,0.2897736205287015,0.28758952978985586,0.28758952978985586,0.3821830987650033,7.624592936381701,-0.04995030711588555
9.3,4.300000000000001,75.32712260601176,1.013152308824116,60.789138529446966,3647.348311766818,1.739683348932914,0.07563840647534409,8.157827705889392,0.35468816112562573,8.0,0.25265701071153834,0.268820954319822,0.29262012172521285,0.2935118067477222,0.29131561023471536,0.29131561023471536,0.38154411701056434,7.628411572460578,-0.049827950579931723
9.31,4.3100000000000005,75.37576720757542,1.0126546787436388,60.75928072461833,3645.5568434771,1.75134455231337,0.07614541531797261,8.151856144923666,0.3544285280401594,8.0,0.2536570107115383,0.26841459995423456,0.29634486733700105,0.2972442184537924,0.29503769842004773,0.29503769842004773,0.38096736837873335,7.632224129887525,-0.049691267926689875
9.32,4.32,75.42253843809138,1.0121584834655823,60.729509007934944,3643.770540476097,1.7646798424616925,0.07672521054181272,8.145901801586987,0.3541696435472603,8.0,0.2546570107115383,0.2680506335150561,0.300063067493616,0.3009702200764181,0.2987557938771319,0.2987557938771319,0.3804507819615428,7.636031220639226,-0.04954170577072148
9.33,4.33,75.46744196264709,1.0116638446282245,60.69983067769347,3641.989840661608,1.779528731571231,0.07737081441614048,8.139966135538693,0.3539115711103779,8.0,0.25565701071153824,0.267727645892382,0.303776716753179,0.30469089041773173,0.3024698959360844,0.3024698959360844,0.37999235777504164,7.639833436337909,-0.049380545591219516
9.34,4.34,75.51048385783466,1.011170872553758,60.67025235322548,3640.215141193529,1.795745283372069,0.07807588188574215,8.134050470645096,0.3536543682889172,8.0,0.25665701071153824,0.2674442745649991,0.30748569856714325,0.3084061461200948,0.3061800037629767,0.3061800037629767,0.3795901619597415,7.643631348936583,-0.049208877643565074
9.35,4.35,75.55167058080531,1.010679667075353,60.640780024521185,3638.446801471271,1.8131970516726477,0.0788346544205499,8.128156004904238,0.35339808716974946,8.0,0.2576570107115382,0.2671992024078721,0.31118836371905423,0.31211506322386384,0.3098861163695398,0.3098861163695398,0.3792423250880531,7.6474255113718215,-0.04902775843846996
9.36,4.359999999999999,75.59100897502103,1.0101903173849887,60.61141904309932,3636.685142585959,1.8317652774222892,0.07964196858357779,8.122283808619864,0.35314277428782015,8.0,0.2586570107115382,0.26699115728877854,0.3148863510833896,0.3158185600381044,0.3135882326084612,0.3135882326084612,0.37894704159178044,7.65121645820522,-0.04883815792219082
9.370000000000001,4.370000000000001,75.6285061997878,1.0097029039169092,60.58217423501455,3634.930454100873,1.8513424707802217,0.0804931509034879,8.11643484700291,0.3528884716088222,8.0,0.25965701071153835,0.26681890952280846,0.31858054232015026,0.3195171415075584,0.3172863511965984,0.3172863511965984,0.37870256614923026,7.6550047062439255,-0.048640885888332264
9.38,4.380000000000001,75.66416968088501,1.0092174996672219,60.55304998003331,3633.1829988019986,1.8718307168548882,0.0813839442110821,8.110609996006662,0.35263521721768093,8.0,0.26065701071153835,0.2666812698908391,0.32226915304214737,0.323209837194455,0.3209804707315494,0.3209804707315494,0.3785072108727851,7.6587907551290355,-0.048436691796325704
9.39,4.390000000000001,75.69800711484241,1.0087341700809827,60.52405020485896,3631.4430122915373,1.893141821570801,0.08231051398133918,8.104810040971792,0.3523830452596431,8.0,0.2616570107115383,0.26657708930530344,0.32595203903092446,0.32689659438248253,0.32467058968874285,0.32467058968874285,0.3783593448345203,7.662575087907572,-0.048226304343899074
9.4,4.4,75.73002644923433,1.0082529735803438,60.49517841482063,3629.7107048892376,1.91519663434461,0.08326941888454827,8.099035682964125,0.3521319862158315,8.0,0.2626570107115383,0.26650525772140576,0.3296316789937265,0.3305788207639628,0.3283567064267678,0.3283567064267678,0.37825739252086577,7.666358171594349,-0.048010346129778725
9.41,4.41,75.76023582307288,1.007773963158387,60.466437789503225,3627.9862673701937,1.937923001391383,0.08425752179962535,8.093287557900645,0.3518820677348106,8.0,0.26365701071153824,0.26646470139444806,0.3333072512346398,0.3342560949589356,0.3320388192079119,0.3320388192079119,0.378199829939863,7.670140457706653,-0.047789351568475524
9.42,4.42,75.78864356048,1.0072971865489744,60.43783119293846,3626.2698715763077,1.9612555478711193,0.08527198034222258,8.087566238587693,0.351633314721204,8.0,0.26465701071153824,0.2664543823509971,0.33697624541233223,0.33792706135856515,0.33571692619991184,0.33571692619991184,0.3781851838705793,7.6739223827757055,-0.04756384759410537
9.43,4.43,75.81525817152965,1.006822686206505,60.409361172390305,3624.5616703434184,1.9851357047719467,0.0863102480335629,8.08187223447806,0.35138574932513306,8.0,0.26565701071153824,0.26647329790193375,0.3406414727807377,0.3415933175448552,0.339391025474177,0.339391025474177,0.3782120311719668,7.677704368850918,-0.04733430955779028
9.44,4.4399999999999995,75.8400883129382,1.0063505003578186,60.381030021469115,3622.861801288147,2.0095103580811196,0.08737001556874432,8.076206004293823,0.3511393914910358,8.0,0.2666570107115382,0.2665204785325458,0.34430356368993675,0.34525525215818986,0.3430611150193908,0.3430611150193908,0.37827899578822005,7.681486823985719,-0.04710113668510729
9.450000000000001,4.450000000000001,75.86314277049354,1.0058806634728028,60.35283980836817,3621.17038850209,2.034331244521419,0.08844918454440952,8.070567961673634,0.35089425920320144,8.0,0.26765701071153836,0.2665949867029417,0.34795973949879555,0.3489113652733472,0.3467271927474503,0.3467271927474503,0.3783847470461743,7.685270142699892,-0.04686470631313
9.46,4.460000000000001,75.88443046035466,1.005413206231556,60.32479237389336,3619.4875424336014,2.0595549942112243,0.08954586931353149,8.06495847477867,0.35065036846863784,8.0,0.2686570107115383,0.26669591653687336,0.35161142083815267,0.3525624835805336,0.35038925649218056,0.35038925649218056,0.3785279992136436,7.689054706431191,-0.04662537080118767
9.47,4.470000000000001,75.90396040920476,1.004948156056779,60.29688936340674,3617.8133618044044,2.085142447116962,0.09065836726595487,8.059377872681349,0.35040773359484123,8.0,0.2696570107115383,0.26682239238776084,0.3552599218905294,0.35620937380356876,0.3540473040159503,0.3540473040159503,0.37870750946414516,7.69284088397458,-0.04638343064790007
9.48,4.48,75.92174173541186,1.004485537618598,60.26913225711588,3616.1479354269527,2.1110580047207206,0.09178513064003133,8.053826451423175,0.3501663674531815,8.0,0.2706570107115383,0.26697356738706,0.3589033136064599,0.35985100677315507,0.35770133301625656,0.35770133301625656,0.37892207581656223,7.696629031900984,-0.046139160583692274
9.49,4.49,75.9377836486969,1.0040253728451052,60.24152237070631,3614.491342242379,2.1372696167552534,0.09292476594588059,8.048304474141261,0.34992628148440263,8.0,0.27165701071153825,0.26714862313314724,0.3625420250060202,0.36348765743859085,0.3613513411253619,0.3613513411253619,0.3791705366935704,7.700419494963534,-0.045892820432790415
9.5,4.5,75.95209543945695,1.003567681209942,60.21406087259653,3612.8436523557916,2.163748412038674,0.09407601791472495,8.042812174519305,0.34968748584866544,8.0,0.27265701071153825,0.2673467686648278,0.3661773805157469,0.36712009423741365,0.36499732591372,0.36499732591372,0.3794517694647133,7.704212606494326,-0.04564463379851702
9.51,4.51,75.9646864624821,1.003112480169135,60.186748810148096,3611.204928608886,2.190468137387799,0.09523774510381736,8.037349762029619,0.3494499896534617,8.0,0.2736570107115382,0.26756723894733314,0.36980815647207477,0.37074767608131076,0.3686392848957613,0.3686392848957613,0.3797646882975417,7.708008688783137,-0.0453948006652638
9.52,4.52,75.97556613568122,1.0026597851966368,60.15958711179821,3609.5752267078924,2.21740511211514,0.09640891791804958,8.03191742235964,0.34921380097215826,8.0,0.2746570107115382,0.267809294527836,0.3734339456211797,0.3743702119940177,0.3722772155300776,0.3722772155300776,0.3801082436686775,7.711808053442968,-0.04514351369165581
9.53,4.529999999999999,75.984743936016,1.0022096098953017,60.132576593718106,3607.9545956230863,2.244538085678798,0.09758861242081732,8.02651531874362,0.3489789269018965,8.0,0.2756570107115382,0.26807222096868233,0.3770563842583077,0.37798863688928913,0.3759111152205247,0.3759111152205247,0.3804814215593865,7.715611001769108,-0.04489094018322248
9.540000000000001,4.540000000000001,75.99222938476301,1.0017619663929722,60.10571798357833,3606.3430790147,2.271847728874713,0.09877598821194405,8.021143596715667,0.3487453737702464,8.0,0.2766570107115383,0.26835532717703003,0.380674960715758,0.38160269927611024,0.37954098132153863,0.37954098132153863,0.3808832410847935,7.7194178250823295,-0.04463722431071204
9.55,4.550000000000001,75.99803204505959,1.0013168654090874,60.07901192454524,3604.7407154727143,2.299316548316958,0.09997028470943296,8.015802384909048,0.34851314716995857,8.0,0.2776570107115383,0.26865794499660217,0.38428795397766013,0.3852114799818067,0.3831668111389323,0.3831668111389323,0.3813127539144479,7.7232288050573255,-0.04438250667358545
9.56,4.5600000000000005,76.00216152181761,1.0008743162595006,60.05245897557004,3603.1475385342023,2.326928880434577,0.10117082088845987,8.010491795114007,0.34828225196147855,8.0,0.2786570107115383,0.2689794289488958,0.38789723372317864,0.38881603662948605,0.3867886019295814,0.3867886019295814,0.3817690439050154,7.727044214046423,-0.04412691429356386
9.57,4.57,76.00462745182988,1.0004343271232161,60.02605962739297,3601.563577643578,2.354670548800345,0.10237698038262372,8.005211925478594,0.3480526924121128,8.0,0.27965701071153826,0.26931915490831143,0.3915035824704197,0.3924168258405273,0.390406350905014,0.390406350905014,0.38225122521985666,7.730864315392047,-0.043870553519411715
9.58,4.58,76.00543949833462,0.9999969051891123,59.99981431134674,3599.9888586808042,2.3825286756360615,0.10358820328852442,7.9999628622693475,0.34782447227258034,8.0,0.28065701071153826,0.2696765192246524,0.395104803979088,0.39601266375256516,0.3940200552333806,0.3940200552333806,0.3827584410835694,7.7346893637235645,-0.04361352351807568
9.59,4.59,76.00460735119829,0.9995620566528547,59.973723399171284,3598.423403950277,2.410491685861066,0.10480398634178549,7.994744679834255,0.3475975947754024,8.0,0.28165701071153826,0.27005093854602574,0.3987007833283027,0.39960351064068056,0.397629712039218,0.397629712039218,0.3832898635306273,7.738519605246635,-0.04335591899842228
9.6,4.6,76.00214072355887,0.999129786809144,59.94778720854864,3596.8672325129182,2.438549188634686,0.10602387776672549,7.989557441709727,0.3473720626830316,8.0,0.28265701071153826,0.27044184921214715,0.40229419126730587,0.4031908565396366,0.40123531840454923,0.40123531840454923,0.38384469254428316,7.742355278027009,-0.04309782103135973
9.61,4.609999999999999,75.99804934515261,0.9987001002322274,59.92200601393365,3595.3203608360186,2.4666917454059303,0.10724746719156218,7.984401202786729,0.3471478783820317,8.0,0.2836570107115382,0.27084870598815236,0.4058838638966753,0.4067740820360639,0.40483687137137203,0.40483687137137203,0.3844221542594365,7.746196612261028,-0.042839300549353254
9.620000000000001,4.620000000000001,75.992342961523,0.9982730007981568,59.89638004788941,3593.7828028733647,2.494910841334561,0.10847438440585049,7.979276009577882,0.34692504389469053,8.0,0.28465701071153837,0.27127098180863435,0.409467388733811,0.41035188052779836,0.4084343679418994,0.4084343679418994,0.3850215005993391,7.750043830535322,-0.04258042578828736
9.63,4.630000000000001,75.98503133293761,0.9978484917164616,59.8709095029877,3592.254570179262,2.523198844649208,0.10970429759344383,7.9741819005975385,0.34670356089554516,8.0,0.2856570107115383,0.271708167448541,0.4130477196579331,0.41392589258705936,0.41202780507882686,0.41202780507882686,0.38564200880849236,7.753897148082361,-0.04232125734202441
9.64,4.640000000000001,75.97612422993639,0.9974265756513164,59.84559453907899,3590.735672344739,2.551548850932981,0.11093690656230352,7.969118907815797,0.34648343077459987,8.0,0.2866570107115383,0.27215977048559825,0.4166248187941247,0.41749611381473267,0.4156171797070074,0.4156171797070074,0.38628297997998934,7.757756773026303,-0.04206184760877818
9.65,4.65,75.9656314317844,0.9970072547642861,59.820435285857165,3589.22611715143,2.579954628198571,0.11217194035645961,7.964087057171433,0.3462646546596275,8.0,0.28765701071153826,0.2726253148215417,0.42019631788634426,0.42106125948330947,0.4192024887140044,0.4192024887140044,0.38694373837598656,7.761622906618083,-0.04180224571162228
9.66,4.66,75.95356272570747,0.996590530737084,59.79543184422504,3587.7259106535025,2.608410587663577,0.11340915598537292,7.959086368845008,0.34604723342804383,8.0,0.28865701071153826,0.2731043404543492,0.4237640883435546,0.42462237090855887,0.4227837289503085,0.4227837289503085,0.3876236311044289,7.765495743465485,-0.041542495908423405
9.67,4.67,75.93992790419264,0.9961764048461176,59.770584290767054,3586.2350574460233,2.636911687940606,0.1146483342582872,7.9541168581534105,0.34583116774580047,8.0,0.2896570107115382,0.2735964026474532,0.42732848150208924,0.4281796538430766,0.4263608972303455,0.4263608972303455,0.3883220269398919,7.769375471755707,-0.04128263674883215
9.68,4.68,75.92473676356185,0.9957648780021073,59.74589268012644,3584.7535608075864,2.6654533841133516,0.11588927757014574,7.949178536025287,0.34561645808805597,8.0,0.2906570107115382,0.2741010713812068,0.43088778346429724,0.43173218096325006,0.4299339903330065,0.4299339903330065,0.3890383155450345,7.773262273468132,-0.041022703840219776
9.69,4.6899999999999995,75.90799910333152,0.9953559507693133,59.72135704615879,3583.2814227695276,2.694031603030433,0.11713180882741013,7.944271409231759,0.34540310474920694,8.0,0.2916570107115382,0.2746179311832633,0.4344430566075863,0.43528054567538305,0.43350300500185474,0.43350300500185474,0.3897719072298526,7.777156324582006,-0.04076272936240599
9.700000000000001,4.700000000000001,75.88972472446135,0.9949496234148593,59.696977404891555,3581.8186442934934,2.7226426798960777,0.11837576869113381,7.93939548097831,0.34519110786862217,8.0,0.2926570107115383,0.2751465804494458,0.43799498052960356,0.438825130145763,0.43706793794578297,0.43706793794578297,0.39052223198777275,7.7810577952780955,-0.040502741369181194
9.71,4.710000000000001,75.86992342817453,0.9945458959419295,59.672753756515775,3580.3652253909463,2.7512833155892964,0.11962101372127375,7.934550751303155,0.34498046744796323,8.0,0.2936570107115383,0.27568663081801126,0.4415421690608581,0.44236518552267895,0.4406287858394597,0.4406287858394597,0.3912887386075298,7.784966850131072,-0.04024276550369876
9.72,4.720000000000001,75.84860501546306,0.9941447681047852,59.648686086287114,3578.9211651772266,2.7799505573548617,0.1208674155371679,7.929737217257423,0.3447711833590184,8.0,0.29465701071153827,0.276237707019588,0.44508465193785546,0.4459007370937586,0.4441855453235074,0.4441855453235074,0.3920708944601795,7.7888836482964106,-0.039982825092465646
9.73,4.73,75.8257792860084,0.9937462394400802,59.624774366404814,3577.486461984289,2.808641758533952,0.12211485906669356,7.924954873280963,0.34456325536004184,8.0,0.29565701071153827,0.2767994465084498,0.44862403225645614,0.44943266830305956,0.44773821300490957,0.44773821300490957,0.3928681849757572,7.79280834369359,-0.03972294040775637
9.74,4.74,75.801456037156,0.9933503092966303,59.601018557797815,3576.061113467869,2.8373545402722677,0.12336324088140295,7.920203711559563,0.34435668311128537,8.0,0.2966570107115382,0.27737149863176735,0.45215959104086295,0.4529605937919977,0.45128678545740614,0.45128678545740614,0.39368011246417595,7.7967410851807895,-0.03946312983779876
9.75,4.75,75.77564506365583,0.9929569768433242,59.57741861059945,3574.645116635967,2.866086781342476,0.12461246875402071,7.91548372211989,0.3441514661791257,8.0,0.2976570107115382,0.2779535244700484,0.45568936528013554,0.45648344893070547,0.4548312592215912,0.4548312592215912,0.39450619588875924,7.800682016722554,-0.03920341006925554
9.76,4.76,75.74835615678755,0.9925662410952452,59.55397446571471,3573.2384679428824,2.894836584541595,0.12586246019746064,7.910794893142941,0.3439476040496931,8.0,0.2986570107115382,0.278545196671737,0.4592155684278477,0.46000244732836265,0.45837163080525667,0.45837163080525667,0.3953459706314841,7.804631277555155,-0.03894379551916671
9.77,4.77,75.71959910372716,0.9921781009329409,59.53068605597645,3571.841163358587,2.923602251889281,0.12711314138649046,7.906137211195291,0.3437450961389257,8.0,0.29965701071153816,0.2791461987876271,0.46273911690374914,0.4635180938083188,0.46190789668364146,0.46190789668364146,0.39619898754829763,7.8085890023460545,-0.03868429927835848
9.78,4.779999999999999,75.68938368733238,0.991792555109678,59.50755330658068,3570.453198394841,2.952382275284252,0.12836444675148923,7.901510661316136,0.3435439417963537,8.0,0.30065701071153816,0.27975622484449647,0.46625737420159435,0.46702895601575356,0.4654400532995113,0.4654400532995113,0.3970648123639656,7.812555321345616,-0.03842493326526153
9.790000000000001,4.790000000000001,75.65771968560524,0.9914096022676357,59.484576136058145,3569.0745681634885,2.9811753156648013,0.12961631807238266,7.896915227211629,0.3433441403135491,8.0,0.30165701071153833,0.2803749792448772,0.4697704226785715,0.47053508341201633,0.46896809706338155,0.46896809706338155,0.3979430255298143,7.8165303605350855,-0.03816570756075066
9.8,4.800000000000001,75.62461687102095,0.991029240958463,59.46175445750778,3567.7052674504666,3.0099801765467027,0.1308687033281175,7.892350891501556,0.34314569093485026,8.0,0.30265701071153833,0.28100217641867226,0.4732809465046488,0.4740379420468387,0.4724920243537908,0.4724920243537908,0.39883322172926106,7.820514241771381,-0.037906631149972725
9.81,4.8100000000000005,75.59008501055258,0.9906514696446362,59.439088178678176,3566.3452907206906,3.038795802250581,0.1321215566195905,7.887817635735634,0.34294859285807106,8.0,0.30365701071153833,0.2816375402451883,0.4767873452797498,0.4775366636839784,0.4760118315172896,0.4760118315172896,0.39973500905749176,7.824507082925314,-0.03764771248766152
9.82,4.82,75.55413386537553,0.9902762867087097,59.41657720252258,3564.994632151355,3.0676212659911934,0.133374837651791,7.883315440504515,0.34275284523932675,8.0,0.3046570107115383,0.28228080391922983,0.480288079235902,0.48103041301942656,0.4795275148685638,0.4795275148685638,0.4006480088314051,7.828508998014759,-0.037388958500848446
9.83,4.83,75.51677319016856,0.9899036904746193,59.39422142847716,3563.6532857086295,3.0964557424495998,0.13462851054128694,7.878844285695433,0.34255844720414924,8.0,0.3056570107115383,0.28293170972880377,0.48378567989161025,0.48452057066252924,0.4830390706907348,0.4830390706907348,0.40157185527410266,7.832520097335286,-0.03713037518421203
9.84,4.84,75.47801273329308,0.9895336792050256,59.37202075230153,3562.321245138092,3.1252985111603686,0.13588254396349428,7.874404150460306,0.34236539784610026,8.0,0.3066570107115382,0.28359000854291777,0.487279411597303,0.4880067385650422,0.4865464952352833,0.4865464952352833,0.40250619478790933,7.836540487585596,-0.036871968384367904
9.85,4.85,75.4378622366356,0.989166251106932,59.34997506641592,3560.9985039849553,3.1541489492669794,0.13713691083769478,7.869995013283183,0.3421736962297036,8.0,0.3076570107115382,0.2842554596275633,0.4907679286152328,0.4914881868333944,0.49004978472211924,0.49004978472211924,0.40345068569319326,7.8405702719880015,-0.03661374264994066
9.86,4.859999999999999,75.39633143493698,0.9888014043520267,59.3280842611216,3559.685055667296,3.183006505330057,0.13839158718826336,7.865616852224321,0.3419833414010574,8.0,0.3086570107115382,0.2849278304833212,0.4942529221410065,0.4949658364107171,0.49354893533987815,0.49354893533987815,0.40440499799787527,7.844609550406457,-0.03635570177709724
9.870000000000001,4.870000000000001,75.35343005607744,0.98843913707139,59.3063482242834,3558.380893457004,3.2118707060995217,0.13964655243910964,7.86126964485668,0.34179433238507306,8.0,0.3096570107115384,0.28560689637780556,0.49773411803758355,0.4984395396384747,0.4970439432458027,0.4970439432458027,0.40536881273381575,7.848658419460116,-0.03609784977850694
9.88,4.880000000000001,75.3091678210893,0.9880794473564565,59.28476684138739,3557.086010483243,3.2407411552591068,0.14090178935909162,7.856953368277478,0.3416066681859773,8.0,0.31065701071153834,0.2862924401516105,0.5012101699809617,0.5019085668291156,0.5005348045657384,0.5005348045657384,0.40634182168138944,7.852716972632192,-0.035840189484233065
9.89,4.890000000000001,75.26355444339474,0.9877223332817052,59.26333999690231,3555.8003998141385,3.2696175042106463,0.14215728279176723,7.852667999380462,0.34142034779915054,8.0,0.31165701071153834,0.2869842521144601,0.5046824235840038,0.5053736488443563,0.5040215153944796,0.5040215153944796,0.4073237272220891,7.856785300376709,-0.035582722859871296
9.9,4.9,75.21659962910124,0.987367792899259,59.24206757395554,3554.5240544373323,3.2984994589834904,0.14341301995580394,7.848413514791107,0.341235370208309,8.0,0.31265701071153834,0.28768212963258705,0.5081512595634119,0.5088349924211523,0.5075040717956467,0.5075040717956467,0.40831424175288156,7.8608634902215835,-0.035325452488763176
9.91,4.91,75.16831307731374,0.98701582423193,59.2209494539158,3553.256967234948,3.327386789158661,0.14466899083298526,7.84418989078316,0.3410517343818765,8.0,0.31365701071153834,0.2883858768721707,0.5116151107198081,0.5122917489995484,0.510982469801553,0.510982469801553,0.4093130873220633,7.864951626866958,-0.03506838039915294
9.92,4.92,75.11870447953174,0.986666425291276,59.19998551747656,3551.999131048594,3.3562793046154953,0.14592518715719546,7.839997103495312,0.3408694392824049,8.0,0.3146570107115383,0.28909530471725886,0.515074131980439,0.5157440030199673,0.5144567054134808,0.5144567054134808,0.410319995512765,7.869049792281132,-0.034811507150870113
9.93,4.93,75.06778351931666,0.9863195940889126,59.17917564533475,3550.750538720085,3.3851768409466017,0.14718160178028702,7.8358351290669495,0.3406884838724761,8.0,0.3156570107115383,0.28981023056208594,0.5185302685716029,0.519192806680152,0.5179267746018408,0.5179267746018408,0.41133470714818327,7.873158065794437,-0.03455483364071199
9.94,4.9399999999999995,75.0155598730534,0.9859753286184617,59.1585197171077,3549.5111830264623,3.414079282640448,0.14843822968001946,7.831703943421541,0.3405088671052844,8.0,0.31665701071153823,0.2905304778947064,0.5219826686719445,0.5226376990709722,0.5213926733058427,0.5213926733058427,0.4123569717006219,7.87727652418868,-0.03429836151349974
9.950000000000001,4.950000000000001,74.96204320986759,0.9856336268586425,59.13801761151855,3548.281056691113,3.4429865590946744,0.14969506778672498,7.82760352230371,0.34033058792624826,8.0,0.3176570107115384,0.29125587622335286,0.5254288451943131,0.5260773352254473,0.5248543974335359,0.5248543974335359,0.41338654718696993,7.881405241783119,-0.03404209093697119
9.96,4.960000000000001,74.9072431907405,0.9852944867997222,59.11766920798333,3547.060152479,3.471898610548128,0.15095211350209253,7.823533841596666,0.3401536452868116,8.0,0.3186570107115384,0.29198626096923863,0.5288714095120248,0.5295131263155556,0.5283119428622195,0.5283119428622195,0.41442320001655336,7.885544290519136,-0.03378602140861631
9.97,4.970000000000001,74.85116946907927,0.9849579064304702,59.097474385828214,3545.8484631496926,3.5008154048300533,0.15220936542739363,7.819494877165642,0.3399780381376366,8.0,0.31965701071153835,0.29272147314665736,0.5323114476369161,0.5329456583108835,0.5317653054382001,0.5317653054382001,0.4154667045370935,7.8896937400419045,-0.03353015350895561
9.98,4.98,74.79383169109563,0.9846238837295431,59.077433023772585,3544.6459814263553,3.5297369484199232,0.15346682384434449,7.8154866047545175,0.33980376542410945,8.0,0.32065701071153835,0.2934613591534352,0.5357458985417306,0.5363732768730788,0.535214480976626,0.535214480976626,0.41651684273729,7.893853657778276,-0.033274487389270746
9.99,4.99,74.73523949523232,0.9842924166826847,59.057545000961085,3543.452700057665,3.5586632642927736,0.15472448975185973,7.811509000192216,0.33963082609531375,8.0,0.32165701071153835,0.29420577070540854,0.5391753963367519,0.5397963237659981,0.5386594652617561,0.5386594652617561,0.4175734041538239,7.898024109012732,-0.033019022106358875
10.0,5.0,74.67540251208219,0.983963503287416,59.03781019724496,3542.2686118346974,3.5875943858487895,0.15598236460212128,7.807562039448992,0.3394592191064779,8.0,0.32265701071153835,0.2949545646325023,0.5426021211142362,0.5432159750258391,0.5421002540470115,0.5421002540470115,0.4186361855819262,7.9022051569614105,-0.03276375723415015
10.01,5.01,74.61433036501748,0.9836371415380017,59.0182284922801,3541.0937095368063,3.6165303762258345,0.1572404511402537,7.803645698456021,0.33928894341113136,8.0,0.3236570107115383,0.29570760262899753,0.546024119320741,0.5466311750756738,0.5455368430546966,0.5455368430546966,0.4197049907209272,7.906396862842924,-0.03250869255552402
10.02,5.02,74.55203266984356,0.9833133294363056,58.99879976617834,3539.9279859707003,3.645471314311837,0.15849875279616682,7.799759953235666,0.3391199979667681,8.0,0.32465701071153824,0.2964647511804517,0.5494411973764215,0.550041818359282,0.5489692279761667,0.5489692279761667,0.42077963007053204,7.910599285946882,-0.03225382687586631
10.03,5.029999999999999,74.48851903456621,0.9829920650004845,58.97952390002907,3538.771434001744,3.674417283521565,0.15975727319658978,7.795904780005815,0.33895238173938325,8.0,0.32565701071153824,0.29722588140817147,0.5528549230673139,0.5534487491779873,0.552397404471946,0.552397404471946,0.42185992071007755,7.914812483700785,-0.03199915931231345
10.040000000000001,5.040000000000001,74.42379906002226,0.9826733462500593,58.960400775003556,3537.6240465002134,3.7033683909772157,0.1610160169990094,7.79208015500071,0.3387860936956831,8.0,0.3266570107115384,0.29799086883641884,0.5562641784524495,0.5568513634727972,0.5558213681714501,0.5558213681714501,0.42294568596812204,7.919036511734176,-0.031744689328235154
10.05,5.050000000000001,74.35788233963744,0.9823571712139197,58.941430272835184,3536.485816370111,3.7323247571864115,0.16227498944288746,7.7882860545670365,0.33862113280726247,8.0,0.32765701071153835,0.29875959331646235,0.5596686218584499,0.5602494758701285,0.5592411146731007,0.5592411146731007,0.42403675531464946,7.92327142394059,-0.03149041536877206
10.06,5.0600000000000005,74.29077845905267,0.9820435379426838,58.92261227656103,3535.356736593662,3.7612865001051645,0.1635341956567463,7.7845224553122065,0.33845749805705244,8.0,0.32865701071153836,0.2995319389110652,0.5630695183535518,0.56364376581896,0.5626566395445162,0.5626566395445162,0.4251329641971206,7.927517272538148,-0.031236336143351195
10.07,5.07,74.22249699686743,0.9817324444910528,58.90394666946317,3534.23680016779,3.7902537578105955,0.16479364164393895,7.780789333892633,0.33829518843011447,8.0,0.32965701071153836,0.3003077936539286,0.5664663063951887,0.5670339295773309,0.5660679383221734,0.5660679383221734,0.42623415369904494,7.931774108127629,-0.030982451152652857
10.08,5.08,74.15304752461529,0.9814238889196307,58.885433335177844,3533.1260001106707,3.8192266861426654,0.1660533341801159,7.777086667035569,0.33813420291458995,8.0,0.3306570107115383,0.3010870494785991,0.5698577752445537,0.5704193147392204,0.5694750065114254,0.5694750065114254,0.42734017043907746,7.93604197974832,-0.030728758681192403
10.09,5.09,74.08243960601214,0.981117869317429,58.86707215904573,3532.024329542744,3.8482054297119133,0.16731327955269187,7.7734144318091465,0.33797454051344117,8.0,0.3316570107115383,0.3018696021520359,0.5732455398074887,0.5738007872609179,0.5728778395868654,0.5728778395868654,0.42845086647672886,7.940320934932899,-0.030475256732600542
10.1,5.1,74.01068279768019,0.9808143837849788,58.84886302709872,3530.9317816259236,3.8771901435956972,0.16857348450416076,7.769772605419744,0.3378162002356411,8.0,0.33265701071153825,0.3026553510494243,0.5766300033739458,0.5771785616924964,0.5762764329919984,0.5762764329919984,0.42956609899275294,7.944611019760246,-0.030221944608150864
10.11,5.109999999999999,73.9377866495331,0.980513430425266,58.83080582551596,3529.8483495309574,3.906181004987404,0.1698339567385828,7.766161165103192,0.3376591810914431,8.0,0.33365701071153825,0.30344419904122205,0.5800093006705085,0.5805516350889937,0.5796707821390644,0.5796707821390644,0.4306857301288285,7.948912278905854,-0.02996882117594879
10.120000000000001,5.120000000000001,73.8637607041841,0.9802150073614598,58.81290044168759,3528.7740265012553,3.935178190354092,0.1710947039284388,7.7625800883375184,0.3375034821016312,8.0,0.3346570107115384,0.30423605244621715,0.5833836429970317,0.5839201191609794,0.5830608824093279,0.5830608824093279,0.43180962692093355,7.953224755691103,-0.029715884175608664
10.13,5.130000000000001,73.78861449686039,0.9799191127417538,58.795146764505226,3527.7088058703134,3.964181869173678,0.17235573344233382,7.759029352901045,0.33734910230004544,8.0,0.33565701071153836,0.30503082090153255,0.5867548375142687,0.5872849811095512,0.5864467291531261,0.5864467291531261,0.4329376611148394,7.957548492131282,-0.029463132036951833
10.14,5.140000000000001,73.71235755616897,0.9796257447207207,58.77754468324324,3526.6526809945944,3.9931922279032914,0.17361705338709962,7.755508936648648,0.3371960407238543,8.0,0.33665701071153836,0.3058284171937486,0.5901216647452416,0.5906455651438892,0.5898283176895185,0.5898283176895185,0.43406970892641894,7.961883528981488,-0.029210563770284637
10.15,5.15,73.63499940388579,0.9793349014663482,58.76009408798089,3525.6056452788534,4.0222094609075265,0.17487867221337072,7.752018817596177,0.3370442964172251,8.0,0.33765701071153836,0.3066287572076955,0.5934831823210098,0.5940013643237152,0.5932056433063877,0.5932056433063877,0.4352056509689663,7.966229905780965,-0.028958177327368162
10.16,5.16,73.5565495545186,0.9790465811741734,58.7427948704504,3524.567692227024,4.051233752233128,0.1761405979231795,7.748558974090081,0.3368938684386992,8.0,0.3386570107115383,0.3074317598438858,0.5968412284683411,0.5973533612852885,0.596578701260661,0.596578701260661,0.43634537213600705,7.97058766089649,-0.028705970810605663
10.17,5.17,73.47701751602948,0.978760782050136,58.725646923008156,3523.5388153804893,4.080265297650665,0.17740283902828977,7.745129384601631,0.33674475585224484,8.0,0.3396570107115383,0.3082373468551372,0.6001952977575535,0.6007012832656471,0.5999474867779715,0.5999474867779715,0.4374887613694126,7.9749568315640165,-0.028453943172259244
10.18,5.18,73.39641278987455,0.9784775023107283,58.7086501386437,3522.5190083186217,4.1093043044448665,0.17866540454108118,7.741730027728738,0.33659695772733644,8.0,0.3406570107115383,0.3090454427876414,0.6035439357787191,0.6040443498774346,0.6033119950526422,0.6033119950526422,0.4386357115757582,7.979337453928742,-0.028202092427854097
10.19,5.1899999999999995,73.31474487039715,0.9781967402015789,58.69180441209473,3521.508264725684,4.138350967464855,0.17992830293325457,7.738360882418946,0.33645047314864984,8.0,0.34165701071153826,0.30985597492202,0.6068888082977738,0.6073834500014405,0.606672221247989,0.606672221247989,0.43978611954266184,7.983729563084334,-0.027950416367460207
10.200000000000001,5.200000000000001,73.23202324544185,0.9779184939833792,58.67510963900275,3520.506578340165,4.167405487209729,0.1811915429221621,7.73502192780055,0.33630530120871954,8.0,0.3426570107115384,0.31066887312792724,0.6102301480451853,0.6107187056961862,0.610028160496031,0.610028160496031,0.4409398857324186,7.98813319311071,-0.027698913858451135
10.21,5.210000000000001,73.14825739668096,0.9776427619244098,58.65856571546459,3519.513942927875,4.196468079431936,0.18245513388834506,7.731713143092917,0.3361614410040399,8.0,0.3436570107115384,0.3114840697880504,0.6135661205827033,0.6140491345790422,0.6133798078973334,0.6133798078973334,0.44209691417413227,7.992548377110243,-0.027447583286651422
10.22,5.220000000000001,73.06345679905124,0.9773695423176462,58.64217253905877,3518.5303523435264,4.2255389530933485,0.18371908491710212,7.728434507811754,0.3360188916439893,8.0,0.34465701071153837,0.3123014997537651,0.6168974563901906,0.6173751247854858,0.616727158521292,0.616727158521292,0.4432571124007762,7.996975147243117,-0.027196422158745293
10.23,5.23,72.97763092082414,0.9770988334812349,58.62593000887409,3517.5558005324456,4.254618309723327,0.18498340477057942,7.725186001774818,0.3358776522510791,8.0,0.34565701071153837,0.3131211002483923,0.6202257785160274,0.6206975402152815,0.6200702074061039,0.6200702074061039,0.44442039131188343,8.00141353476168,-0.026945428821690598
10.24,5.24,72.89078922432479,0.9768306337412124,58.609838024472744,3516.5902814683645,4.283706365641311,0.18624810285397003,7.721967604894548,0.33573772195193685,8.0,0.34665701071153837,0.31394281074903113,0.6235497202808483,0.6240156492337724,0.6234089495584202,0.6234089495584202,0.445586665005829,8.005863570043267,-0.026694602181500215
10.25,5.25,72.80294116574647,0.9765649414376049,58.59389648625629,3515.6337891753774,4.3128033440894935,0.18751318887345625,7.718779297251258,0.33559909988048947,8.0,0.3476570107115383,0.31476657295629984,0.626867579938893,0.6273285417994277,0.6267433799534403,0.6267433799534403,0.44675585073688284,8.01032528262198,-0.026443939933116667
10.26,5.26,72.71409619457211,0.97630175494255,58.578105296553,3514.68631779318,4.341909451873897,0.1887786718206042,7.7156210593106,0.33546178518741737,8.0,0.3486570107115383,0.31559233073228893,0.6301822114890137,0.630637737656439,0.6300734935352041,0.6300734935352041,0.44792786882714497,8.014798701219801,-0.02619343980289557
10.27,5.27,72.62426375435545,0.976041072641547,58.562464358492825,3513.7478615095697,4.371024903476444,0.19004456102071496,7.712492871698564,0.33532577703037236,8.0,0.3496570107115383,0.3164200299850839,0.633493641513468,0.6339432484689528,0.6333992852162105,0.6333992852162105,0.44910264250264587,8.01928385377645,-0.025943100632026983
10.28,5.279999999999999,72.53345328289781,0.9757828929299095,58.54697357579457,3512.818414547674,4.400149925608832,0.19131086633081879,7.709394715158913,0.33519107457212666,8.0,0.35065701071153826,0.31724961862007206,0.6367989138560003,0.6372434961017994,0.6367207498773315,0.6367207498773315,0.45028009782423506,8.023780767478085,-0.02569292057976469
10.290000000000001,5.290000000000001,72.44167421168892,0.9755272142299517,58.5316328537971,3511.897971227826,4.429284735059301,0.19257759717649137,7.706326570759421,0.33505767698954003,8.0,0.35165701071153843,0.31808104649580793,0.6400999218411176,0.6405394872444401,0.6400378823680959,0.6400378823680959,0.45146016362493974,8.028289468785331,-0.025442897258173502
10.3,5.300000000000001,72.34893596622618,0.975274034984746,58.516442099084756,3510.9865259450853,4.458429546706066,0.19384476290026376,7.703288419816951,0.3349255834703022,8.0,0.3526570107115384,0.31891426533752965,0.6433979155441059,0.6438318853047558,0.6433506775065317,0.6433506775065317,0.45264277138721654,8.032809983460393,-0.025193029122540622
10.31,5.3100000000000005,72.25524796646941,0.9750233536475009,58.501401218850056,3510.084073131003,4.4875845871738775,0.195112373355386,7.7002802437700115,0.3347947932073918,8.0,0.3536570107115384,0.31974922866928684,0.646690313865709,0.6471192060054045,0.6466589216670274,0.6466589216670274,0.453827855146619,8.037342336593062,-0.02494331455391574
10.32,5.32,72.16061962645449,0.9747751686936676,58.48651012162006,3509.1906072972033,4.516750079228289,0.1963804382273169,7.697302024324012,0.3346653054053918,8.0,0.3546570107115384,0.32058589177928354,0.6499782655951221,0.6504023148658102,0.649962866887966,0.649962866887966,0.45501535144260796,8.041886552626007,-0.02469375124209705
10.33,5.33,72.06506035431862,0.9745294786226589,58.47176871735954,3508.3061230415724,4.545926239536249,0.19764896693635867,7.694353743471908,0.3345371192813873,8.0,0.3556570107115383,0.32142421165082846,0.6532639999656475,0.653682773242862,0.653263695640747,0.653263695640747,0.4562051992205475,8.046442655379323,-0.024444337441522634
10.34,5.34,71.96857955285192,0.9742862819448371,58.45717691669023,3507.4306150014136,4.575113295401297,0.19891796936527378,7.691435383338045,0.3344102340581759,8.0,0.3566570107115383,0.3222641468926079,0.6565363319196211,0.6569500963164512,0.6565550792191817,0.6565363319196211,0.45739733973273955,8.05101066807409,-0.0241950716275241
10.35,5.35,71.87118661923446,0.9740455771901085,58.44273463140651,3506.5640778843904,4.6043114736815856,0.20018745537746027,7.688546926281302,0.33428464896875226,8.0,0.3576570107115383,0.32310565770729693,0.6597876085161851,0.6601966861815693,0.659830541014842,0.6597876085161851,0.4585917164938732,8.055590613355223,-0.023945951495207396
10.36,5.359999999999999,71.77289094486265,0.9738073629149331,58.42844177489599,3505.706506493759,4.6335209917387585,0.20145743442342431,7.685688354979196,0.33416036325996507,8.0,0.35865701071153827,0.3239487058363741,0.6630186757031808,0.6634227219059097,0.6630890915051595,0.6630186757031808,0.4597882752026986,8.060182513313705,-0.023696975135806042
10.370000000000001,5.370000000000001,71.67370191598259,0.9735716376873923,58.41429826124354,3504.8578956746123,4.662742076645326,0.20272791637588378,7.682859652248707,0.3340373761847264,8.0,0.35965701071153844,0.3247932544888026,0.666229494566631,0.6666285614103602,0.6663292003336958,0.666229494566631,0.46098696364080277,8.064786389507924,-0.02344814118008287
10.38,5.380000000000001,71.57362891358217,0.9733384000913313,58.40030400547988,3504.0182403287927,4.691974959838854,0.20399891129734146,7.680060801095976,0.3339156870041729,8.0,0.3606570107115384,0.32563926831444134,0.6694200260892548,0.6698145807417949,0.6695497309902259,0.6694200260892548,0.4621877316348708,8.069402262984303,-0.02319944739370783
10.39,5.390000000000001,71.47268131298962,0.973107648739518,58.386458924371084,3503.1875354622653,4.721219860151317,0.2052704287022312,7.677291784874217,0.33379529499453114,8.0,0.3616570107115384,0.32648671335861973,0.6725902310210872,0.6729800285889629,0.6727507242750238,0.6725902310210872,0.4633905309922131,8.074030154297438,-0.022950891630557635
10.4,5.4,71.37086848451253,0.9728793822587202,58.37276293552321,3502.3657761313925,4.750477003006184,0.2065424783915732,7.6745525871046425,0.3336761994393323,8.0,0.36265701071153833,0.32733555699523276,0.6757400700244696,0.6761249821847944,0.6759318718938393,0.6757400700244696,0.4645953154058055,8.078670083529428,-0.02270247268447889
10.41,5.41,71.26819979362931,0.9726535992858286,58.359215957149715,3501.552957428983,4.779746625399844,0.20781507066955845,7.671843191429943,0.3335583996273888,8.0,0.36365701071153833,0.3281857678951186,0.6788695037114718,0.6792503355176134,0.6790928070753249,0.6788695037114718,0.4658020404094068,8.083322070308503,-0.022454188518175044
10.42,5.42,71.16468460029435,0.9724302984883566,58.345817909301395,3500.7490745580835,4.809028949481503,0.20908821519484794,7.669163581860279,0.3334418948634904,8.0,0.3646570107115383,0.32903731600027414,0.6819784924429946,0.6823552735310024,0.6822335062517634,0.6819784924429946,0.4670106633409624,8.087986133827254,-0.022206036313136224
10.43,5.43,71.06033225921766,0.9722094785595659,58.33256871357395,3499.954122814437,4.838324188805787,0.21036192125242553,7.66651374271479,0.33332668446586045,8.0,0.3656570107115383,0.32989017246407026,0.6850669963754734,0.6854386090157406,0.6853539564432596,0.6850669963754734,0.4682211432577501,8.092662292860247,-0.02195801445987655
10.44,5.4399999999999995,70.95515212066547,0.9719911381991592,58.31946829194955,3499.168097516973,4.867632573182942,0.21163619883404097,7.663893658389909,0.333212767756083,8.0,0.3666570107115382,0.33074430959285667,0.6881349756487393,0.6885009790629738,0.6884540471217038,0.6881349756487393,0.46943344085349864,8.097350565780802,-0.021710122240001795
10.450000000000001,5.450000000000001,70.8491535304146,0.9717752761147659,58.30651656688595,3498.390994013157,4.896954346762187,0.21291105855487769,7.661303313377191,0.33310014405987787,8.0,0.3676570107115384,0.33159970084184565,0.6911823903714143,0.6915446347521249,0.6915335967727823,0.6911823903714143,0.4706475184525454,8.102050970577332,-0.02146235754622694
10.46,5.460000000000001,70.74234582888629,0.9715618910482345,58.293713462894075,3497.6228077736446,4.926289734138693,0.21418651017994317,7.658742692578814,0.332988812720818,8.0,0.3686570107115384,0.33245632077187187,0.6942092003629895,0.6945682661385941,0.6945926101013837,0.6942092003629895,0.4718633399484644,8.106763524869338,-0.02121471748835546
10.47,5.470000000000001,70.63473835162107,0.9713509817649989,58.28105890589993,3496.863534353996,4.955638954032148,0.21546256321878907,7.656211781179986,0.33287877309478203,8.0,0.36965701071153834,0.333314145002732,0.697215365257015,0.6975691024393755,0.6976310728249805,0.697215365257015,0.4730808707378403,8.11148824592277,-0.020967200415732634
10.48,5.48,70.52634042987059,0.97114254703992,58.2685528223952,3496.113169343712,4.985002237509824,0.21673922771781845,7.65371056447904,0.33277002454256693,8.0,0.37065701071153834,0.3341731501746917,0.7002008446388104,0.7005495070557859,0.7006489315758684,0.7002008446388104,0.4743000776656341,8.116225150664787,-0.020719805046709894
10.49,5.49,70.417161390394,0.9709365856640646,58.256195139843875,3495.3717083906326,5.014379819244313,0.21801651388018753,7.651239027968775,0.332662566433425,8.0,0.37165701071153834,0.335033313929053,0.7031655979787949,0.7035118422663768,0.70364613596217,0.7031655979787949,0.4755209289976021,8.120974255698103,-0.020472529107330217
10.5,5.5,70.30721055506109,0.9707330964577734,58.2439857874664,3494.639147247984,5.043771920658838,0.21929443133299295,7.648797157493281,0.33255639815188176,8.0,0.3726570107115383,0.3358946148716823,0.7061095845040158,0.7064515093566001,0.7066226491352999,0.7061095845040158,0.4767433943685304,8.125735577314934,-0.020225370415658972
10.51,5.51,70.1964972414918,0.9705320782557515,58.23192469534509,3493.9154817207054,5.073178769117074,0.22057298996161195,7.6463849390690175,0.3324515190899573,8.0,0.3736570107115383,0.33675703253045075,0.709032763343036,0.7093688096752988,0.709578428703749,0.709032763343036,0.47796744472182856,8.130509131510387,-0.019978327656716033
10.52,5.52,70.08503076318758,0.9703335299046391,58.22001179427834,3493.2007076567006,5.102600601042904,0.22185220004534367,7.644002358855668,0.3323479286458986,8.0,0.3746570107115383,0.33762054733706803,0.7119350935492933,0.7122686483561298,0.7125134292431283,0.7119350935492933,0.47919305228374637,8.135294933995414,-0.019731398897768315
10.53,5.529999999999999,69.97282042906205,0.9701374502777962,58.20824701666777,3492.494821000066,5.132037642857979,0.22313207142860778,7.641649403333553,0.33224562623189363,8.0,0.3756570107115383,0.3384851405972611,0.7148165339559364,0.7151473968282093,0.7154276109798905,0.7148165339559364,0.4804201905210475,8.140093000209438,-0.019484581730026207
10.540000000000001,5.540000000000001,69.85987554372281,0.9699438382700386,58.196630296202315,3491.797817772139,5.1614901177448775,0.22441261381499467,7.639326059240464,0.3321446112713245,8.0,0.3766570107115384,0.33935079445490446,0.7176770432264947,0.7180017894003867,0.7183209341520858,0.7176770432264947,0.481648834090099,8.144903345332494,-0.01923787454502701
10.55,5.550000000000001,69.74620540793427,0.9697526927868956,58.18516156721373,3491.109694032824,5.190958259476158,0.22569383736852863,7.637032313442746,0.3320448831931629,8.0,0.3776570107115384,0.3402174918656563,0.7205165799592508,0.7208366129954441,0.721193355530872,0.7205165799592508,0.482878958799452,8.149725984296943,-0.018991275891778514
10.56,5.5600000000000005,69.63181931838642,0.969564012752203,58.173840765132184,3490.4304459079312,5.220442302620294,0.2269757522878389,7.634768153026437,0.33194644143593205,8.0,0.3786570107115384,0.3410852165791376,0.7233351026126014,0.7236543284988023,0.7240448324298563,0.7233351026126014,0.4841105415845483,8.154560931798862,-0.018744783430662437
10.57,5.57,69.51672656740698,0.9693777971182823,58.16266782709694,3489.7600696258164,5.249942469410316,0.22825836823523116,7.632533565419388,0.3318492854530169,8.0,0.3796570107115384,0.34195395310614407,0.726132569404823,0.7264472840526779,0.726875325521449,0.726132569404823,0.4853435604611838,8.159408202309091,-0.018498395065535078
10.58,5.58,69.40093644360302,0.9691940448508924,58.151642691053546,3489.0985614632127,5.279458989117256,0.22954169517901113,7.630328538210709,0.33175341470481345,8.0,0.38065701071153835,0.34282368668917823,0.7289089384603544,0.7292169479594771,0.7296847929518551,0.7289089384603544,0.4865779944836834,8.164267810083816,-0.018252109460171084
10.59,5.59,69.28445823190468,0.9690127549290789,58.140765295744735,3488.4459177446843,5.308992098237822,0.23082574340164447,7.6281530591489455,0.3316588286586498,8.0,0.38165701071153835,0.34369440328965045,0.7316641678109375,0.7319709487504037,0.7324731910409416,0.7316641678109375,0.48781382372673554,8.169139769174867,-0.018005924613397895
10.6,5.6,69.16730121315307,0.9688339263586244,58.13003558151747,3487.802134891048,5.338542023147879,0.23211052274555996,7.626007116303493,0.33156552679580403,8.0,0.3826570107115383,0.3445660895584376,0.7343982152634383,0.7347023135516241,0.7352404791038735,0.7343982152634383,0.4890510292436051,8.17402409343972,-0.017759838275466677
10.61,5.609999999999999,69.04947466449674,0.9686575581635696,58.11945348981418,3487.1672093888506,5.368108991014207,0.23339604308757422,7.623890697962835,0.3314735086070798,8.0,0.3836570107115383,0.34543873281024834,0.7371110384819862,0.7374091481677355,0.7379866156117632,0.7371110384819862,0.49028959302974967,8.178920796551086,-0.0175138488938984
10.620000000000001,5.620000000000001,68.93098785964789,0.9684836493807463,58.10901896284478,3486.541137770687,5.397693236829539,0.2346823146447626,7.621803792568954,0.33138277358995455,8.0,0.38465701071153846,0.3463123210079916,0.7398025950409107,0.7400983429923449,0.7407115570225392,0.7398025950409107,0.49152949800063317,8.183829892006239,-0.01726795466967701
10.63,5.630000000000001,68.81185006856633,0.9683121990701758,58.09873194421055,3485.923916652633,5.427294990002877,0.2359693473914294,7.619746388842109,0.33129332125400474,8.0,0.38565701071153846,0.34718684274037626,0.7424728423225488,0.7427663413251026,0.7434152614106944,0.7424728423225488,0.4927707279599327,8.188751393136041,-0.017022153399885553
10.64,5.640000000000001,68.69207055763215,0.9681432063127485,58.088592378764915,3485.315542725895,5.456914477334669,0.23725715118846386,7.617718475752981,0.33120515111969484,8.0,0.3866570107115384,0.34806228719704274,0.7451217375391759,0.7454102959921939,0.7460976870226711,0.7451217375391759,0.4940132675642421,8.193685313113662,-0.016776443394554974
10.65,5.65,68.57165859000035,0.9679766702022847,58.07860021213708,3484.716012728225,5.486551933239793,0.2385457362278171,7.615720042427417,0.3311182627142355,8.0,0.3876570107115384,0.34893864415371867,0.7477492378100445,0.7480349466013926,0.7487587901292148,0.7477492378100445,0.49525710230200276,8.198631664962992,-0.01653082294711794
10.66,5.66,68.45062342535554,0.9678125898538061,58.068755391228365,3484.125323473702,5.516207589077956,0.23983511256860676,7.613751078245674,0.33103265557589884,8.0,0.3886570107115384,0.34981590395352913,0.7503553000800485,0.7506390408437713,0.7513985279561846,0.7503553000800485,0.4965022184669775,8.203590461566836,-0.016285289846010187
10.67,5.67,68.3289743199307,0.9676509644053645,58.059057864321865,3483.543471859312,5.545881670784429,0.24112529003410563,7.611811572864373,0.33094832925497275,8.0,0.38965701071153835,0.3506940574834486,0.7529398811011235,0.7532191944894318,0.7540168586457334,0.7529398811011235,0.4977486031248276,8.208561715674795,-0.0160398422964505
10.68,5.68,68.20672052695434,0.9674917930078771,58.04950758047263,3482.9704548283576,5.57557441196061,0.24241627878089608,7.609901516094526,0.33086528330845766,8.0,0.3906570107115383,0.3515730961599544,0.7555029375309514,0.7557785620927356,0.7566137382214524,0.7555029375309514,0.4989962440927505,8.213545439910883,-0.015794478777344523
10.69,5.6899999999999995,68.08387129652711,0.9673350748298176,58.04010448978906,3482.4062693873434,5.605286047821068,0.24370808903569863,7.60802089795781,0.3307835173025135,8.0,0.3916570107115383,0.3524530119153524,0.7580444258867052,0.7583190313956732,0.7591891225590639,0.7580444258867052,0.5002451299200718,8.218541646780947,-0.015549197071280219
10.700000000000001,5.700000000000001,67.96043587536178,0.9671808090664517,58.0308485439871,3481.850912639226,5.6350168032792425,0.24500073057735836,7.60616970879742,0.33070303081727914,8.0,0.39265701071153847,0.35333379717402247,0.7605643024541172,0.7608353163023432,0.7617429698875363,0.7605643024541172,0.5014952498545296,8.22355034867982,-0.015303995121236369
10.71,5.710000000000001,67.83642350733454,0.9670289949273929,58.021739695643575,3481.3043817386147,5.664766908974706,0.24629421343368288,7.604347939128714,0.3306238234403789,8.0,0.3936570107115384,0.35421544483719997,0.7630625234083079,0.7633282090912217,0.7642752365737421,0.7630625234083079,0.5027465938206748,8.228571557898196,-0.015058871555588382
10.72,5.720000000000001,67.71184343356629,0.96687963163534,58.0127778981204,3480.766673887224,5.69453660289754,0.24758854795206697,7.602555579624078,0.3305458947662643,8.0,0.3946570107115384,0.3550979482760498,0.7655390448258325,0.7658037874208439,0.7667858770861815,0.7655390448258325,0.5039991524100403,8.233605286629349,-0.014813824436153311
10.73,5.73,67.5867048920398,0.9667327184386698,58.003963106320185,3480.2377863792112,5.7243261141450565,0.24888374409326333,7.600792621264038,0.33046924440278425,8.0,0.39565701071153836,0.3559813013077412,0.7679938225609346,0.7682573087348378,0.7692748485446136,0.7679938225609346,0.5052529168471843,8.238651546975635,-0.014568851455784682
10.74,5.74,67.46101711787684,0.9665882546062242,57.995295276373454,3479.7177165824073,5.754135669632765,0.2501798117231637,7.599059055274689,0.33039387196846476,8.0,0.39665701071153836,0.3568654981801936,0.770426812295796,0.7706846178495876,0.7717421079877548,0.770426812295796,0.5065078789680388,8.24371035095471,-0.01432395097855732
10.75,5.75,67.33478934370534,0.9664462394190987,57.98677436514592,3479.206461908755,5.783965504672038,0.25147676107269734,7.597354873029184,0.3303197770882254,8.0,0.3976570107115383,0.35775053356397374,0.7728379696202332,0.773091970822366,0.7741876100790539,0.7728379696202332,0.5077640312084098,8.248781710505593,-0.014079121459936061
10.76,5.76,67.20803079947385,0.9663066721770255,57.978400330621525,3478.7040198372915,5.813815854735859,0.25277460237981997,7.595680066124306,0.33024695939670895,8.0,0.3986570107115383,0.3586364025392564,0.7752272499689088,0.7754818376591257,0.7766113097806765,0.7752272499689088,0.5090213665854696,8.253865637494563,-0.013834360691099334
10.77,5.77,67.0807507122865,0.9661695522052768,57.97017313231661,3478.2103879389965,5.843686946551632,0.25407334550224486,7.594034626463321,0.33017541854188354,8.0,0.3996570107115383,0.35952310057421333,0.7775946085531422,0.7778454915682211,0.7790131640110167,0.7775946085531422,0.5102798786670841,8.258962143720826,-0.013589666678583967
10.78,5.779999999999999,66.95295830689614,0.9660348788434538,57.96209273060723,3477.725563836434,5.8735790125447345,0.2553730005454233,7.592418546121445,0.3301051541791933,8.0,0.40065701071153825,0.3604106235177727,0.7799400004698043,0.7801856059400389,0.7813931278806732,0.7799400004698043,0.5115395615615362,8.264071240921968,-0.013345037933568449
10.790000000000001,5.790000000000001,66.82466280570432,0.9659026514466054,57.954159086796324,3477.249545207779,5.903492289393911,0.25667357779973526,7.590831817359264,0.3300361659721419,8.0,0.4016570107115384,0.36129896759187585,0.782263380690046,0.78250907386763,0.7837511555312677,0.782263380690046,0.5128004099065354,8.269192940779309,-0.013100472450858547
10.8,5.800000000000001,66.69587342850805,0.9657728693944367,57.946372163666204,3476.7823298199723,5.933427006150245,0.2579750872239237,7.589274432733241,0.3299684535970974,8.0,0.4026570107115384,0.3621881293702879,0.7845647039686081,0.7848080653720847,0.7860872029517496,0.7845647039686081,0.5140624188391433,8.274327254923037,-0.012855968161943565
10.81,5.8100000000000005,66.5665993928728,0.9656455320833665,57.93873192500199,3476.3239155001193,5.963383394471847,0.2592775388900803,7.587746385000397,0.3299020167391477,8.0,0.40365701071153837,0.36307810577094435,0.7868439249207934,0.7870828766779225,0.7884012251076638,0.7868439249207934,0.5153255839849106,8.279474194937157,-0.012611523483691656
10.82,5.82,66.43684991424679,0.9655206389247628,57.931238335485766,3475.874300129146,5.993361690893123,0.2605809430823097,7.586247667097154,0.3298368550911806,8.0,0.40465701071153837,0.3639688940496788,0.78910099803929,0.7893392553712029,0.7906931758257281,0.78910099803929,0.5165899014489753,8.284633772364327,-0.01236713649701926
10.83,5.83,66.30663420572438,0.9653981893534261,57.92389136120557,3475.433481672334,6.02336212588348,0.2618853098210209,7.584778272241113,0.32977296835830927,8.0,0.4056570107115383,0.36486049178189894,0.7913358776106774,0.7915721940574489,0.7929630103471044,0.7913358776106774,0.5178553677900546,8.289805998710522,-0.012122805128271352
10.84,5.84,66.17596147833012,0.9652781828221975,57.916690969331846,3475.0014581599107,6.053384930790989,0.2631906491648256,7.583338193866369,0.3297103562550595,8.0,0.4066570107115383,0.365752896853992,0.7935485177674211,0.7937809276459756,0.795210683347691,0.7935485177674211,0.5191219800082465,8.294990885449513,-0.011878527763499847
10.85,5.85,66.04484094121047,0.9651606187981562,57.90963712788937,3474.578227673362,6.083430342743403,0.2644969714236262,7.581927425577874,0.3296490185033858,8.0,0.4076570107115383,0.3666461074592293,0.7957388725246092,0.7959702013065623,0.7974361480982413,0.7957388725246092,0.5203897355392171,8.30018844402725,-0.011634302565198595
10.86,5.859999999999999,65.91328180139763,0.9650454967708935,57.90272980625361,3474.1637883752164,6.113498593974725,0.2658042866945533,7.580545961250721,0.32958895483698786,8.0,0.40865701071153826,0.3675401220812732,0.7979068956985582,0.7981370666848608,0.7996393591232761,0.7979068956985582,0.5216586322307913,8.3053986858661,-0.011390127382682635
10.870000000000001,5.870000000000001,65.78129326397105,0.9649328162505025,57.89596897503015,3473.758138501809,6.143589914411611,0.26711260497441786,7.579193795006031,0.3295301650002622,8.0,0.4096570107115384,0.3684349394838355,0.8000525409257588,0.8002788498012512,0.8018202710993131,0.8000525409257588,0.5229286683282756,8.310621622368897,-0.011146000513910792
10.88,5.880000000000001,65.6488845323778,0.9648225767606151,57.88935460563691,3473.361276338215,6.173704540650203,0.2684219365500088,7.577870921127381,0.32947264874466875,8.0,0.41065701071153843,0.36933055870863063,0.8021757617304088,0.8023996029420998,0.8039788369173319,0.8021757617304088,0.5241998424715516,8.315857264922895,-0.010901920357341055
10.89,5.890000000000001,65.51606480830267,0.9647147778433557,57.882886670601344,3472.9732002360806,6.2038427095638795,0.26973229172016866,7.576577334120268,0.329416405831316,8.0,0.4116570107115384,0.3702269790646526,0.8042765114755814,0.8045009995288646,0.8061150096275906,0.8042765114755814,0.5254721536798578,8.321105624903652,-0.010657884740709278
10.9,5.9,65.38284329151288,0.964609419065801,57.876565143948056,3472.5939086368835,6.23400464997026,0.2710436804334896,7.575313028789611,0.32936143603433093,8.0,0.4126570107115384,0.3711242001116694,0.8063547432994589,0.8065764199987964,0.8082287439846673,0.8063547432994589,0.5267456013283625,8.326366713678693,-0.010413891672079956
10.91,5.91,65.24922918031932,0.964506500009914,57.87039000059484,3472.2234000356902,6.2641905956080075,0.2723561128525221,7.574078000118968,0.3293077391356073,8.0,0.4136570107115383,0.37202222165906784,0.8084104102129795,0.8086269846011663,0.8103199931957874,0.8084104102129795,0.5280201851465233,8.331640542611067,-0.010169939691678564
10.92,5.92,65.11523167163008,0.9644060202719674,57.864361216318045,3471.861672979083,6.294400785879887,0.27366959938608204,7.572872243263609,0.3292553149245047,8.0,0.4146570107115383,0.372921043762925,0.8104434651052131,0.8106605578124232,0.8123887090349848,0.8104434651052131,0.529295905213932,8.33692712306287,-0.009926026889637285
10.93,5.93,64.98085996068242,0.9643079794721213,57.85847876832728,3471.508726099637,6.3246354534974865,0.2749841501520646,7.571695753665455,0.3292041632028459,8.0,0.41565701071153827,0.3738206667075272,0.8124538606491096,0.8126711005874936,0.8144348451697151,0.8124538606491096,0.5305727619340831,8.342226466398609,-0.009682151088163948
10.94,5.9399999999999995,64.84612324128092,0.9642123772502041,57.85274263501225,3471.164558100735,6.354894829920409,0.2762997752139308,7.570548527002448,0.32915428378271516,8.0,0.41665701071153827,0.374721091000187,0.8144415493420841,0.8146536905399071,0.8164583550583367,0.8144415493420841,0.5318507560270176,8.347538583988413,-0.009438310601694866
10.950000000000001,5.950000000000001,64.71103070606655,0.9641192132600874,57.84715279560525,3470.829167736315,6.385179152609723,0.27761648489607493,7.569430559121049,0.32910567648352385,8.0,0.41765701071153843,0.3756223173708767,0.816406483560497,0.8166162920161248,0.8184591905660952,0.816406483560497,0.5331298885288028,8.352863487211193,-0.009194503766337903
10.96,5.960000000000001,64.57559154637961,0.9640284871748772,57.84170923049263,3470.502553829558,6.41548865833152,0.2789342894926748,7.568341846098527,0.32905834113471855,8.0,0.41865701071153844,0.3765243467617339,0.8183486155085052,0.8185597880988057,0.8204373038915429,0.8183486155085052,0.5344101607766378,8.35820118745772,-0.008950728497950422
10.97,5.970000000000001,64.43981495223049,0.9639401986901284,57.8364119214077,3470.184715284462,6.445823579009576,0.2802531990873729,7.56728238428154,0.32901227757745827,8.0,0.4196570107115384,0.37742718031462236,0.8202678971859703,0.8204760407151659,0.8223926480847735,0.8202678971859703,0.5356915743911975,8.363551696133559,-0.008706982910730687
10.98,5.98,64.30371011263664,0.9638543475166625,57.831260850999755,3469.875651059985,6.476184150988225,0.2815732239560098,7.5662521701999506,0.3289674856608674,8.0,0.4206570107115384,0.3783308193722989,0.8221642804580719,0.8223695862368938,0.8243251749691162,0.8221642804580719,0.5369741312782892,8.368915024661906,-0.008463265360191485
10.99,5.99,64.1672862155844,0.9637709333829246,57.82625600297548,3469.5753601785286,6.506570611992656,0.2828943744344633,7.565251200595096,0.32892396524326506,8.0,0.4216570107115383,0.37923526547167513,0.8240377170319075,0.8242437387524445,0.826234836106628,0.8240377170319075,0.538257833619289,8.374291184486394,-0.008219573851526718
11.0,6.0,64.03055244794247,0.963689956039632,57.82139736237792,3469.2838417426756,6.536983195131646,0.28421666065789764,7.564279472475584,0.3288817161945906,8.0,0.42265701071153833,0.3801405203308785,0.8258881584104197,0.8260921353995985,0.8281215838819397,0.8258881584104197,0.5395426838527769,8.379680187073754,-0.007975906464835703
11.01,6.01,63.89351799576613,0.9636114152536279,57.81668491521768,3469.0010949130606,6.567422136826374,0.28554009290549454,7.563336983043535,0.32884073839319716,8.0,0.42365701071153833,0.38104658584987133,0.8277155559518568,0.8279170761310036,0.8299853697489874,0.8277155559518568,0.5408286846754158,8.385082043916395,-0.007732261545719155
11.02,6.02,63.75619204431454,0.9635353108087177,57.81211864852306,3468.7271189113835,6.597887675732607,0.2868646815535916,7.562423729704612,0.3288010317262875,8.0,0.4246570107115383,0.38195346410579445,0.8295198608612302,0.8297218431557939,0.8318261446928044,0.8295198608612302,0.5421158390353419,8.390496766534948,-0.007488637116921382
11.03,6.029999999999999,63.61858377792324,0.9634616425112895,57.80769855067737,3468.4619130406422,6.6283800454901565,0.2881904367604416,7.561539710135474,0.3287625960928467,8.0,0.4256570107115383,0.38286115733971043,0.8313010241347991,0.8315014768333895,0.8336438606253941,0.8313010241347991,0.54340415011335,8.395924366480692,-0.007245031213287234
11.040000000000001,6.040000000000001,63.48070238030707,0.9633904101844518,57.80342461106711,3468.2054766640263,6.6588994822873975,0.28951736879510426,7.560684922213422,0.3287254314005836,8.0,0.42665701071153844,0.3837696679571368,0.8330589966166895,0.8332565564210078,0.8354384686651124,0.8330589966166895,0.5446936213236495,8.401364855337878,-0.007001442218196985
11.05,6.050000000000001,63.342557034642645,0.9633216136669255,57.79929682001553,3467.9578092009315,6.689446226292144,0.2908454880996585,7.559859364003105,0.3286895375653524,8.0,0.4276570107115384,0.38467899852657594,0.8347937290093985,0.8349918845797667,0.8372099190194372,0.8347937290093985,0.5459842563117785,8.406818244726056,-0.00675786822893798
11.06,6.0600000000000005,63.20415692339459,0.963255252819873,57.79531516919238,3467.718910151543,6.720020512841343,0.29217480490614534,7.559063033838476,0.32865491451471635,8.0,0.4286570107115384,0.3855891517654093,0.8365051718064869,0.836703208825409,0.8389581629732067,0.8365051718064869,0.5472760589345823,8.412284546302287,-0.006514307165943478
11.07,6.07,63.06551122852425,0.9631913275236067,57.7914796514164,3467.4887790849843,6.75062257669255,0.2935053294214152,7.55829593028328,0.32862156218622957,8.0,0.42965701071153833,0.38650013053778304,0.8381932753240886,0.8383878172917621,0.8406831516010159,0.8381932753240886,0.5485690332572134,8.417763771763246,-0.006270757330135268
11.08,6.08,62.92662913170694,0.9631298376732703,57.78779026039622,3467.267415623773,6.781252657595925,0.29483707206938803,7.557558052079243,0.3285894805251845,8.0,0.43065701071153834,0.38741193785647215,0.8398579897426584,0.8400507859408278,0.8423848347104175,0.8398579897426584,0.5498631835557765,8.423255932847312,-0.006027217005737384
11.09,6.09,62.78751981421348,0.9630707831834919,57.78424699100952,3467.0548194605713,6.811910994293708,0.2961700432301612,7.556849398201903,0.32855866948703927,8.0,0.4316570107115383,0.38832457687366745,0.841499265061119,0.8416921718299629,0.8440631624132746,0.841499265061119,0.5511585143042526,8.428761041336612,-0.005783684205951545
11.1,6.1,62.64819245698001,0.9630141639891513,57.78084983934908,3466.8509903609447,6.842597823534214,0.29750425319713975,7.556169967869815,0.32852912903781806,8.0,0.4326570107115383,0.3892380508737311,0.8431170494645874,0.8433086047454167,0.8457176768014145,0.8431170494645874,0.5524550301642169,8.434279109058954,-0.005540157036982407
11.11,6.109999999999999,62.508656240758896,0.9629599800427523,57.77759880256514,3466.6559281539085,6.873313383464618,0.2988397123245486,7.555519760513027,0.3285008591527403,8.0,0.4336570107115382,0.39015236327335534,0.844117265380098,0.8446831043964228,0.847222023170841,0.844117265380098,0.5537527359850638,8.4398101478897,-0.0052966336903779165
11.120000000000001,6.120000000000001,62.36892034615807,0.9629082313153439,57.77449387892063,3466.4696327352376,6.904057912445998,0.30017643097591296,7.554898775784126,0.32847385981670113,8.0,0.4346570107115384,0.3910675176161642,0.8451172653800982,0.8458053663913441,0.8485240785688973,0.8451172653800982,0.555051636796345,8.445354169753609,-0.005053112312296548
11.13,6.130000000000001,62.22899395371142,0.9628589177965063,57.77153506779038,3466.2921040674228,6.934831649075377,0.30151441952501645,7.554307013558076,0.3284481310242642,8.0,0.43565701071153834,0.3919835175688413,0.8461172653800981,0.8468348874285336,0.8497034390219587,0.8461172653800981,0.5563517378022736,8.450911186626602,-0.004809591049543371
11.14,6.140000000000001,62.08888624394842,0.962812039494353,57.768722369661184,3466.123342179671,6.965634832187553,0.3028536883559806,7.553744473932235,0.3284236727796624,8.0,0.43665701071153834,0.39290036691735775,0.8471172653800981,0.8478303590688849,0.8508083802839799,0.8471172653800981,0.5576530443763706,8.456481210537495,-0.004566068048539762
11.15,6.15,61.9486063974641,0.9627675964355356,57.766055786132135,3465.963347167928,6.996467700852849,0.30419424786316734,7.553211157226427,0.32840048509680114,8.0,0.4376570107115383,0.39381806956331833,0.8481172653800981,0.8488132845578215,0.851868173972181,0.8481172653800981,0.5589555620562785,8.462064253569658,-0.0043225414554441954
11.16,6.16,61.80816359498875,0.9627255886652442,57.76353531991465,3465.812119194879,7.027330494381394,0.3055361084513649,7.552707063982929,0.3283785679992578,8.0,0.43865701071153823,0.3947366295204426,0.849117265380098,0.8497915975011696,0.8529005754118208,0.849117265380098,0.5602592965387672,8.467660327862633,-0.004079009416820156
11.17,6.17,61.66756701745833,0.9626860162471992,57.76116097483195,3465.6696584899173,7.058223452339164,0.30687928053648544,7.55223219496639,0.3283579215202778,8.0,0.43965701071153823,0.3956560509111779,0.850117265380098,0.8507682277518314,0.8539163640546009,0.850117265380098,0.5615642536749261,8.473269445613703,-0.003835470079280867
11.18,6.18,61.52682584608421,0.9626488792636585,57.75893275581951,3465.5359653491705,7.0891468145440735,0.3082237745453945,7.551786551163901,0.3283385457027783,8.0,0.44065701071153823,0.39657633796339575,0.851117265380098,0.8517442378836649,0.8549220752021638,0.851117265380098,0.5628704394654764,8.478891619079404,-0.0035919215863486897
11.19,6.1899999999999995,61.385949262420915,0.9626141778154722,57.75685066892833,3465.4110401356997,7.120100821001065,0.30956960091308977,7.5513701337856665,0.3283204405993768,8.0,0.4416570107115382,0.3974974950071248,0.8521172653800979,0.8527200033715887,0.8559216459629283,0.8521172653800979,0.5641778600561329,8.484526860577011,-0.0033483620864132035
11.200000000000001,6.200000000000001,61.24494644844165,0.9625819120219301,57.75491472131581,3465.2948832789484,7.151085712104307,0.31091677009149166,7.550982944263161,0.32830360627231137,8.0,0.44265701071153835,0.3984195264717724,0.8531172653800981,0.8536956950197429,0.856917511366287,0.8531172653800981,0.5654865217336612,8.490175182485961,-0.0031047897228049237
11.21,6.210000000000001,61.10382658660005,0.962552082021016,57.75312492126096,3465.187495275658,7.182101728316526,0.3122652925355011,7.550624984252193,0.3282880427935736,8.0,0.44365701071153835,0.39934243688263965,0.8541172653800981,0.8546713493332126,0.8579111007460841,0.8541172653800981,0.5667964309209311,8.495836597249234,-0.0028612026430820947
11.22,6.220000000000001,60.962598859910095,0.9625246879690684,57.751481278144105,3465.0888766886465,7.213149110612129,0.31361517872226646,7.550296255628821,0.3282737502447313,8.0,0.44465701071153835,0.4002662308588091,0.8551172653800981,0.8556469967157403,0.858903324115746,0.8551172653800981,0.5681075941739188,8.501511117374708,-0.0026175989854806403
11.23,6.23,60.82127245200074,0.9624997300413065,57.74998380247839,3464.9990281487035,7.244228099806509,0.31496643912202216,7.549996760495678,0.3282607287172034,8.0,0.4456570107115383,0.4011909131092076,0.8561172653800981,0.8566226359474288,0.8598946859797173,0.8561172653800981,0.5694200181761189,8.507198755436457,-0.0023739769089061724
11.24,6.24,60.67985654721679,0.9624772084308904,57.74863250585342,3464.9179503512055,7.275338937775908,0.3163190842511264,7.549726501170683,0.32824897831176886,8.0,0.4466570107115383,0.4021164884319227,0.857117265380098,0.8575982773739457,0.8608855531304797,0.857117265380098,0.5707337097375733,8.512899524076026,-0.0021303345413627994
11.25,6.25,60.5383603306316,0.9624571233504793,57.74742740102876,3464.8456440617256,7.306481865452938,0.31767312458491037,7.5494854802057505,0.32823849913938047,8.0,0.44765701071153824,0.4030429617085663,0.858117265380098,0.8585739153428679,0.861876080618326,0.858117265380098,0.5720486757868728,8.518613436003648,-0.0018866700210793397
11.26,6.26,60.39679298819035,0.9624394750304688,57.74636850182813,3464.782110109688,7.337657125111398,0.3190285706570173,7.549273700365625,0.3282292913202446,8.0,0.44865701071153824,0.4039703379049209,0.859117265380098,0.8595495533285027,0.8628664098572525,0.859117265380098,0.5733649233720732,8.524340503999442,-0.0016429815451957097
11.27,6.27,60.255163706743446,0.9624242637195752,57.74545582317452,3464.727349390471,7.368864959618456,0.32038543302688943,7.549091164634902,0.3282213549841262,8.0,0.4496570107115382,0.40489862206803773,0.8601172653800979,0.8605251924903893,0.8638566251472997,0.8601172653800979,0.574682459656577,8.530080740914585,-0.0013992671833022996
11.28,6.279999999999999,60.113481674052395,0.9624114896868028,57.74468938120817,3464.68136287249,7.40010560990374,0.3217437221697278,7.548937876241633,0.32821469027137534,8.0,0.4506570107115382,0.40582781931954615,0.861117265380098,0.8615008282769852,0.8648467409504551,0.861117265380098,0.5760012919096373,8.535834159672415,-0.0011555250595591815
11.290000000000001,6.290000000000001,59.971756078989316,0.962401153218384,57.744069193103044,3464.6441515861825,7.431379318920975,0.323103448648738,7.5488138386206085,0.3282092973313308,8.0,0.45165701071153835,0.4067579348590296,0.8621172653800981,0.8624764623519052,0.865836792186862,0.8621172653800981,0.5773214275111493,8.54160077326952,-0.0009117534687419493
11.3,6.300000000000001,59.82999611158989,0.962393254617428,57.74359527704568,3464.615716622741,7.462686332107792,0.32446462313512137,7.548719055409135,0.3282051763221363,8.0,0.4526570107115383,0.40768897396375686,0.863117265380098,0.8634521031818021,0.8668268194340415,0.863117265380098,0.5786428739512688,8.547380594776833,-0.0006679504953055471
11.31,6.3100000000000005,59.68821096295582,0.9623877942084779,57.74326765250867,3464.5960591505204,7.4940268915090815,0.32582725615256874,7.548653530501735,0.3282023274131189,8.0,0.4536570107115383,0.408620941977191,0.8641172653800981,0.8644277424176975,0.8678168142489787,0.8641172653800981,0.579965638814103,8.55317363734066,-0.0004241140810563593
11.32,6.32,59.54640982541668,0.9623847723358069,57.743086340148416,3464.5851804089048,7.525401237992022,0.3271913581735662,7.548617268029682,0.3282007507838992,8.0,0.45465701071153825,0.40955384430925995,0.865117265380098,0.8654033673878628,0.8688067721009322,0.865117265380098,0.5812897297780941,8.55897991418362,-0.0001802424253440904
11.33,6.33,59.40460189274118,0.9623841893599709,57.743051361598255,3464.583081695895,7.5568096157092475,0.3285569398134456,7.54861027231965,0.3282004466225935,8.0,0.45565701071153825,0.4104876864414281,0.866117265380098,0.8663789836784643,0.869796700205283,0.866117265380098,0.5826151546232178,8.564799438605627,6.366609271424295e-05
11.34,6.34,59.26279636014955,0.9623860456576612,57.74316273945967,3464.5897643675803,7.588252272291292,0.32992401183875186,7.548632547891934,0.32820141512573625,8.0,0.4566570107115382,0.4114224739269178,0.867117265380098,0.8673546372361874,0.8707866166257892,0.867117265380098,0.5839419212312976,8.5706322239849,0.0003076131554777817
11.35,6.35,59.12100242438933,0.9623903416230806,57.74342049738483,3464.60522984309,7.619729457089222,0.33129258509083576,7.548684099476967,0.3282036564989986,8.0,0.4576570107115382,0.41235821238596715,0.8681172653800979,0.8683306371477507,0.8717765246888621,0.8681172653800979,0.5852700375792742,8.576478283778952,0.0005516009870731864
11.36,6.359999999999999,58.97922928335171,0.9623970776774027,57.74382466064416,3464.6294796386496,7.651241408947695,0.33266266995424765,7.548764932128832,0.32820717096212315,8.0,0.45865701071153814,0.41329490748362563,0.8691172653800979,0.8693065629362428,0.8727664120064146,0.8691172653800979,0.58659951170769,8.582337631525387,0.0007956318430473175
11.370000000000001,6.370000000000001,58.83748613661337,0.9624062542599415,57.744375255596495,3464.6625153357895,7.68278836764785,0.33403427685425435,7.548875051119298,0.3282119587443173,8.0,0.4596570107115383,0.4142325649444666,0.8701172653800981,0.8702820398490309,0.8737562728779856,0.8701172653800981,0.587930351741571,8.588210280842635,0.001039707411365498
11.38,6.380000000000001,58.695782185601736,0.96241787182563,57.7450723095378,3464.7043385722677,7.714370577176386,0.3354074163989733,7.54901446190756,0.3282180200829374,8.0,0.4606570107115383,0.4151711905570544,0.871117265380098,0.8712570546218984,0.8747461070610238,0.871117265380098,0.5892625658967676,8.594096245430826,0.0012838292539214535
11.39,6.390000000000001,58.554126633594755,0.9624319308450199,57.745915850701195,3464.7549510420718,7.745988285725591,0.3367820993793736,7.549183170140239,0.32822535522348867,8.0,0.46165701071153825,0.41611079017394537,0.872117265380098,0.8722319554790451,0.8757359197708875,0.872117265380098,0.5905961624799552,8.59999553907271,0.001527998932601804
11.4,6.4,58.41252868572102,0.962448431804282,57.74690590825692,3464.814354495415,7.777641745693328,0.3381583367692751,7.549381181651384,0.3282339644196254,8.0,0.46265701071153825,0.41705136971168716,0.873117265380098,0.8732074521330866,0.8767257216808437,0.873117265380098,0.5919311498886336,8.605908175634553,0.0017722182600437009
11.41,6.41,58.270997548868536,0.9624673752102209,57.74804251261325,3464.8825507567954,7.809331207221807,0.3395361394444264,7.54960850252265,0.3282438479357674,8.0,0.46365701071153825,0.41799293513830343,0.874117265380098,0.8741837399414721,0.8777155166107742,0.874117265380098,0.5932675365933642,8.611834169066963,0.0020164895943608485
11.42,6.42,58.12954243171389,0.9624887615961693,57.74932569577015,3464.959541746209,7.841056910626146,0.3409155178533107,7.549865139154031,0.32825500605017527,8.0,0.4646570107115382,0.4189354924548251,0.875117265380098,0.8751594219069746,0.8787052913404587,0.875117265380098,0.5946053311115558,8.617773533405488,0.0022608149539564693
11.43,6.43,57.98817254510167,0.9625125915092999,57.75075549055799,3465.0453294334793,7.872819102770575,0.3422964827291554,7.550151098111598,0.32826743904833033,8.0,0.4656570107115382,0.4198790477246051,0.8761176334551193,0.8761353982697307,0.8796952491595715,0.8761176334551193,0.5959445420490729,8.623726282771292,0.0025051959562745196
11.44,6.4399999999999995,57.84689710197154,0.9625388655152948,57.752331930917684,3465.139915855061,7.904618031054502,0.3436790448284566,7.550466386183537,0.32828114722537116,8.0,0.46665701071153814,0.4208236070616015,0.8771162086090928,0.8771096845251404,0.8806843005973672,0.8771096845251404,0.5972851780836046,8.629692431371955,0.0027496344680741913
11.450000000000001,6.450000000000001,57.70572531743101,0.9625675841986615,57.75405505191969,3465.2433031151813,7.9364539430204815,0.345063214913934,7.5508110103839385,0.3282961308862582,8.0,0.4676570107115383,0.42176917662760655,0.8780971947547858,0.8780662374542286,0.8816626777967116,0.8780662374542286,0.5986272479607327,8.635671993502179,0.00299413235643442
11.46,6.460000000000001,57.564666408830256,0.9625987481624234,57.7559248897454,3465.355493384724,7.968327086768021,0.3464490037725227,7.551184977949081,0.3283123903456122,8.0,0.46865701071153826,0.4227157626330311,0.8790540409911487,0.878998712439594,0.8826233180575774,0.878998712439594,0.5999707604950443,8.641664983544457,0.003238691488078871
11.47,6.470000000000001,57.4237295958222,0.9626323580284232,57.75794148170539,3465.476488902323,8.000237710573959,0.34783642219886785,7.5515882963410785,0.32832992592787297,8.0,0.46965701071153826,0.4236633713336962,0.8799865155951357,0.8799067816158724,0.8835636701451244,0.8799067816158724,0.6013157245655781,8.64767141596976,0.0034833137370284817
11.48,6.48,57.28292410044562,0.962668414437164,57.76010486622984,3465.60629197379,8.032186063115427,0.34922548100501855,7.552020973245967,0.328348737967216,8.0,0.47065701071153826,0.42461200903094887,0.8808945809434305,0.8807904317068748,0.8844820473239274,0.8807904317068748,0.6026621491159895,8.65369130533817,0.0037280009716056384
11.49,6.49,57.142259147183495,0.9627069180478552,57.762415082871314,3465.744904972279,8.0641723934231,0.35061619101839564,7.5524830165742625,0.3283688268075766,8.0,0.4716570107115382,0.4255616820703756,0.8817782230142024,0.881649657985895,0.8853774276265538,0.881649657985895,0.6040100431527233,8.659724666299512,0.003972755064239664
11.5,6.5,57.00174396304379,0.9627478695384488,57.76487217230693,3465.892330338416,8.096196950851162,0.3520085630804853,7.552974434461386,0.32839019280266896,8.0,0.4726570107115382,0.42651239683992553,0.8826374479114181,0.882484455537088,0.8862493150279656,0.882484455537088,0.6053594157423514,8.665771513593988,0.004217577890102575
11.51,6.51,56.86138777762271,0.9627912696056573,57.767476176339436,3466.0485705803662,8.128259985069286,0.35340260804649076,7.553495235267888,0.3284128363159951,8.0,0.4736570107115382,0.427464159770496,0.8834722398030865,0.8832948192640878,0.8870972641387537,0.8832948192640878,0.6067102760124027,8.671831862052763,0.004462471319925498
11.52,6.52,56.72119982317566,0.9628371189648472,57.770227137890835,3466.21362827345,8.160361746214017,0.3547983367919138,7.554045427578166,0.32843675772078984,8.0,0.47465701071153815,0.4284169773328306,0.8842826007872777,0.8840807438751183,0.8879211223025892,0.8840807438751183,0.6080626331469606,8.67790572659856,0.004707437225263789
11.53,6.529999999999999,56.581189334703645,0.9628854183501625,57.773125101009754,3466.387506060585,8.19250248475144,0.35619576020658433,7.55462502020195,0.32846195740008477,8.0,0.47565701071153815,0.42937085603774483,0.8850685255314207,0.8848422238938656,0.8887207622626707,0.8848422238938656,0.6094164963869844,8.68399312224623,0.00495247749602612
11.540000000000001,6.540000000000001,56.44136554999195,0.9629361685147678,57.77617011088607,3466.5702066531644,8.224682451173999,0.35759488918147825,7.5552340221772125,0.32848843574683534,8.0,0.47665701071153826,0.43032580243675594,0.8858299986982086,0.8855792536714553,0.8894960234017268,0.8855792536714553,0.6107718750312013,8.690094064103322,0.005197594007512407
11.55,6.550000000000001,56.301737709701406,0.9629893702303127,57.779362213818764,3466.761732829126,8.256901896708484,0.35899573463949935,7.555872442763752,0.3285161931636414,8.0,0.47765701071153827,0.4312818231181527,0.8865670213498829,0.8862918273564512,0.8902468910339809,0.8862918273564512,0.61212877843053,8.69620856737063,0.00544278860440528
11.56,6.5600000000000005,56.162315057462806,0.9630450242868559,57.78270145721135,3466.962087432681,8.289161073435386,0.3603983075406689,7.55654029144227,0.3285452300627074,8.0,0.4786570107115382,0.43223892470637154,0.8872795979972368,0.886979938896605,0.8909733614408855,0.886979938896605,0.6134872159871942,8.702336647342719,0.005688063175817604
11.57,6.57,56.023106839918164,0.9631031314938292,57.78618788962975,3467.171273377785,8.32146023306532,0.36180261882892695,7.55723757792595,0.32857554686634566,8.0,0.4796570107115382,0.43319711386386,0.88796771485588,0.8876435820756303,0.8916753942494122,0.8876435820756303,0.6148471971573678,8.708478319408442,0.00593341964827232
11.58,6.58,55.884122306748104,0.9631636926798214,57.789821560789285,3467.389293647357,8.353799627222466,0.36320867944445506,7.557964312157857,0.32860714400686336,8.0,0.48065701071153816,0.4341563972902169,0.8886313505801817,0.8882827505040923,0.8923529361287983,0.8882827505040923,0.616208731449954,8.71463359905148,0.006178859884009569
11.59,6.59,55.74537071083575,0.9632267086915094,57.79360252149056,3467.6161512894337,8.386179508854342,0.3646165003849714,7.558720504298113,0.3286400219260049,8.0,0.48165701071153816,0.4351167817177325,0.8891990976137014,0.8888974375758313,0.8930059999363102,0.8888974375758313,0.6175718284202564,8.72080250185083,0.006424385739506988
11.6,6.6,55.60686130828488,0.9632921803946114,57.79753082367668,3467.851849420601,8.418600131016836,0.366026092652906,7.559506164735337,0.32867418107544943,8.0,0.48265701071153816,0.4360782739134356,0.8894600493491855,0.8894865041532067,0.8936339940062096,0.8894600493491855,0.6189364976728834,8.726985043481296,0.006669999110641811
11.61,6.609999999999999,55.4686033584956,0.9633601086737221,57.80160652042333,3468.0963912253997,8.451061747103722,0.36743746726537924,7.560321304084664,0.32870962191672454,8.0,0.48365701071153816,0.4370408806779682,0.8898100427274116,0.889956778007421,0.8941819788429712,0.8898100427274116,0.6203027488601514,8.73318123971396,0.00691570188438817
11.620000000000001,6.620000000000001,55.33060612423815,0.9634304944322992,57.80582966593796,3468.3497799562774,8.48356461088545,0.3688506352558891,7.56116593318759,0.3287463449211996,8.0,0.4846570107115383,0.43800460884478437,0.8901327651908029,0.8903253674670524,0.8946416734979157,0.8901327651908029,0.6216705916809481,8.739391106416667,0.007161495946206742
11.63,6.630000000000001,55.19287887172503,0.9635033385926463,57.810200315558774,3468.6120189335265,8.516108976549058,0.370265607676046,7.5620400631117555,0.3287843505700763,8.0,0.48565701071153833,0.438969465279468,0.8904290772669574,0.8906388229751492,0.8950375821212804,0.8904290772669574,0.6230400358797636,8.74561465955447,0.00740738318459222
11.64,6.640000000000001,55.055430870679736,0.9635786420959911,57.81471852575947,3468.883111545568,8.548695098617726,0.37168239559207505,7.562943705151892,0.3288236393544301,8.0,0.4866570107115383,0.43993545687914853,0.8906989186329006,0.8909168318737078,0.8953845255518615,0.8906989186329006,0.6244110912458615,8.751851915190098,0.0076533654876698165
11.65,6.65,54.918271394412045,0.9636564059023998,57.819384354143985,3469.163061248639,8.581323232081106,0.37310101009048285,7.563876870828796,0.32886421177516506,8.0,0.4876570107115383,0.4409025905718177,0.8909422287627542,0.8911642021474956,0.8956912396241885,0.8909422287627542,0.6257837676123087,8.75810288948439,0.00789944474558979
11.66,6.66,54.7814097198836,0.9637366309909029,57.82419785945417,3469.4518715672502,8.613993632253322,0.3745214622718836,7.5648395718908334,0.3289060683430797,8.0,0.4886570107115382,0.44187087331583136,0.8911589469260359,0.8913838525484047,0.8959631515881046,0.8911589469260359,0.6271580748552691,8.764367598696728,0.008145622848729772
11.67,6.67,54.64485512778728,0.9638193183593743,57.82915910156246,3469.7495460937475,8.64670655494998,0.3759437632586947,7.565831820312491,0.32894920957880397,8.0,0.4896570107115382,0.44284031209924246,0.89134901218836,0.8915762392412988,0.8962034144266279,0.89134901218836,0.628534022893056,8.77064605918547,0.008391901693777015
11.68,6.68,54.5086169026052,0.9639044690247783,57.8342681414867,3470.056088489202,8.679462256189257,0.37736792418214166,7.5668536282973395,0.3289936360129278,8.0,0.49065701071153817,0.44381091393939665,0.8915123634085725,0.8917419181212752,0.8964140502612954,0.8915123634085725,0.6299116216855589,8.776938287408363,0.008638283165396388
11.69,6.6899999999999995,54.3727043327043,0.9639920840226822,57.839525041360936,3470.371502481656,8.712260992844119,0.3787939562106139,7.567905008272186,0.3290393481857472,8.0,0.49165701071153817,0.44478268588222336,0.8916489392430254,0.8918806624913515,0.896596078785713,0.8916489392430254,0.6312908812332367,8.783244299922957,0.008884769174763107
11.700000000000001,6.700000000000001,54.237126710366546,0.9640821644082735,57.844929864496414,3470.695791869785,8.745103021349484,0.38022187049345585,7.5689859728992825,0.3290863466477949,8.0,0.4926570107115383,0.44575563500195414,0.8917586781351654,0.8919927205840125,0.8967503189469868,0.8917586781351654,0.6326718115767181,8.789564113387009,0.009131361609448163
11.71,6.710000000000001,54.10189333191332,0.9641747112548712,57.85048267529227,3471.0289605175362,8.77798859964499,0.38165167824543433,7.570096535058454,0.32913463195906323,8.0,0.4936570107115383,0.44672976840048767,0.8918415183296697,0.8920778627612516,0.8968770447659549,0.8918415183296697,0.6340544227959009,8.795897744558872,0.009378062340502424
11.72,6.720000000000001,53.96701349774911,0.9642697256550835,57.85618353930501,3471.3710123583005,8.810917985707674,0.38308339068294234,7.571236707861003,0.3291842046896088,8.0,0.4946570107115383,0.44770509320691926,0.8918973978605405,0.8921360521730818,0.8969764644123727,0.8918973978605405,0.635438725009283,8.802245210297897,0.00962487334412998
11.73,6.73,53.83249651237969,0.9643672087217537,57.862032523305224,3471.7219513983136,8.843891436346551,0.3845170189715892,7.572406504661044,0.3292350654200454,8.0,0.4956570107115382,0.4486816165771503,0.8919262545415025,0.8921673847561417,0.8970487751270682,0.8919262545415025,0.6368247283734095,8.80860652756481,0.009871796476836892
11.74,6.74,53.69835168460938,0.9644671615846203,57.86802969507722,3472.081781704633,8.876909211539047,0.3859525744147412,7.573605939015443,0.3292872147398019,8.0,0.4966570107115382,0.4496593456936646,0.8919280259982287,0.8921716273468902,0.8970939346693487,0.8919280259982287,0.6382124430825544,8.81498171342209,0.010118833542037464
11.75,6.75,53.56458832755574,0.9645695853925945,57.87417512355567,3472.4505074133403,8.909971571522187,0.3873900683270516,7.574835024711135,0.3293406532483102,8.0,0.4976570107115382,0.45063828776482684,0.8919026496453983,0.8921486644771212,0.8971119187269369,0.8919026496453983,0.6396018793677248,8.821370785034341,0.010365986568885432
11.76,6.76,53.431215758613384,0.964674481315998,57.88046887895988,3472.828132737593,8.943078773916891,0.38882951190943005,7.576093775791976,0.3293953815561729,8.0,0.4986570107115382,0.4516184500242818,0.8918500626644927,0.8920986627841274,0.8971027591216071,0.8918500626644927,0.6409930474958087,8.82777375966866,0.010613257638965479
11.77,6.77,53.29824329956928,0.9647818505453738,57.88691103272243,3473.214661963346,8.97623107528677,0.39027091631681604,7.577382206544486,0.32945140028454284,8.0,0.4996570107115382,0.45259983973049184,0.8917702020149763,0.8920219557979262,0.897066430797657,0.8917702020149763,0.642385957768918,8.834190654694982,0.010860648386369576
11.78,6.779999999999999,53.165680276947356,0.9648916942837253,57.89350165702352,3473.610099421411,9.009428741184227,0.39171429309496636,7.578700331404704,0.3295087100610741,8.0,0.5006570107115381,0.4535824641685165,0.8916630045098974,0.8919175566029063,0.8970028355663624,0.8916630045098974,0.6437806205269153,8.84062148758646,0.01110816046934815
11.790000000000001,6.790000000000001,53.03353602184335,0.9650040137547609,57.90024082528565,3474.014449517139,9.042672035546412,0.3931596537194092,7.580048165057129,0.32956731152422303,8.0,0.5016570107115383,0.45456633064736546,0.8915284067342901,0.8917850043437511,0.8969119058421159,0.8915284067342901,0.6451770461436553,8.847066275919815,0.011355796074049351
11.8,6.800000000000001,52.901819869875254,0.9651188102052065,57.90712861231239,3474.4277167387436,9.075961217719351,0.3946070094660588,7.581425722462479,0.3296272053244556,8.0,0.5026570107115382,0.4555514464991516,0.8913663450223037,0.8916248850092303,0.8967936005412924,0.8913663450223037,0.6465752450257845,8.853525037375661,0.011603557469264558
11.81,6.8100000000000005,52.770541161218354,0.9652360849041463,57.91416509424877,3474.8499056549263,9.109296543314484,0.39605637144845585,7.582833018849755,0.3296883921239024,8.0,0.5036570107115382,0.456537819079195,0.8911767554635963,0.8914387504382514,0.8966478971274647,0.8911767554635963,0.6479752276128872,8.859997789738854,0.011851446431897728
11.82,6.82,52.639709241089854,0.9653558391338445,57.92135034803067,3475.28102088184,9.142678276116554,0.39750775113550235,7.584270069606134,0.32975087259157104,8.0,0.5046570107115382,0.4575254557678497,0.8909595739922298,0.8912256325968068,0.8964747114980686,0.8909595739922298,0.6493770043800795,8.866484550898818,0.012099464502334456
11.83,6.83,52.50933345965172,0.9654780741941928,57.92868445165157,3475.7210670990944,9.176106682361349,0.39896116010266736,7.585736890330314,0.32981464740566585,8.0,0.5056570107115382,0.4585143639693923,0.8907147363427211,0.8909827400802474,0.896273969506172,0.8907147363427211,0.6507805858364313,8.872985338849901,0.012347613686685577
11.84,6.84,52.37942317189845,0.9656027914075782,57.93616748445469,3476.1700490672815,9.209582024471818,0.4004166097596442,7.5872334968909385,0.32987971725612775,8.0,0.5066570107115382,0.459504551109899,0.8904421780019647,0.8907118404590167,0.896045610315185,0.8904421780019647,0.6521859825219529,8.879500171691692,0.012595896156454955
11.85,6.85,52.24998773775761,0.9657299921173219,57.94379952703932,3476.627971622359,9.24310456308943,0.40187411143867086,7.588759905407862,0.3299460828438201,8.0,0.5076570107115382,0.46049602463750655,0.8901418342242353,0.8904166387817457,0.8957895736145622,0.8901418342242353,0.6535932050079661,8.886029067629341,0.012844313715845601
11.86,6.859999999999999,52.12103652240345,0.9658596776818951,57.951580660913706,3477.0948396548224,9.276674564584617,0.40333367672107034,7.590316132182741,0.33001374487751045,8.0,0.5086570107115382,0.46148879202454623,0.8898136400871701,0.8900920528080171,0.8955057928296912,0.8898136400871701,0.6550022639001323,8.892572044973882,0.013092868113645295
11.870000000000001,6.870000000000001,51.99257889616812,0.9659918494795948,57.95951096877569,3477.5706581265413,9.310292295046787,0.4047953171759473,7.5919021937551365,0.3300827040763103,8.0,0.5096570107115383,0.46248286076536876,0.8894575304454706,0.8897364662865395,0.895194202939822,0.8894575304454706,0.6564131698353657,8.899129122142561,0.013341561462837603
11.88,6.880000000000001,51.864624234496155,0.9661265089111518,57.96759053466911,3478.0554320801466,9.343958016933156,0.4062590442144851,7.593518106933821,0.3301529611710357,8.0,0.5106570107115384,0.4634782383748507,0.8890734399050617,0.8893558869343565,0.8948547407940141,0.8890734399050617,0.6578259334797132,8.905700317659136,0.013590395799376154
11.89,6.890000000000001,51.73718191816757,0.9662636573955824,57.97581944373494,3478.5491666240964,9.37767199445582,0.4077248693241661,7.595163888746988,0.33022451690204296,8.0,0.5116570107115384,0.46447493239009163,0.8886613028632433,0.888950402816855,0.8944873415337734,0.8886613028632433,0.6592405655307638,8.912285650154189,0.013839372818871709
11.9,6.9,51.61026133348635,0.9664032963675292,57.98419778205175,3479.051866923105,9.411434497051907,0.40919280421964815,7.59683955641035,0.3302973720178413,8.0,0.5126570107115384,0.4654729503717209,0.888221053534147,0.8885116461427962,0.8940919381892326,0.888221053534147,0.6606570767195022,8.91888513836544,0.014088494413371677
11.91,6.91,51.48387187212133,0.9665454272838498,57.99272563703099,3479.5635382218597,9.44524579090271,0.4106628604740309,7.598545127406198,0.33037152727853036,8.0,0.5136570107115382,0.4664722999002228,0.8877526258837273,0.8880425430045609,0.8936684654577911,0.8877526258837273,0.6620754778050946,8.925498801138062,0.014337762785217478
11.92,6.92,51.35802293115376,0.9666900516232335,58.00140309739401,3480.0841858436406,9.479106139441985,0.4121350495409558,7.600280619478802,0.3304469834556001,8.0,0.5146570107115382,0.4674729885759641,0.8872559536333027,0.8875529111651211,0.893216858992835,0.8872559536333027,0.6634957795749259,8.932126657424961,0.014587179783873694
11.93,6.93,51.232723913425794,0.9668371708795273,58.010230252771635,3480.613815166298,9.513015812020505,0.41360938313132634,7.602046050554327,0.330523741328449,8.0,0.5156570107115382,0.46847502402261454,0.8867309703242241,0.8870328345599672,0.8927370515887405,0.8867309703242241,0.6649179928494561,8.938768726287083,0.014836747148166296
11.94,6.9399999999999995,51.107984227456335,0.9669867865661969,58.01920719397181,3481.1524316383084,9.546975078173709,0.41508587296407434,7.603841438794362,0.3306018016867114,8.0,0.5166570107115382,0.46947841388464734,0.8861776092737155,0.8864789782580343,0.8922289764165481,0.8861776092737155,0.6663421284786719,8.945425026893725,0.015086466986304004
11.950000000000001,6.950000000000001,50.98381328738785,0.9671389002192534,58.0283340131552,3481.700040789312,9.580984203861526,0.416564530602675,7.605666802631041,0.3306811653317844,8.0,0.5176570107115384,0.47048316582536975,0.8855958035458927,0.8859018934118111,0.8916925679434795,0.8855958035458927,0.6677681973392917,8.952095578522815,0.015336341298407774
11.96,6.960000000000001,50.860220513248656,0.9672935133921652,58.03761080352991,3482.2566482117945,9.61504345807408,0.41804536774235135,7.607522160705981,0.3307618330741731,8.0,0.5186570107115384,0.4714892875298009,0.8849854860010871,0.8852971930945177,0.8911277591617613,0.8849854860010871,0.6691962103388499,8.958780400561206,0.015586371857445158
11.97,6.970000000000001,50.737215331024096,0.9674506276564023,58.04703765938414,3482.822259563048,9.64915311216613,0.4195283961811361,7.609407531876828,0.33084380573377514,8.0,0.5196570107115384,0.4724967867043251,0.8843465892899459,0.8846599790450026,0.8905344824318181,0.8843465892899459,0.6706261784152051,8.965479512504977,0.01583656068543604
11.98,6.98,50.614807172554364,0.9676102446058739,58.05661467635243,3483.396880581146,9.683313434147339,0.4210136275716234,7.611322935270486,0.33092708414219507,8.0,0.5206570107115382,0.47350567107369196,0.8836790458096302,0.8839967760123808,0.8899126712552168,0.8836790458096302,0.6720581125322825,8.972192933959715,0.016086909811441785
11.99,6.99,50.493005475760825,0.9677723658526312,58.06634195115787,3483.980517069472,9.717524694264073,0.42250107366365536,7.613268390231574,0.33101166914050323,8.0,0.5216570107115382,0.4745159483836586,0.8829827877454348,0.8833055901408945,0.8892622580903397,0.8829827877454348,0.6734920236838233,8.978920684640794,0.01633742102512059
12.0,7.0,50.37181968475621,0.9679369930263763,58.07621958158258,3484.5731748949547,9.751787165673946,0.4239907463336498,7.615243916316515,0.3310975615789789,8.0,0.5226570107115383,0.4755276264013142,0.8822577470750284,0.8825830673057293,0.888583174554797,0.8822577470750284,0.6749279228938461,8.985662784373682,0.016588096350652393
12.01,7.01,50.251259249718835,0.9681041277796442,58.08624766677865,3485.174860006719,9.786101117775072,0.42548265729456836,7.61724953335573,0.33118476231981436,8.0,0.5236570107115381,0.4765407129114283,0.8815038555173363,0.8818332949017745,0.8878753535539908,0.8815038555173363,0.6763658212114636,8.992419253094209,0.0168389378726701
12.02,7.02,50.131333627102684,0.9682737717838297,58.09642630702978,3485.785578421787,9.82046682137007,0.4269768183204379,7.619285261405956,0.33127327223504155,8.0,0.5246570107115381,0.47755521571901366,0.8807210445710251,0.8810560074006134,0.8871387271698673,0.8807210445710251,0.6778057297145201,8.999190110848838,0.017089947322979526
12.030000000000001,7.030000000000001,50.01205227984194,0.9684459267261036,58.10675560356622,3486.4053362139734,9.854884552690386,0.42847324142132115,7.621351120713243,0.3313630922049236,8.0,0.5256570107115383,0.47857114265153466,0.8799092455441131,0.8802470692109001,0.886373225734648,0.8799092455441131,0.6792476595127264,9.005975377794975,0.017341126654478956
12.040000000000001,7.040000000000001,49.8934246771555,0.9686205943169193,58.11723565901516,3487.0341395409096,9.889354583729688,0.4299719384230299,7.62344713180303,0.3314542231218709,8.0,0.5266570107115383,0.47958850155352,0.8790683894800198,0.8794087878386095,0.8855787812374423,0.8790683894800198,0.6806916217400124,9.012775074201238,0.017592478143050982
12.05,7.050000000000001,49.77546029462773,0.9687977762889646,58.127866577337876,3487.6719946402727,9.923877183616602,0.4314729210268088,7.625573315467575,0.33154666588989457,8.0,0.5276570107115383,0.48060730028713905,0.8781984071675564,0.8785457281860318,0.8847553264128691,0.8781984071675564,0.6821376275553467,9.019589220447715,0.01784400355976601
12.06,7.0600000000000005,49.658168614639095,0.9689774743881147,58.13864846328688,3488.3189077972124,9.958452630354655,0.43297620131976766,7.6277296926573745,0.33164042141988587,8.0,0.5286570107115383,0.48162754673865354,0.8772992292288531,0.8776512472301887,0.8839027904823196,0.8772992292288531,0.683585688151892,9.026417837026251,0.01809570460201826
12.07,7.07,49.54155912617775,0.9691596903810049,58.149581422860294,3488.974885371618,9.993081201072016,0.4344817913509572,7.629916284572059,0.3317354906335678,8.0,0.5296570107115381,0.48264924881305704,0.8763707860447014,0.8767234166464923,0.8830211034451524,0.8763707860447014,0.6850358147493981,9.033260944540757,0.018347583545086366
12.08,7.08,49.42564132474052,0.9693444260590163,58.160665563540974,3489.6399338124584,10.027763166892045,0.4359897029083498,7.632133112708195,0.3318318744655737,8.0,0.5306570107115381,0.483672414431001,0.8754130077152651,0.8757698320732458,0.8821101976171293,0.8754130077152651,0.6864880185898382,9.040118563707454,0.018599642508462466
12.09,7.09,49.310424712666844,0.9695316832311742,58.17190099387045,3490.3140596322273,10.062498802146111,0.4374999479193961,7.634380198774091,0.3319295738597431,8.0,0.5316570107115381,0.4846970515338157,0.8744258241291138,0.8747896693822185,0.881170003411299,0.8744258241291138,0.6879423109445353,9.046990715355125,0.01885188316134645
12.1,7.1,49.19591879930935,0.9697214637222432,58.183287823334595,3490.9972694000758,10.097288386884232,0.439012538560184,7.636657564666918,0.3320285897681269,8.0,0.5326570107115381,0.4857231680851652,0.873409164981254,0.8737759219365846,0.8802004494591755,0.873409164981254,0.6893987031165115,9.053877420425431,0.019104307480048988
12.11,7.109999999999999,49.082133100803134,0.9699137693807751,58.19482616284651,3491.6895697707905,10.132132196499905,0.44052748680434367,7.6389652325693005,0.332128923155187,8.0,0.533657010711538,0.4867507720648502,0.8723629596939741,0.8727334677429368,0.8792014662045975,0.8723629596939741,0.690857206431692,9.060778699973172,0.01935691766378511
12.120000000000001,7.120000000000001,48.969077140257404,0.970108602075519,58.206516124531134,3492.390967471868,10.167030506399511,0.4420448046260657,7.641303224906228,0.33223057499592296,8.0,0.5346570107115383,0.48777987147141977,0.8712871374516102,0.8716639635262284,0.8781729837382802,0.8712871374516102,0.692317832242612,9.067694575166545,0.01960971550937529
12.13,7.130000000000001,48.8567604480141,0.9703059636909626,58.21835782145775,3493.101469287465,10.201983597812273,0.4435645042527075,7.643671564291551,0.33233354627354567,8.0,0.5356570107115383,0.48881047432582314,0.8701816272435902,0.8705622104162742,0.8771149303101043,0.8701816272435902,0.6937805919335999,9.074625067287426,0.019862702967294865
12.14,7.140000000000001,48.74519256144711,0.9705058561348648,58.23035136809189,3493.8210820855134,10.236991748087283,0.44508659774292536,7.646070273618377,0.3324378379834077,8.0,0.5366570107115382,0.4898425886653706,0.869046357790267,0.8694309110175578,0.8760272355527078,0.869046357790267,0.6952454969122053,9.081570197731656,0.020115882269514884
12.15,7.15,48.63438302508821,0.9707082813363528,58.242496880181164,3494.5498128108698,10.272055233181087,0.4466110970948298,7.6484993760362325,0.3325434511320101,8.0,0.5376570107115382,0.4908762225451168,0.8678812575611975,0.8682722090756329,0.8749098292232594,0.8678812575611975,0.6967125586111634,9.088529988009272,0.02036925518513044
12.16,7.16,48.524341390987544,0.9709132412385674,58.25479447431404,3495.2876684588423,10.307174337210963,0.4481380146613463,7.650958894862809,0.3326503867331656,8.0,0.5386570107115382,0.49191138404395984,0.8666862548465486,0.867081438310535,0.8737626383658772,0.8666862548465486,0.6981817884970506,9.095504459744813,0.02062282357216816
12.17,7.17,48.4150772184694,0.9711207378077962,58.26724426846777,3496.0346561080664,10.342349340690213,0.44966736263870494,7.653448853693554,0.3327586458127632,8.0,0.539657010711538,0.4929480812572469,0.8654612776671833,0.8658594207254979,0.8725855914907102,0.8654612776671833,0.69965319805979,9.102493634677597,0.02087658981254492
12.18,7.18,48.30660007412236,0.9713307730348183,58.2798463820891,3496.790782925346,10.37758051880872,0.4511991529916835,7.655969276417818,0.33286822940947036,8.0,0.540657010711538,0.49398632229554773,0.8642062537612594,0.8646112678567882,0.8713786187854113,0.8642062537612594,0.7011267988109104,9.10949753466195,0.021130555809783402
12.19,7.1899999999999995,48.198919532295484,0.9715433489239919,58.29260093543951,3497.5560561263705,10.412868155591884,0.45273339806921237,7.658520187087902,0.3329791385690392,8.0,0.541657010711538,0.4950261152935426,0.8629211106904234,0.8633323786629676,0.8701416468066812,0.8629211106904234,0.7026026022961617,9.116516181667485,0.021384723163805575
12.200000000000001,7.200000000000001,48.09204517501146,0.9717584674980945,58.30550804988567,3498.33048299314,10.448212537686647,0.4542701103342021,7.661101609977133,0.3330913743468319,8.0,0.5426570107115382,0.49606746840637256,0.861605775791898,0.862019054488557,0.8688746017290869,0.861605775791898,0.7040806200903332,9.12354959777942,0.021639094113865553
12.21,7.210000000000001,47.98598659173819,0.9719761308062692,58.318567848376155,3499.1140709025694,10.483613944117243,0.45580930191814106,7.66371356967523,0.33320493781196653,8.0,0.5436570107115382,0.49711038980293754,0.8602601761003504,0.8606768949072993,0.8675774126536576,0.8602601761003504,0.7055608637877439,9.130597805198809,0.021893671005443593
12.22,7.220000000000001,47.88075337965598,0.9721963409182033,58.3317804550922,3499.906827305532,10.519072653841492,0.4573509849496301,7.6663560910184385,0.33331983004427995,8.0,0.5446570107115382,0.49815488767053295,0.8588842384045268,0.859308998567931,0.8662500080454605,0.8588842384045268,0.7070433450088207,9.137660826242792,0.022148455510453857
12.23,7.23,47.77635514405156,0.9724190999164783,58.3451459949887,3500.708759699322,10.55458895570159,0.4588951719870257,7.669029198997739,0.3334360521303365,8.0,0.545657010711538,0.4992009702215102,0.8574778893214146,0.8579071346103656,0.864892312824085,0.8574778893214146,0.7085280754095541,9.144738683344883,0.02240344948606321
12.24,7.24,47.67280149797045,0.9726444099079246,58.35866459447547,3501.519875668528,10.590163133775512,0.46044187538154396,7.671732918895095,0.33355360516935195,8.0,0.546657010711538,0.5002486456837985,0.8560410551847331,0.8564737243426518,0.8635042540063069,0.8560410551847331,0.7100150666680436,9.15183139905527,0.022658655285702878
12.25,7.25,47.57010206232385,0.9728722730221924,58.37233638133154,3502.3401828798924,10.62579546925318,0.461991107358834,7.6744672762663075,0.33367249027244816,8.0,0.547657010711538,0.5012979223018971,0.8545736620585775,0.8550135534914273,0.8620857592379975,0.8545736620585775,0.7115043304859079,9.158938996041039,0.02291407477000007
12.26,7.26,47.46826646629463,0.9731026914033245,58.38616148419947,3503.1696890519684,10.661486251386846,0.46354288049508025,7.677232296839894,0.33379270855825627,8.0,0.548657010711538,0.5023488083443967,0.8530756358192995,0.853520618180413,0.8606367534464257,0.8530756358192995,0.7129958785989587,9.166061497086464,0.023169709798125382
12.27,7.27,47.36730434711262,0.9733356672181549,58.40014003308929,3504.0084019853575,10.697235766672325,0.46509720724662285,7.6800280066178575,0.33391426115729816,8.0,0.5496570107115379,0.5034013120967311,0.8515469020728259,0.8519958707775259,0.859157162702869,0.8515469020728259,0.7144897227669137,9.173198925093292,0.023425562715281956
12.280000000000001,7.280000000000001,47.26722535005804,0.9735712026576302,58.41427215945781,3504.8563295674685,10.7330442971676,0.46665409987685225,7.682854431891562,0.33403714921267663,8.0,0.5506570107115382,0.5044554418598535,0.8499873861414153,0.8504434124241269,0.8576469142507808,0.8499873861414153,0.7159858747715173,9.180351303080986,0.023681635404820156
12.290000000000001,7.290000000000001,47.16803912894061,0.9738092999262513,58.428557995575076,3505.7134797345047,10.76891213419823,0.46821357105209693,7.685711599115016,0.3341613738745659,8.0,0.551657010711538,0.5055112059597244,0.848397013166414,0.8488586977374751,0.8561059320830597,0.848397013166414,0.7174843464300082,9.187518654186993,0.023937929613538245
12.3,7.300000000000001,47.06975534590608,0.974049961249901,58.44299767499406,3506.5798604996435,10.804839568284253,0.4697756334036632,7.6885995349988105,0.3342869363042961,8.0,0.552657010711538,0.5065686127405881,0.8467757080311067,0.8472409404729324,0.854534140840973,0.8467757080311067,0.7189851495855747,9.19470100166707,0.0241944477440299
12.31,7.3100000000000005,46.97238367129083,0.9742931888811318,58.457591332867906,3507.4554799720745,10.84082688232483,0.4713402992315144,7.691518266573581,0.33441383767711225,8.0,0.5536570107115381,0.5076276705601431,0.8451233953086839,0.8455951295939655,0.8529314677107425,0.8451233953086839,0.720488296100502,9.2018983688955,0.024451191944237394
12.32,7.32,46.875933784086456,0.9745389850887857,58.47233910532714,3508.340346319628,10.876874365072785,0.47290758109012115,7.6944678210654285,0.33454207917675777,8.0,0.554657010711538,0.508688387798675,0.8434399993633073,0.8439195073667315,0.8512978371453807,0.8434399993633073,0.7219937978691329,9.209110779365348,0.024708163753636825
12.33,7.33,46.780415372099554,0.9747873521562046,58.48724112937228,3509.234467762337,10.912982313501239,0.4744774918913582,7.697448225874455,0.3346716619945415,8.0,0.555657010711538,0.5097507728611431,0.841725444367049,0.8422085823561362,0.8496331712658525,0.841725444367049,0.7235016668208306,9.216338256688799,0.024965365260669614
12.34,7.34,46.68583813156418,0.975038292393999,58.50229754363994,3510.137852618396,10.94915101633013,0.4760500441882666,7.700459508727988,0.3348025873359995,8.0,0.556657010711538,0.5108148341656914,0.839979654174484,0.8404657311752342,0.8479373953777221,0.839979654174484,0.7250119149036716,9.223580824597422,0.025222799047099898
12.35,7.35,46.59221176728506,0.9752918081371466,58.51750848822879,3511.0505092937274,10.985380757800417,0.4776252503391486,7.703501697645759,0.3349348564193808,8.0,0.557657010711538,0.5118805801460841,0.8382025523508521,0.8386972082853037,0.8462104359664903,0.8382025523508521,0.7265245540879023,9.23083850694238,0.025480466886421027
12.36,7.359999999999999,46.49954599324471,0.9755479017317275,58.532874103903644,3511.9724462342188,11.021671834902184,0.47920312325661674,7.7065748207807285,0.33506847046872734,8.0,0.558657010711538,0.5129480192637953,0.8363940623011238,0.8368948972339738,0.8444522145082469,0.8363940623011238,0.728039596383099,9.238111327694735,0.0257383704948424
12.370000000000001,7.370000000000001,46.407850532232715,0.9758065755470435,58.54839453282261,3512.9036719693568,11.058024541737414,0.48078367572771363,7.7096789065645215,0.3352034307201966,8.0,0.5596570107115381,0.5140171599974309,0.8345541071509842,0.8350585671651057,0.8426626542208959,0.8345541071509842,0.7295570538231531,9.245399310945768,0.025996512307635555
12.38,7.380000000000001,46.31713511581852,0.9760678319778803,58.564069918672814,3513.844195120369,11.094439166625477,0.48236692028806427,7.712813983734562,0.33533973842324183,8.0,0.5606570107115381,0.5150880108403307,0.8326826097243697,0.8331946403601305,0.8408416799742291,0.8326826097243697,0.731076938462868,9.252702480907198,0.026254894334783785
12.39,7.390000000000001,46.22740948483844,0.9763316734337392,58.57990040602435,3514.794024361461,11.13091600608659,0.4839528698298517,7.71598008120487,0.33547739483499434,8.0,0.561657010711538,0.5161605803107356,0.8307794926482697,0.8312980082394409,0.8389892136827971,0.8307794926482697,0.7325992623923905,9.260020861911475,0.02651351835649507
12.4,7.4,46.13868338926018,0.9765981023450101,58.59588614070061,3515.7531684420364,11.167455356908595,0.4855415372568955,7.719177228140121,0.3356164012234835,8.0,0.562657010711538,0.5172348769463173,0.8288446782917955,0.829367687946591,0.8371051775603827,0.8288446782917955,0.7341240377294455,9.267354478412084,0.026772386739516207
12.41,7.41,46.05096658803499,0.9768671211685296,58.612027270111774,3516.7216362067065,11.204057508987656,0.4871329351733764,7.722405454022355,0.3357567588705372,8.0,0.563657010711538,0.5183109092987768,0.8268780887114663,0.8274083359275507,0.8351894958562525,0.8268780887114663,0.73565127661167,9.27470335498379,0.027031501567442717
12.42,7.42,45.964268849594085,0.9771387323763591,58.628323942581545,3517.6994365548926,11.2407227598977,0.4887270765172913,7.725664788516308,0.33589846906592646,8.0,0.564657010711538,0.5193886859444965,0.8248796457604956,0.8254169056967927,0.8332420899216014,0.8248796457604956,0.7371809912117324,9.282067516322908,0.02729086451279983
12.43,7.43,45.878599951836,0.9774129384587855,58.64477630752713,3518.686578451628,11.27745141106448,0.4903239743941078,7.728955261505426,0.3360415331089316,8.0,0.5656570107115378,0.5204682154821122,0.8228492710588573,0.8233910526233315,0.8312628803078974,0.8228492710588573,0.7387131937338853,9.289446987247636,0.027550477897932524
12.44,7.4399999999999995,45.7939696818228,0.9776897419343177,58.66138451605906,3519.6830709635433,11.314243754868691,0.4919236415160301,7.732276903211812,0.336185952313557,8.0,0.5666570107115378,0.5215495065229684,0.8207868858951111,0.8213347712554664,0.829251790659295,0.8207868858951111,0.7402478964004197,9.296841792698308,0.027810344154779898
12.450000000000001,7.450000000000001,45.71038783613484,0.9779691453418812,58.67814872051287,3520.688923230772,11.35110008478587,0.4935260906428639,7.7356297441025745,0.33633172800445976,8.0,0.567657010711538,0.5226325676983195,0.818692411302357,0.8192491742009101,0.8272087434856826,0.818692411302357,0.7417851114618843,9.30425195773762,0.02807046484019793
12.46,7.460000000000001,45.627864221325325,0.9782511512311217,58.6950690738673,3521.704144432038,11.388020707993034,0.4951313351301319,7.739013814773461,0.3364788615118896,8.0,0.568657010711538,0.5237174076690282,0.8165657681525222,0.8171278954783656,0.8251336569400844,0.8165657681525222,0.7433248512108527,9.311677507550984,0.02833084184883461
12.47,7.470000000000001,45.54640865341014,0.9785357621788578,58.71214573073147,3522.7287438438884,11.425005924134977,0.4967393880058686,7.742429146146295,0.3366273541802737,8.0,0.569657010711538,0.5248040351100849,0.8144068769948394,0.8149721975108157,0.823026452230232,0.8144068769948394,0.7448671279599492,9.319118467446838,0.02859147792714367
12.48,7.48,45.466030957879916,0.9788229807896646,58.72937884737988,3523.7627308427927,11.462056024588142,0.49835026193861487,7.745875769475974,0.3367772073685206,8.0,0.570657010711538,0.5258924587098849,0.8122156580499396,0.8127894168671929,0.8208870532593953,0.8122156580499396,0.7464119540408249,9.326574862856841,0.028852375048998624
12.49,7.49,45.38674097040061,0.9791128096798378,58.74676858079027,3524.806114847416,11.499171313281671,0.49996397014268135,7.749353716158053,0.3369284224416545,8.0,0.571657010711538,0.5269826871854533,0.8099920313660729,0.8105735776182951,0.8187153786520877,0.8099920313660729,0.7479593418257654,9.334046719336174,0.029113534820311315
12.5,7.5,45.30854853658184,0.9794052514860708,58.76431508916425,3525.858905349855,11.536352095521954,0.5015805258922589,7.752863017832849,0.33708100077534126,8.0,0.572657010711538,0.5280747292748392,0.8077359167337136,0.8083218866853853,0.8165113474649874,0.8077359167337136,0.7495093037168962,9.341534062563886,0.029374959652436416
12.51,7.51,45.23146351176415,0.9797003088728866,58.7820185323732,3526.921111942392,11.57359866840986,0.5031999421047765,7.756403706474639,0.3372349437597669,8.0,0.5736570107115379,0.5291685937296076,0.8054472336124885,0.8060406753859495,0.8142748813381466,0.8054472336124885,0.7510618521355261,9.349036918343147,0.029636651778290002
12.52,7.52,45.15549576150458,0.9799979845216366,58.79987907129819,3527.9927442778917,11.610911335130409,0.5048222319621917,7.759975814259637,0.3373902527938973,8.0,0.5746570107115379,0.5302642893256225,0.8031259012383272,0.8037271536128623,0.8120058994713149,0.8031259012383272,0.7526169995374526,9.356555312601511,0.02989861293541196
12.530000000000001,7.530000000000001,45.0806551616354,0.9802982811315949,58.81789686789569,3529.0738120737415,11.648290403597903,0.5064474088520827,7.763579373579139,0.3375469292860495,8.0,0.575657010711538,0.5313618248624569,0.8007718386121739,0.8013784686144523,0.809704320006374,0.8007718386121739,0.7541747584121234,9.36408927139126,0.030160845425442062
12.540000000000001,7.540000000000001,45.006951597955634,0.9806012014301455,58.83607208580873,3530.164325148524,11.68573617331117,0.5080754857961378,7.767214417161746,0.33770497465920635,8.0,0.576657010711538,0.5324612091531998,0.7983849643999383,0.7989987789636113,0.8073700637106016,0.7983849643999383,0.7557351412681703,9.371638820889661,0.03042335158639986
12.55,7.550000000000001,44.93439496665225,0.9809067481633229,58.854404889799376,3531.2642933879624,11.72324894764478,0.5097064759845557,7.770880977959875,0.3378643903460815,8.0,0.577657010711538,0.5335624510337669,0.7959651970246036,0.7965872364196724,0.8050030495517185,0.7959651970246036,0.7572981606466229,9.379203987399235,0.03068613307293333
12.56,7.5600000000000005,44.862995174554975,0.9812149240916043,58.872895445496255,3532.373726729775,11.760829039358269,0.5113403930155769,7.774579089099252,0.338025177786924,8.0,0.578657010711538,0.5346655593675917,0.7935124547068048,0.7941402111769265,0.8026031939036805,0.7935124547068048,0.7588638291275683,9.386784797348106,0.030949192052943886
12.57,7.57,44.79276213868492,0.9815257320043818,58.891543920262905,3533.4926352157745,11.798476751914096,0.5129772500832216,7.77830878405258,0.3381873384370687,8.0,0.579657010711538,0.535770543031294,0.7910266553227723,0.7916603132884449,0.8001704163967341,0.7910266553227723,0.7604321593098085,9.394381277290293,0.031212531225087048
12.58,7.58,44.72370578644896,0.9818391747161059,58.91035048296636,3534.6210289779815,11.836192384503752,0.5146170601958153,7.782070096593271,0.33835087376492484,8.0,0.580657010711538,0.5368774109182883,0.7885077164417521,0.7891509469509467,0.7977046374501505,0.7885077164417521,0.7620031638159831,9.401993453905922,0.031476152267345014
12.59,7.59,44.65583605635348,0.9821552550497287,58.92931530298372,3535.758918179023,11.87397625354887,0.5162598371108205,7.7858630605967445,0.3385157852433367,8.0,0.5816570107115379,0.5379861719555492,0.7859555554873681,0.786605872670866,0.795205771588274,0.7859555554873681,0.7635768553163641,9.409621354001583,0.03174005687331061
12.6,7.6,44.58916289748248,0.9824739758535721,58.94843855121432,3536.9063130728596,11.911828670927132,0.5179055943881362,7.789687710242865,0.33868207435838543,8.0,0.5826570107115379,0.5390968350873089,0.783370089572018,0.7840243942438471,0.7926737355892209,0.783370089572018,0.7651532465057178,9.417265004510693,0.032004247851489254
12.61,7.609999999999999,44.523696269341826,0.9827953400067585,58.96772040040551,3538.063224024331,11.949749936971235,0.5195543450857059,7.793544080081101,0.3388497426122218,8.0,0.5836570107115379,0.5402094092694936,0.7807512354434977,0.7814137512654022,0.7901084501928528,0.7807512354434977,0.7667323500954082,9.424924432493698,0.03226872750052223
12.620000000000001,7.620000000000001,44.459446142526375,0.9831193504035827,58.98716102421496,3539.2296614528977,11.987740360761402,0.5212061026418001,7.797432204842992,0.3390187915149127,8.0,0.584657010711538,0.5413239034849856,0.7780989096373412,0.7787716904672335,0.7875098319160577,0.7780989096373412,0.7683141788350584,9.432599665138351,0.032533497270144096
12.63,7.630000000000001,44.396422498869995,0.9834460099521616,59.0067605971297,3540.405635827782,12.02580026193953,0.5228608809538926,7.801352119425939,0.33918922258373646,8.0,0.585657010711538,0.5424403267458625,0.7754130284894464,0.7760906317331234,0.7848777945403581,0.7754130284894464,0.7698987455157292,9.440290729760106,0.03279855936992959
12.64,7.640000000000001,44.33463533091659,0.9837753215909812,59.026519295458876,3541.5911577275324,12.063929949338656,0.5245186934495067,7.805303859091774,0.3393610373518163,8.0,0.586657010711538,0.5435586880767547,0.772693507973735,0.7733757821417929,0.7822122558441528,0.772693507973735,0.7714860629462981,9.447997653802416,0.0330639165711375
12.65,7.65,44.274094642165046,0.9841072882835843,59.04643729701506,3542.786237820904,12.102129727894507,0.5261795533867177,7.809287459403011,0.3395342373653483,8.0,0.587657010711538,0.544678996519923,0.7699402637538333,0.7706334971687617,0.7795131342729865,0.7699402637538333,0.7730761439606657,9.45572046483695,0.0333295706425929
12.66,7.66,44.214810447728524,0.9844419130038331,59.06651478022999,3543.990886813799,12.140399917804153,0.5278434746871371,7.813302956045997,0.3397088241759129,8.0,0.588657010711538,0.5458012611505527,0.7671532113265558,0.7678536908677464,0.7767803430424227,0.7671532113265558,0.7746690014394632,9.46345919056395,0.03359552342511307
12.67,7.67,44.15679277382119,0.9847791987520866,59.0867519251252,3545.205115507512,12.178740833634965,0.5295104710276072,7.817350385025039,0.33988479934891475,8.0,0.589657010711538,0.546925491060712,0.7643322658631748,0.7650378346359753,0.774013797838927,0.7643322658631748,0.7762646482872839,9.471213858812584,0.03386177759752229
12.68,7.68,44.10005165779281,0.9851191485557836,59.10714891334702,3546.428934800821,12.217152783608038,0.5311805558090451,7.821429782669403,0.3400621644638871,8.0,0.5906570107115379,0.5480516953584368,0.7614773422033894,0.7621926667585337,0.7712134159630781,0.7614773422033894,0.7778630974313848,9.478984497541177,0.03412833515951519
12.69,7.6899999999999995,44.044597148753134,0.9854617654552769,59.12770592731661,3547.662355638997,12.255636088010341,0.5328537429569714,7.825541185463322,0.34024092110710097,8.0,0.5916570107115379,0.5491798831826187,0.7585883549933028,0.7593114926942219,0.7683791107245787,0.7585883549933028,0.779464361842817,9.486771134837548,0.034395197978568604
12.700000000000001,7.700000000000001,43.9904393072383,0.9858070525153549,59.148423150921296,3548.9053890552777,12.294191064336742,0.5345300462755105,7.829684630184258,0.34042107087757645,8.0,0.5926570107115381,0.5503100636914725,0.7556652185721836,0.7563946881324388,0.7655107967493362,0.7556652185721836,0.7810684545200572,9.494573798919363,0.03466236866690764
12.71,7.710000000000001,43.93758820514555,0.9861550128286152,59.16930076971691,3550.158046183015,12.33281802296302,0.5362094792592618,7.833860153943381,0.3406026153888427,8.0,0.5936570107115381,0.5514422460587945,0.7527078469391282,0.7534465380593907,0.7626083904978083,0.7527078469391282,0.782675388483698,9.502392518134382,0.03492984924938014
12.72,7.720000000000001,43.88605392638608,0.9865056495003426,59.190338970020555,3551.4203382012333,12.37151728679312,0.537892055947527,7.83806779400411,0.3407855562610483,8.0,0.5946570107115381,0.5525764394899617,0.7497161539004236,0.7504628621764804,0.7596718043473006,0.7497161539004236,0.7842851767991542,9.510227320960796,0.035197641534573165
12.73,7.73,43.83584656658694,0.9868589656593066,59.2115379395584,3552.692276373504,12.410289177346069,0.5395777903193943,7.842307587911679,0.34096989512659476,8.0,0.595657010711538,0.5537126532111226,0.746690052963351,0.7474432172413898,0.7567009516024965,0.746690052963351,0.7858978325613232,9.518078236007598,0.035465748230059546
12.74,7.74,43.786976232882004,0.9872149644649437,59.232897867896625,3553.9738720737973,12.449134005493061,0.5412666958910026,7.846579573579325,0.3411556336338837,8.0,0.596657010711538,0.5548508964615526,0.7436294572656025,0.7443916725283511,0.7536957487568082,0.7436294572656025,0.787513368883733,9.525945292014823,0.03573417155782721
12.75,7.75,43.73945304462535,0.9875736490904631,59.25441894542779,3555.265136725667,12.4880520933999,0.542958786669561,7.850883789085557,0.3413427734385025,8.0,0.597657010711538,0.5559911785111783,0.7405342797400161,0.7413056532601584,0.7506561079482993,0.7405342797400161,0.789131798923416,9.533828517853859,0.03600291303754943
12.76,7.76,43.6932871333895,0.9879350227256947,59.27610136354168,3556.5660818125007,12.52704377091174,0.5446540769961626,7.855220272708336,0.3415313162047103,8.0,0.598657010711538,0.5571335086583523,0.7374044330861192,0.7381820909054759,0.7475819395753994,0.7374044330861192,0.79075313587775,9.541727942527865,0.036271975146128455
12.77,7.77,43.64848864244136,0.9882990885933857,59.29794531560314,3557.8767189361884,12.566109354499908,0.5463525806304308,7.8595890631206276,0.34172126361394034,8.0,0.5996570107115379,0.5582778962129293,0.7342398296102709,0.7350244603475269,0.7444731587711028,0.7342398296102709,0.7923773929604382,9.549643595172055,0.03654136079801873
12.780000000000001,7.780000000000001,43.605067727076914,0.988665849941655,59.3199509964993,3559.197059789958,12.605249157074676,0.5480543111771599,7.863990199299859,0.3419126173608634,8.0,0.6006570107115381,0.5594243505037325,0.7310403812991443,0.7318363301270783,0.7413296809061996,0.7310403812991443,0.7940045834121061,9.557575505053919,0.0368110715560519
12.790000000000001,7.790000000000001,43.56303455545278,0.9890353100245068,59.34211860147041,3560.527116088225,12.644463513305546,0.5497592831871977,7.868423720294082,0.342105379143221,8.0,0.6016570107115381,0.5605728808992522,0.7278060000096891,0.728610052525375,0.738151413918138,0.7278060000096891,0.7956347205296799,9.565523701573627,0.037081109117771405
12.8,7.800000000000001,43.522399307867715,0.9894074721240104,59.36444832744062,3561.866899646437,12.6837527509641,0.5514675109114826,7.872889665488124,0.3422995506733967,8.0,0.602657010711538,0.5617234967852074,0.7245365972515991,0.7253450810043851,0.7349382690581492,0.7245365972515991,0.7972678176345387,9.573488214264447,0.03735147653765125
12.81,7.8100000000000005,43.483172176625644,0.9897823395552598,59.38694037331559,3563.2164223989353,12.723117184531104,0.5531790080230915,7.877388074663118,0.34249513368100515,8.0,0.603657010711538,0.5628762075591002,0.7212320841385221,0.7220502292936039,0.7316901620347315,0.7212320841385221,0.798903888064786,9.581469072792943,0.03762217615285124
12.82,7.82,43.445363366845605,0.9901599156470674,59.40959493882404,3564.5756963294425,12.762557140277393,0.5548937887077127,7.881918987764809,0.3426921299028178,8.0,0.604657010711538,0.5640310226500607,0.7178923715763591,0.7187215787714445,0.728407003228385,0.7178923715763591,0.8005429452034151,9.589466306959284,0.037893209448427
12.83,7.83,43.408983096482075,0.9905402037442285,59.43241222465371,3565.9447334792226,12.802072953403854,0.556611867539298,7.886482444930742,0.3428905410839453,8.0,0.605657010711538,0.5651879515175507,0.714517370240505,0.7153524103732407,0.7250887010985227,0.714517370240505,0.8021850024764704,9.597479946697684,0.03816457884330049
12.84,7.84,43.374041595794935,0.9909232072239335,59.45539243343601,3567.3235460061605,12.84166494683691,0.5583332585581265,7.891078486687201,0.34309036898640005,8.0,0.606657010711538,0.5663470036338994,0.7111069904148755,0.711949661548735,0.7217351683124504,0.7111069904148755,0.8038300733282588,9.605510022076707,0.03843628705817537
12.85,7.85,43.34054910779928,0.9913089294853918,59.47853576912351,3568.7121461474107,12.881333444718829,0.5600579758573404,7.895707153824702,0.3432916153836827,8.0,0.607657010711538,0.567508188495041,0.7076611420930166,0.7085147542446506,0.7183463163523546,0.7076611420930166,0.8054781712365907,9.61355656329953,0.03870833586501021
12.86,7.859999999999999,43.30851588869415,0.9916973739412337,59.50184243647402,3570.1105461884413,12.921078783628367,0.5617860340707986,7.900368487294803,0.3434942820562958,8.0,0.6086570107115379,0.568671515630376,0.7041797350615722,0.7050409931327607,0.7149220531659228,0.7041797350615722,0.8071293097267761,9.621619600704348,0.038980727447999186
12.870000000000001,7.870000000000001,43.27795220732292,0.9920885440343519,59.52531264206111,3571.5187585236667,12.960901290822411,0.5635174474270613,7.9050625284122225,0.3436983708005314,8.0,0.609657010711538,0.5698369945847913,0.700662678735064,0.7015321979736213,0.7114622897905181,0.700662678735064,0.808783502346105,9.629699164764713,0.03925346448689737
12.88,7.880000000000001,43.24886834549654,0.9924824432309717,59.548946593858304,3572.936795631498,13.000801293264281,0.5652522301419253,7.90978931877166,0.3439038834248548,8.0,0.610657010711538,0.5710046349259241,0.6971098822232948,0.6979895206575043,0.7079669367655489,0.6971098822232948,0.8104407626741573,9.637795286089814,0.039526548833258346
12.89,7.890000000000001,43.221274598454706,0.992879075011017,59.572744500661024,3574.3646700396616,13.040779130183404,0.5669903969644958,7.914548900132204,0.34411082174487845,8.0,0.611657010711538,0.5721744462551797,0.6935212544249768,0.6944090398179301,0.7044359012498831,0.6935212544249768,0.8121011043384412,9.645907995424876,0.03979998269467444
12.9,7.9,43.195181274336456,0.9932784428848651,59.59670657309191,3575.8023943855146,13.080835131434636,0.5687319622362885,7.91934131461838,0.3443191875921035,8.0,0.612657010711538,0.5733464381897009,0.6898967038633297,0.6907929144664114,0.7008690934395742,0.6898967038633297,0.8137645409888015,9.654037323651512,0.040073768877427085
12.91,7.91,43.17059869442073,0.9936805503885655,59.62083302331393,3577.2499813988356,13.120969623740319,0.5704769401626225,7.924166604662786,0.34452898281142547,8.0,0.613657010711538,0.574520620367328,0.6862361387324778,0.6871426774437233,0.6972664238416781,0.6862361387324778,0.8154310863044589,9.662183301787978,0.040347909130652226
12.92,7.92,43.147537193832015,0.9940854010674782,59.645124064048694,3578.7074438429217,13.161182951967387,0.5722253457377124,7.929024812809739,0.34474020925259735,8.0,0.6146570107115379,0.5756970024647927,0.6825394670569143,0.6834545793105772,0.6936277975085501,0.6825394670569143,0.8171007540198344,9.6703459609896,0.04062240542696571
12.93,7.93,43.12600712087904,0.9944929984971048,59.66957990982629,3580.1747945895772,13.201475452216956,0.5739771935746503,7.933915981965257,0.34495286878109815,8.0,0.6156570107115379,0.57687559417562,0.6788065964871184,0.6797292407860336,0.6899531228003177,0.6788065964871184,0.8187735578931833,9.678525332549166,0.04089726092245627
12.94,7.9399999999999995,43.10601883699429,0.9949033462859274,59.69420077715564,3581.6520466293387,13.241847448179035,0.5757324977469146,7.938840155431128,0.34516696327961427,8.0,0.6166570107115379,0.5780564052068682,0.6750374342715322,0.6759708466941535,0.6862423117900751,0.6750374342715322,0.8204495117019698,9.686721447897142,0.04117247770702903
12.950000000000001,7.950000000000001,43.0875827177339,0.9953164480512455,59.718986883074734,3583.139212984484,13.282299282525925,0.5774912731533011,7.9437973766149454,0.3453824946354324,8.0,0.6176570107115381,0.5792394453049488,0.6712318874922941,0.6721757036980192,0.6824952692947417,0.6712318874922941,0.8221286292795126,9.694934338602051,0.04144805716713762
12.96,7.960000000000001,43.07070915250989,0.9957323074292701,59.74393844575621,3584.6363067453726,13.322831303912439,0.5792535349527148,7.948787689151241,0.34559946474570613,8.0,0.618657010711538,0.5804247242458581,0.6673898629659084,0.6683404923214691,0.6787118993588045,0.6673898629659084,0.8238109245011211,9.703164036370953,0.0417240020763785
12.97,7.970000000000001,43.05540854401593,0.9961509280927731,59.769055685566386,3586.143341133983,13.363443844163303,0.5810192975723175,7.953811137113277,0.3458178755266642,8.0,0.619657010711538,0.5816122518161638,0.6635112670701533,0.6644696962397227,0.674892112066182,0.6635112670701533,0.8254964112571087,9.711410573049745,0.04200031549849825
12.98,7.98,43.041691308721475,0.9965723137392399,59.7943388243544,3587.6603294612637,13.404137233670188,0.5827885753769647,7.958867764870878,0.3460377289074295,8.0,0.620657010711538,0.5828020378252183,0.6595960058596451,0.6605662482082867,0.671035816796724,0.6595960058596451,0.8271851034701277,9.719673980623382,0.04227699904058824
12.99,7.99,43.029567877640886,0.9969964680735848,59.81978808441509,3589.187285064905,13.44491182389356,0.5845613836475461,7.963957616883017,0.34625902682100074,8.0,0.621657010711538,0.583994092124391,0.6556439852341649,0.6566232345221117,0.6671429158181842,0.6556439852341649,0.8288770151224663,9.727954291216344,0.042554054653265894
13.0,8.0,43.019048695522585,0.9974233948323052,59.845403689938315,3590.724221396299,13.485767956121714,0.5863377372226832,7.969080737987663,0.3464817712168549,8.0,0.6226570107115379,0.5851884245815194,0.65165511070192,0.6526425405079239,0.6632133156588702,0.65165511070192,0.8305721602197863,9.736251537093056,0.04283148526968006
13.01,8.01,43.01014422107892,0.9978530977789785,59.871185866738706,3592.271152004322,13.526705967357564,0.5881176507546767,7.974237173347742,0.3467059640585975,8.0,0.6236570107115379,0.5863850450853492,0.6476292874232356,0.6486272175994959,0.6592469236511185,0.6476292874232356,0.8322705527974247,9.744565750658142,0.04310929300667965
13.02,8.02,43.002864927537516,0.9982855806924389,59.89713484154633,3593.82809049278,13.56772620573084,0.5899011393796018,7.979426968309267,0.3469316073177942,8.0,0.6246570107115379,0.5875839635590542,0.64356642032554,0.6445740014996938,0.6552436437491801,0.64356642032554,0.8339722069395835,9.752896964456827,0.043387355240035674
13.030000000000001,8.030000000000001,42.99722131719273,0.9987208448837792,59.92325069302675,3595.3950415816053,13.60882910158835,0.5916882218081891,7.9846501386053506,0.3471587016784935,8.0,0.6256409443688085,0.5887851680525658,0.6394664388477307,0.6404837366850689,0.6512033159584297,0.6394664388477307,0.8356771056852399,9.761245211019952,0.04366553179887234
13.040000000000001,8.040000000000001,42.99322384029157,0.9991588913284164,59.94953347970498,3596.972008782299,13.649670251812502,0.593463923991848,7.989906695940997,0.34738724764960854,8.0,0.6264092469676755,0.589985165397224,0.6353292760969934,0.636356354532176,0.6471265396484289,0.6353292760969934,0.8373802910951761,9.769610498003853,0.04394092555952511
13.05,8.05,42.99088290594585,0.9995996633949698,59.97597980369819,3598.558788221891,13.689377904562896,0.5951903436766477,7.995195960739636,0.347617215684332,8.0,0.6268461880791333,0.5911746396740608,0.631155441495086,0.6321918800458849,0.6430142751275489,0.631155441495086,0.8390685408590786,9.777992742163624,0.04420697884707181
13.06,8.06,42.99020860219015,1.0000430309053578,60.00258185432147,3600.1549112592884,13.727069644539663,0.5968291149799854,8.000516370864293,0.34784853786366493,8.0,0.626987052433125,0.592343553646996,0.6269461818240893,0.6279910079699436,0.6388675180769852,0.6269461818240893,0.8407276088837172,9.786391722912338,0.04445724225902126
13.07,8.07,42.991210386953796,1.0004888082401502,60.029328494409015,3601.759709664541,13.76203963276055,0.5983495492504587,8.005865698881802,0.34808111734268704,8.0,0.6268462475148208,0.5934832187440682,0.6227033019885124,0.6237551355164533,0.6346874433023538,0.6227033019885124,0.8423451632676393,9.794807086773094,0.04468644094295371
13.08,8.08,42.99389687251909,1.000936759724217,60.056205583453014,3603.372335007181,13.793689512797872,0.5997256309912119,8.011241116690602,0.34831483116046097,8.0,0.6264398613377695,0.594585658565872,0.618429112424425,0.6194862910367469,0.6304756731334991,0.618429112424425,0.843909882913218,9.803238362003999,0.044889827934802895
13.09,8.09,42.99827576749559,1.0013866047988462,60.083196287930775,3604.9917772758463,13.821529885297537,0.6009360819694581,8.016639257586155,0.3485495329385285,8.0,0.6257830779331062,0.5956436705061369,0.6141263777149005,0.6151868957070721,0.6262339588313754,0.6141263777149005,0.8454115449862375,9.811684969143496,0.04506356381072152
13.1,8.1,43.004353616987146,1.0018380310004313,60.11028186002588,3606.6169116015526,13.845159779837351,0.6019634686885805,8.022056372005176,0.348785059652399,8.0,0.6248953095394902,0.5966507479230264,0.6097981883271912,0.6108598886935528,0.6219645329926581,0.6097981883271912,0.8468409144517267,9.820146231440685,0.045204804290868594
13.11,8.11,43.01213574488226,1.0022907008846635,60.13744205307981,3608.2465231847887,13.864413611092532,0.6028005917866318,8.027488410615963,0.3490212352441723,8.0,0.6238945948556016,0.5976026265622785,0.6054478917056485,0.6065085460475443,0.6176697388797467,0.6054478917056485,0.8481919389499232,9.828621395707692,0.045312362746898316
13.120000000000001,8.120000000000001,43.021626241725144,1.0027442782553693,60.16465669532216,3609.8794017193295,13.87955861165539,0.6034590700719735,8.032931339064431,0.34925788430714916,8.0,0.6228941513910589,0.5984995042916323,0.6010788300486742,0.6021362922430413,0.6133516799725864,0.6010788300486742,0.8494648993193207,9.83710967989904,0.04538816410558866
13.13,8.13,43.03282791412846,1.0031984641667755,60.19190785000653,3611.514471000392,13.89100497946374,0.6039567382375539,8.038381570001306,0.349494850869622,8.0,0.6218941931444082,0.5993434262979713,0.5966939805774742,0.5977465786920568,0.6090128003913491,0.5966939805774742,0.8506626983433927,9.845610317887353,0.04543526410510168
13.14,8.14,43.045742523143424,1.0036529835374712,60.219179012248276,3613.1507407348963,13.89909865104379,0.604308637001904,8.043835802449655,0.34973199141085454,8.0,0.6208941931444082,0.6001360570325365,0.5922960879914683,0.5933425318753798,0.6046557586629075,0.5922960879914683,0.8517876984182577,9.85412256987116,0.04545620492081781
13.15,8.15,43.06037085380341,1.0041075882651918,60.2464552959115,3614.7873177546903,13.904156243070386,0.6045285323074081,8.049291059182302,0.34996917648618703,8.0,0.6198941931444082,0.6008790514753541,0.5878876329036288,0.5889269959129723,0.6002831470687027,0.5878876329036288,0.8528422484973092,9.862645719605737,0.0454534605878294
13.16,8.16,43.07671284232494,1.0045620527492278,60.27372316495367,3616.42338989722,13.906465314717122,0.6046289267268314,8.054744632990733,0.35020628839090145,8.0,0.6188941931444082,0.6015740074806372,0.5834708758634916,0.5845023364280554,0.5958972147716676,0.5834708758634916,0.8538286164538839,9.871179073930493,0.045429333049973764
13.17,8.17,43.09476753725999,1.0050161749261912,60.30097049557148,3618.0582297342885,13.906282911099769,0.6046209961347725,8.060194099114295,0.3504432217006215,8.0,0.6178941931444082,0.6022224643264705,0.5790478472301047,0.5800710586051185,0.5915004854433843,0.5790478472301047,0.8547489870227963,9.879721961947876,0.04538596838435893
13.18,8.18,43.11453325363997,1.005469772116915,60.328186327014905,3619.691179620894,13.903840950489931,0.6045148239343449,8.06563726540298,0.3506798811044774,8.0,0.6168941931444082,0.6028259068731843,0.5746203877895635,0.5756354314550609,0.5870952469066755,0.5746203877895635,0.8556054677024184,9.888273734221501,0.04532509906195514
13.19,8.19,43.13600772586984,1.0059226769074303,60.35536061444582,3621.3216368667495,13.89935156583057,0.6043196332969814,8.071072122889163,0.35091617925605056,8.0,0.6158941931444083,0.6033857696923565,0.5701901890391955,0.5711971146206375,0.5826834449131107,0.5701901890391955,0.8564000946150734,9.896833762033088,0.04524824970264518
13.200000000000001,8.200000000000001,43.159188109142455,1.006374737110968,60.38248422665808,3622.9490535994846,13.89300715476533,0.604043789337623,8.076496845331615,0.35115203675354845,8.0,0.6148941931444081,0.6039034374588093,0.5657587935593706,0.566757046308697,0.5782667924260543,0.5657587935593706,0.8571348330634053,9.905401436671482,0.04515701590221255
13.21,8.21,43.18407092533256,1.0068258172254747,60.409549033528485,3624.572942011709,13.884978493891039,0.6036947171256973,8.081909806705696,0.3513873829002476,8.0,0.6138941931444081,0.60438024456163,0.56132758075958,0.5623173524591797,0.5738471006125542,0.56132758075958,0.8578115769782925,9.91397616872169,0.04505289027884629
13.22,8.22,43.21065219357021,1.0072757949165447,60.43654769499268,3626.192861699561,13.875419299213203,0.6032790999657914,8.087309538998536,0.3516221538695016,8.0,0.6128941931444081,0.6048174786131337,0.5568978012753758,0.5578808019563442,0.5694259463565561,0.5568978012753758,0.8584321538992027,9.922557387376077,0.0449370186303355
13.23,8.23,43.238927557202125,1.0077245575980813,60.46347345588488,3627.8084073530927,13.864470659972286,0.6028030721727081,8.092694691176977,0.3518562909207381,8.0,0.6118941931444082,0.605216384760895,0.5524706104099435,0.5534480633583657,0.565004734427028,0.5524706104099435,0.8589983310943651,9.931144539801045,0.044810374891874005
13.24,8.24,43.26889228445864,1.0081720024143823,60.49032014486294,3629.4192086917765,13.852261062017574,0.6022722200877206,8.098064028972587,0.3520897403901125,8.0,0.6108941931444082,0.6055781657860614,0.5480470683093474,0.5490177695539313,0.5605847110176263,0.5480470683093474,0.8595118157003085,9.939737090535017,0.04467399125633875
13.25,8.25,43.3005412245652,1.008618037423208,60.51708224539249,3631.0249347235494,13.838904856615933,0.6016915155050406,8.103416449078498,0.35232245430776077,8.0,0.6098941931444082,0.6059039818629832,0.5436281283925412,0.5445917096611185,0.5561670604668181,0.5436281283925412,0.8599742543806992,9.948334520885421,0.04452886024727576
13.26,8.26,43.333868881150366,1.0090625796193278,60.54375477715966,3632.62528662958,13.824504823683903,0.6010654271166914,8.108750955431933,0.35255438936660577,8.0,0.6088941931444082,0.6061949531215095,0.5392146566812875,0.5401736973606374,0.5517528674006289,0.5392146566812875,0.860387236963068,9.95693632834214,0.0443757738078574
13.27,8.27,43.36886948782791,1.0095055528993653,60.57033317396191,3634.219990437715,13.809154810108126,0.6003980352220925,8.114066634792383,0.3527855058605384,8.0,0.6078941931444082,0.6064521624557395,0.5348074517043365,0.5357623407420989,0.547343105453946,0.5348074517043365,0.8607523004253416,9.965542026029082,0.044215428480882224
13.280000000000001,8.280000000000001,43.40553700350216,1.0099468881889455,60.59681329133673,3635.808797480204,13.792939565775148,0.5996930245989195,8.119362658267345,0.3530157677507541,8.0,0.6068941931444081,0.6066766558676604,0.5304072432541111,0.5313569754894842,0.5429386632548447,0.5304072432541111,0.8610709293835742,9.974151142178128,0.044048512688995345
13.290000000000001,8.290000000000001,43.443865123160876,1.0103865231531453,60.62319138918872,3637.391483351323,13.775935119986626,0.5989537008689838,8.124638277837743,0.3532451425146845,8.0,0.6058941931444081,0.6068694432924607,0.5260146952186191,0.526961306298773,0.5385403546247981,0.5260146952186191,0.8613445572633364,9.982763219611362,0.043875629251566295
13.3,8.3,43.483847330731805,1.0108244007739768,60.64946404643861,3638.9678427863164,13.758210625833586,0.5981830706884168,8.129892809287721,0.353473600403814,8.0,0.6048941931444081,0.6070315011460394,0.5216304194941968,0.5225748969659857,0.5341489232712817,0.5216304194941968,0.8615745699154556,9.991377815247256,0.04369729613319606
13.31,8.31,43.5254769093034,1.0112604690758091,60.67562814454855,3640.5376886729127,13.739828716502057,0.5973838572392198,8.135125628909709,0.3537011143004221,8.0,0.6038941931444081,0.6071637730663529,0.5172549786710778,0.5181960049487697,0.5297650485644557,0.5172549786710778,0.8617623066682285,9.999994499630175,0.043514020407464216
13.32,8.32,43.5687469390649,1.0116946811821261,60.70168087092757,3642.100852255654,13.720845432575302,0.5965584970684915,8.140336174185514,0.35392765974719625,8.0,0.6028941931444081,0.6072671701841511,0.5128888854782685,0.5138281661967404,0.525389355219117,0.5128888854782685,0.861909060711683,10.008612856467074,0.04332625658279454
13.33,8.33,43.613650338503874,1.012126994207465,60.727619652447906,3643.6571791468746,13.701311658652614,0.5957092025501137,8.145523930489581,0.35415321436911223,8.0,0.6018941931444082,0.6073425734754994,0.5085326136209669,0.50947223169987,0.521022416197182,0.5085326136209669,0.8620160824365704,10.017232482182816,0.043134381242332154
13.34,8.34,43.660179881158015,1.0125573688069727,60.75344212841836,3645.2065277051015,13.68127370738047,0.5948379872774118,8.150688425683672,0.3543777576384205,8.0,0.6008941931444082,0.6073908348398305,0.5041866021862108,0.5051250623563913,0.5166647548697886,0.5041866021862108,0.8620845809644698,10.02585298549982,0.042938755172833964
13.35,8.35,43.708328190668894,1.0129857693109217,60.7791461586553,3646.748769519318,13.660773145710902,0.5939466585091697,8.15582923173106,0.3546012709448287,8.0,0.5998941931444082,0.6074127772622328,0.49985125432728195,0.5007879652258236,0.5123168549945294,0.49985125432728195,0.8621157243781287,10.034473987026534,0.04273972651603941
13.36,8.36,43.75808775522372,1.0134121633372934,60.80472980023761,3648.2837880142565,13.639847297485524,0.5930368390211097,8.16094596004752,0.3548237373933704,8.0,0.5988941931444082,0.6074091958676733,0.495526941052831,0.4964654742987868,0.5079791644305982,0.495526941052831,0.8621106412177466,10.043095118854513,0.04253758515921646
13.370000000000001,8.370000000000001,43.80945095648651,1.013836521014106,60.83019126084636,3649.8114756507816,13.618530251527478,0.5921100109359774,8.166038252169272,0.355045141398664,8.0,0.5978941931444081,0.6073808599818354,0.4912140088331799,0.4921555937503046,0.503652093652716,0.4912140088331799,0.8620704234059727,10.051716024177633,0.04233258089994507
13.38,8.38,43.862410070516354,1.0142588149552925,60.85552889731755,3651.331733839053,13.596852893076289,0.5911675170902734,8.17110577946351,0.3552654686723265,8.0,0.5968941931444081,0.6073285133798885,0.48691277983629444,0.4878533667309234,0.4993360193582814,0.48691277983629444,0.86199612660099,10.060336356927667,0.04212496577579117
13.39,8.39,43.91695726528036,1.0146790203296219,60.88074121977731,3652.844473186639,13.574842815043754,0.5902105571758154,8.176148243955463,0.3554847062589332,8.0,0.5958941931444081,0.607252874581118,0.4826235512536548,0.48356532045148504,0.49503129625488973,0.4826235512536548,0.8618887706146918,10.068955781413745,0.04191496653118776
13.4,8.4,43.97308462205291,1.0150971142859162,60.90582685715497,3654.3496114292984,13.552525063052366,0.5892402201327116,8.181165371430994,0.3557028422361302,8.0,0.5948941931444081,0.6071546385162774,0.47834660092219095,0.479293147406092,0.49073825181573766,0.47834660092219095,0.8617493417791942,10.077573971975715,0.04170276981344756
13.41,8.41,44.03078414388834,1.0155130757258908,60.93078454355344,3655.8470726132064,13.529922429965037,0.5882574969550016,8.18615690871069,0.35591986559611694,8.0,0.5938941931444081,0.6070344774103122,0.4740821895462405,0.4750304819013253,0.48645718716342556,0.4740821895462405,0.8615787941997076,10.08619061265561,0.04148855362660697
13.42,8.42,44.09004775366023,1.0159268853584484,60.95561312150691,3657.3367872904146,13.507055385839662,0.5872632776452027,8.191122624301382,0.35613576627397314,8.0,0.592894193144408,0.6068930409478122,0.46983056016645885,0.4707806228838633,0.482188385763863,0.46983056016645885,0.861378049989368,10.094805396876556,0.04127248566179276
13.43,8.43,44.150867303802976,1.0163385254391266,60.9803115263476,3658.818691580856,13.483942415805938,0.586258365904606,8.19606230526952,0.3563505350117182,8.0,0.591894193144408,0.6067309573338642,0.4655919407083422,0.4665464846436992,0.4779321129748385,0.4655919407083422,0.8611480007749303,10.103418027130378,0.04105470810053191
13.44,8.44,44.213234585626424,1.016747979520459,61.00487877122754,3660.292726273652,13.460600343667522,0.5852434932029358,8.200975754245508,0.35656416322806556,8.0,0.5908941931444082,0.606548834337437,0.4613665464241396,0.4623241893580137,0.4736886142838891,0.4613665464241396,0.8608895091776702,10.11202821468014,0.04083535145944239
13.450000000000001,8.450000000000001,44.277141328761054,1.0171552324683155,61.02931394809893,3661.758836885936,13.437044310943513,0.5842193178671092,8.205862789619786,0.3567766430269472,8.0,0.5898941931444079,0.6063472594916827,0.4571545797329778,0.45811544467806026,0.4694581217907783,0.4571545797329778,0.8606034090976765,10.120635679271519,0.04061453884315824
13.46,8.46,44.34257920733838,1.0175602702973223,61.05361621783934,3663.2169730703604,13.413287990326374,0.5831864343620162,8.210723243567868,0.35698796711164643,8.0,0.588894193144408,0.6061268009628178,0.45295623183071243,0.4539219252415298,0.4652408545995304,0.45295623183071243,0.8602905069470758,10.129240148851743,0.04039237552353114
13.47,8.47,44.40953984717087,1.0179630799787862,61.07778479872717,3664.6670879236303,13.389343834660716,0.5821453841156833,8.215556959745435,0.3571981286845841,8.0,0.587894193144408,0.6058880085063174,0.44877168456888306,0.4497413856230006,0.4610370161907466,0.44877168456888306,0.8599515830071816,10.137841359301515,0.04016895806956455
13.48,8.48,44.478014825134366,1.0183636494587136,61.10181896752282,3666.109138051369,13.365223053765611,0.5810966545115483,8.220363793504564,0.35740712145672016,8.0,0.586894193144408,0.6056314136306353,0.4446011102783938,0.44557478117542065,0.4568468008167096,0.4446011102783938,0.859587391660866,10.146439054174854,0.03994437885612001
13.49,8.49,44.547995673023216,1.0187619675559085,61.12571805335451,3667.5430832012707,13.340935746638547,0.5800406846364586,8.225143610670901,0.357614939594387,8.0,0.5858941931444082,0.6053575302863162,0.44044467276629573,0.4414238291298074,0.4526703944755916,0.44044467276629573,0.8591986623706344,10.155032984445011,0.039718715908492186
13.5,8.5,44.61947388447851,1.0191580237768834,61.149481426613,3668.96888559678,13.31649114135389,0.5789778757110386,8.2298962853226,0.3578215776227217,8.0,0.5848941931444082,0.6050668559156395,0.43630252912650713,0.43728697880886364,0.4485079696672219,0.43630252912650713,0.8587861011684094,10.163622908262706,0.03949203815543001
13.51,8.51,44.69244091491307,1.0195518083190171,61.17310849914103,3670.386509948462,13.291897591075694,0.5779085909163345,8.234621699828207,0.3580270304273133,8.0,0.5838941931444082,0.6047598716495414,0.4321748297089193,0.4331630400838923,0.44435969012666837,0.4321748297089193,0.8583503909350279,10.172208590723223,0.03926441551919879
13.52,8.52,44.76688818096021,1.0199433120872674,61.19659872523604,3671.7959235141625,13.267162552583661,0.5768331544601593,8.239319745047208,0.3582312932629221,8.0,0.5828941931444083,0.6044370424776173,0.4280617179557775,0.4290554492938321,0.4402257184841665,0.4280617179557775,0.8578921916415291,10.180789803636106,0.0390359089225214
13.530000000000001,8.530000000000001,44.842807067855205,1.0203325264974676,61.21995158984806,3673.1970953908835,13.242292841209219,0.5757518626612703,8.243990317969612,0.3584343616508527,8.0,0.581894193144408,0.6040988185169102,0.4239633323261247,0.4249642776946158,0.4361062068008893,0.4239633323261247,0.8574121421499767,10.189366325305064,0.038806567372937195
13.540000000000001,8.540000000000001,44.92018893100657,1.0207194434347262,61.24316660608357,3674.589996365014,13.217294684771424,0.5746649862944098,8.248633321216715,0.3586362313572485,8.0,0.580894193144408,0.6037456353503347,0.4198798067028372,0.42088573277047947,0.43200129582210495,0.4198798067028372,0.8569108606937934,10.197937940319283,0.03857644011289807
13.55,8.55,44.99902509434769,1.0211040552997257,61.266243317983545,3675.9745990790125,13.192173663752472,0.573572767989238,8.253248663596708,0.35883689841724814,8.0,0.579894193144408,0.6033779141024278,0.41581126993960504,0.41682190440866845,0.427911126650539,0.41581126993960504,0.8563889449852742,10.206504439347679,0.0383455744667458
13.56,8.56,45.07930685355313,1.0214863549240611,61.28918129544367,3677.35087772662,13.166934821080048,0.5724754270034803,8.257836259088734,0.3590363590908145,8.0,0.5788941931444082,0.6029960621378163,0.41175784668919935,0.41277524809399946,0.4238358361001001,0.41175784668919935,0.8558469732069391,10.21506561893864,0.03811400919100549
13.57,8.57,45.161025479307334,1.0218663354835458,61.311980129012746,3678.7188077407645,13.141582774489459,0.5713731641082374,8.262396025802548,0.3592346098175021,8.0,0.577894193144408,0.6026004737714548,0.40771965825178336,0.40874285161192003,0.41977555222099344,0.40771965825178336,0.8552855050195912,10.223621281329772,0.03788177955326688
13.58,8.58,45.24417221672916,1.0222439905151264,61.334639430907586,3680.078365854455,13.116121694705166,0.5702661606393551,8.266927886181517,0.3594316472252833,8.0,0.5768941931444082,0.6021915303826905,0.403696822409369,0.4047252548338536,0.41573040055582805,0.403696822409369,0.8547050817242117,10.23217123426349,0.03764892020104327
13.59,8.59,45.32873828653581,1.0226193138875666,61.35715883325399,3681.4295299952396,13.090555343523878,0.5691545801532121,8.2714317666508,0.35962746811525215,8.0,0.5758941931444082,0.6017696008610727,0.39968945371262277,0.40072450275952926,0.4117005049361359,0.39968945371262277,0.8541062268947075,10.240715290806584,0.03741546058400047
13.6,8.6,45.41471488787069,1.0229922997268064,61.37953798360839,3682.772279016503,13.06488717056003,0.5680385726330448,8.275907596721677,0.3598220694226816,8.0,0.5748941931444081,0.601335042311723,0.39569766421130764,0.39673885047068636,0.40768598219344404,0.39569766421130764,0.853489447379061,10.249253269177952,0.037181426823337915
13.61,8.61,45.50209319805275,1.0233629424240334,61.401776545442004,3684.1065927265204,13.039120302864852,0.5669182740376023,8.2803553090884,0.36001544822123477,8.0,0.5738941931444081,0.6008882001934426,0.3917215633752845,0.3927681354632297,0.40368694679532263,0.3917215633752845,0.8528552334953486,10.257784992582325,0.0369468453129187
13.620000000000001,8.620000000000001,45.590864372747056,1.0237312366330649,61.42387419798389,3685.4324518790336,13.01325754841569,0.565793806452856,8.284774839596778,0.36020760172159905,8.0,0.5728941931444079,0.6004294085857566,0.38776125812005213,0.3888144908775299,0.3997035141751619,0.38776125812005213,0.8522040594107638,10.266310289046856,0.036711738591080234
13.63,8.63,45.681019548800315,1.024097177195855,61.44583063175129,3686.7498379050776,12.987301492669879,0.5646652822899948,8.28916612635026,0.36039852723262,8.0,0.571894193144408,0.5999589909707673,0.3838168535358268,0.3848770549432559,0.39573579324382474,0.3838168535358268,0.8515363842513203,10.274828991265167,0.03647612526433619
13.64,8.64,45.772549844428774,1.0244607591383517,61.4676455483011,3688.058732898066,12.961254503974061,0.5635328045206114,8.29352910966022,0.36058822215914,8.0,0.5708941931444079,0.5994772603980524,0.3798884529280981,0.3809537366982402,0.3917838881629185,0.3798884529280981,0.850852652335895,10.283340936448104,0.03624002522016667
13.65,8.65,45.86544635819095,1.0248219777002583,61.4893186620155,3689.35911972093,12.935118695121554,0.562396465005285,8.2978637324031,0.36077668401752605,8.0,0.569894193144408,0.5989845195444284,0.37597615752628843,0.3770474791463355,0.3878479078724767,0.37597615752628843,0.850153293261054,10.291845966176089,0.0360034568365748
13.66,8.66,45.959700171289285,1.0251808282750832,61.51084969650499,3690.6509817902993,12.908896001067944,0.5612563478725193,8.302169939300999,0.36096391040439124,8.0,0.568894193144408,0.5984810614093314,0.3720800670705167,0.3731592492182333,0.3839279574497646,0.3720800670705167,0.8494387228880211,10.300343926256835,0.035766434016821336
13.67,8.67,46.05530234870824,1.0255373063805946,61.53223838283567,3691.9343029701404,12.882588217232293,0.5601125311840127,8.306447676567135,0.3611498989811798,8.0,0.567894193144408,0.597967169694604,0.36820028010082373,0.3692858267936744,0.3800241349006883,0.36820028010082373,0.8487093438817199,10.308834666590682,0.03552897041008407
13.68,8.68,46.1522439383643,1.0258914076832848,61.55348446099709,3693.2090676598255,12.85619696788854,0.5589650855603714,8.310696892199417,0.36133464748693117,8.0,0.5668941931444081,0.5974431188329594,0.3643368937177087,0.36542765105612396,0.3761365400697802,0.3643368937177087,0.8479655457511736,10.317318041038847,0.0352910804473936
13.69,8.69,46.25051597151594,1.0262431279895425,61.574587679372556,3694.475260762353,12.829723717681295,0.5578140746817954,8.31491753587451,0.36151815373367435,8.0,0.5658941931444081,0.5969091743202624,0.36049000366849027,0.36158776210818716,0.3722652744043194,0.36049000366849027,0.8472077053211181,10.325793907294209,0.03505277591833078
13.700000000000001,8.700000000000001,46.350109464453496,1.0265924632016514,61.59554779209908,3695.732867525945,12.803169828656252,0.5566595577676632,8.319109558419818,0.3617004155834703,8.0,0.5648941931444079,0.5963655932555895,0.3566597047780797,0.3577641125961695,0.36841043390582573,0.3566597047780797,0.8464361874985248,10.334262126758308,0.034814066857634884
13.71,8.71,46.45101541821704,1.0269394093266953,61.61636455960171,3696.9818735761028,12.77653654878071,0.5555015890774222,8.323272911920343,0.36188143095305836,8.0,0.563894193144408,0.5958126244386025,0.3528460908618085,0.3539560583275671,0.3645721136298953,0.3528460908618085,0.8456513454108033,10.342722564422854,0.03457496403181182
13.72,8.72,46.55322481846155,1.0272839624822876,61.63703774893725,3698.222264936235,12.74982500460236,0.5543402175914071,8.327407549787452,0.3620611978168457,8.0,0.562894193144408,0.5952505085670312,0.34904925466929765,0.3501659119950232,0.36075041061801494,0.34904925466929765,0.844853520686094,10.351175088753338,0.034335476726610636
13.73,8.73,46.65672863683403,1.0276261188612275,61.657567131673645,3699.4540279004186,12.723036247071652,0.5531754890031153,8.33151342633473,0.3622397141884665,8.0,0.561894193144408,0.5946794787381988,0.3452692882305227,0.34639256453978656,0.35694541779880135,0.3452692882305227,0.8440430441650958,10.359619571577594,0.034095612594938984
13.74,8.74,46.76151783091958,1.0279658747341864,61.67795248405119,3700.6771490430715,12.696171248106928,0.5520074455698665,8.335590496810237,0.3624169781221842,8.0,0.560894193144408,0.5940997605759842,0.341506282829515,0.3426351305982742,0.35315722652913345,0.341506282829515,0.8432202360812662,10.368055887978826,0.03385538020113188
13.75,8.75,46.86758334373846,1.02830322646525,61.69819358791501,3701.8916152749002,12.66923088054444,0.5508361252410626,8.339638717583,0.362592987721,8.0,0.559894193144408,0.5935115723258484,0.33776032885216034,0.33889567979176083,0.34938593171243265,0.33776032885216034,0.8423854061956946,10.37648391619021,0.03361478713488708
13.76,8.76,46.97491610512431,1.028638170476884,61.71829022861304,3703.0974137167827,12.64221596356249,0.5496615636331518,8.34365804572261,0.3627677411183743,8.0,0.5588941931444081,0.5929151253776352,0.3340315161292463,0.3351738999970419,0.34563162443897155,0.3340315161292463,0.8415388545391266,10.384903537493884,0.03337383895512147
13.77,8.77,47.08350703196517,1.0289707032443525,61.73824219466115,3704.294531679669,12.615127269938595,0.5484837943451564,8.347648438932229,0.3629412364753143,8.0,0.557894193144408,0.5923106244165017,0.33031993399113463,0.33146772285499904,0.34189439187469756,0.33031993399113463,0.8406808716261825,10.39331463612471,0.03313254221775708
13.780000000000001,8.780000000000001,47.19334702733324,1.0293008213212393,61.75804927927436,3705.4829567564616,12.587965493080066,0.5473028475252203,8.351609855854871,0.36311347199369004,8.0,0.5568941931444079,0.5916982674431613,0.32662567101784534,0.32777919475488265,0.3381743263252081,0.32662567101784534,0.8398117384840895,10.401717099175263,0.03289090371535508
13.790000000000001,8.790000000000001,47.3044269813339,1.0296285213186596,61.77771127911957,3706.6626767471744,12.560731274003468,0.5461187510436291,8.355542255823915,0.3632844459053876,8.0,0.5558941931444079,0.5910782461529954,0.3229488152426102,0.32410972398703247,0.33447151928778385,0.3229488152426102,0.8389317271907636,10.410110816503638,0.032648928103341746
13.8,8.8,47.41673777197321,1.0299537998833062,61.79722799299837,3707.8336795799023,12.533425229794462,0.544931531730194,8.359445598599674,0.3634541564608554,8.0,0.554894193144408,0.5904507462636988,0.31928945436685696,0.32045696207856667,0.3307860566036257,0.31928945436685696,0.8380411013398447,10.41849568064629,0.032406619689872684
13.81,8.81,47.53027026464876,1.030276653712457,61.81659922274742,3708.9959533648453,12.50604793422547,0.5437412145315421,8.363319844549483,0.3636226019369341,8.0,0.553894193144408,0.5898159475311151,0.31564767561327034,0.316820211323821,0.3271180249715493,0.31564767561327034,0.8371401160631727,10.426871586733304,0.03216398404433107
13.82,8.82,47.6450153118598,1.0305970795641928,61.83582477385157,3710.1494864310944,12.478599904604323,0.5425478219393184,8.367164954770313,0.36378978064218753,8.0,0.552894193144408,0.5891740239008915,0.3120235656257059,0.3132025574547683,0.32346751506076477,0.3120235656257059,0.8362290182460341,10.43523843240485,0.031921025803129055
13.83,8.83,47.76096375434052,1.0309150742285196,61.85490445371117,3711.2942672226704,12.451081639202357,0.5413513756174938,8.370980890742235,0.36395569090183627,8.0,0.551894193144408,0.5885251438948516,0.30841721075198303,0.3096028177158802,0.31983461334513447,0.30841721075198303,0.8353080470755511,10.443596117731458,0.03167774837439197
13.84,8.84,47.87810642094606,1.0312306345316806,61.873838071900835,3712.43028431405,12.423493611711313,0.5401518961613615,8.374767614380168,0.3641203310600073,8.0,0.550894193144408,0.5878694706973797,0.30482869700167414,0.3060195786641299,0.3162194050208853,0.30482869700167414,0.8343774341632881,10.451944545137652,0.031434156089531484
13.85,8.85,47.9964341282063,1.0315437573503101,61.89262544101861,3713.5575264611166,12.395836252987994,0.5389494023038259,8.378525088203721,0.3642836994871183,8.0,0.5498941931444081,0.5872071622358401,0.3012581099074611,0.3024551363212611,0.31262197843799616,0.3012581099074611,0.8334374036593932,10.460283619326765,0.03119025291362476
13.86,8.86,48.11593768119482,1.0318544395899532,61.91126637539719,3714.6759825238314,12.368109978912138,0.5377439121266148,8.382253275079439,0.36444579456867127,8.0,0.5488941931444081,0.5865383715183144,0.2977055347355004,0.29890896738242523,0.3090424191769218,0.2977055347355004,0.8324881727319574,10.46861324720872,0.030946041685126602
13.870000000000001,8.870000000000001,48.236607873611916,1.0321626781840127,61.92976069104076,3715.7856414624457,12.340315191784027,0.5365354431210446,8.385952138208154,0.36460661470470235,8.0,0.5478941931444079,0.5858632467461621,0.2941710564957402,0.29537974855219684,0.3054808108389416,0.2941710564957402,0.8315299517267736,10.476933337831015,0.03070152611752519
13.88,8.88,48.35843548717131,1.0324684701123037,61.94810820673822,3716.886492404293,12.312452256371333,0.5353240111465797,8.389621641347645,0.36476615831946285,8.0,0.546894193144408,0.5851819313437052,0.29065475976017874,0.2918693319089845,0.3019372409976189,0.29065475976017874,0.8305629442094695,10.485243802310697,0.03045670986067961
13.89,8.89,48.48141129241695,1.0327718123812264,61.966308742873586,3717.978524572415,12.284521525628188,0.5341096315490517,8.393261748574716,0.3649244238510746,8.0,0.545894193144408,0.584494564280197,0.28715672885701865,0.2883778470397912,0.29841179505220605,0.28715672885701865,0.8295873474224855,10.493544553768857,0.030211595178549544
13.9,8.9,48.60552604905521,1.0330727020158748,61.98436212095248,3719.061727257149,12.256523350940165,0.5328923196060942,8.396872424190498,0.36508140974741293,8.0,0.544894193144408,0.5838012802139037,0.283677047947964,0.2849034522138814,0.29490455458530374,0.283677047947964,0.8286033524895731,10.501835507268417,0.029966184956940367
13.91,8.91,48.73077050527242,1.0333711360803652,62.00226816482191,3720.136089889315,12.228458055871513,0.531672089385718,8.400453632964382,0.36523711447671225,8.0,0.543894193144408,0.5831022094972516,0.2802158008290997,0.28144731855504596,0.2914156050859219,0.2802158008290997,0.8276111444231006,10.51011657975298,0.029720482856632202
13.92,8.92,48.85713539799351,1.0336671116730074,62.02002670038044,3721.2016020228266,12.200325942471267,0.5304489540204899,8.40400534007609,0.36539153652504736,8.0,0.542894193144408,0.582397478365952,0.2767730709781436,0.2780111415835755,0.2879450332262477,0.2767730709781436,0.8266109023924826,10.518387689987058,0.029474491285199633
13.93,8.93,48.98461145369749,1.0339606259060692,62.03763755436415,3722.258253261849,12.172127317508137,0.5292229268481798,8.40752751087283,0.3655446743857752,8.0,0.541894193144408,0.5816872092062966,0.27334894175261143,0.2745933697351116,0.28449292090111816,0.27334894175261143,0.8256028001035585,10.526648758499539,0.029228212020719013
13.94,8.94,49.11318938817249,1.0342516759134217,62.0551005548053,3723.306033288318,12.143862482605726,0.5279940209828576,8.411020110961061,0.3656965265635244,8.0,0.5408941931444081,0.580971520577819,0.2699434963149384,0.27119218542075246,0.2810593490129628,0.2699434963149384,0.8245870058307574,10.53489970752921,0.02898164822551763
13.950000000000001,8.950000000000001,49.24285990586328,1.0345402588705794,62.072415532234764,3724.3449319340857,12.115531708376405,0.5267622481902785,8.414483106446953,0.3658470915846501,8.0,0.5398941931444079,0.5802505272461802,0.26655681743615256,0.26781109116137003,0.27764440422595177,0.26655681743615256,0.8235636824637727,10.543140460970683,0.028734802879235133
13.96,8.96,49.37361370082434,1.0348263719710065,62.08958231826039,3725.3749390956236,12.087135265134286,0.5255276202232299,8.417916463652077,0.3659963679848729,8.0,0.5388941931444079,0.5795243404668281,0.2631889877278854,0.2644502675864609,0.2742481700069267,0.2631889877278854,0.8225329879101665,10.551370944322553,0.0284876775613796
13.97,8.97,49.505441456920096,1.0351100124218071,62.10660074530843,3726.3960447185054,12.058673428498969,0.5242901490651726,8.421320149061685,0.3661443543070298,8.0,0.5378941931444079,0.5787930680852127,0.259840089684572,0.2611061534196607,0.2708707263398624,0.259840089684572,0.8214950752376086,10.559591084638292,0.028240274578195113
13.98,8.98,49.638333847201494,1.0353911774625704,62.123470647754225,3727.4082388652537,12.030146455066578,0.52304984587246,8.424694129550844,0.3662910491109062,8.0,0.5368941931444079,0.5780568145427992,0.2565102054988393,0.25778104219191245,0.26751215698606945,0.2565102054988393,0.82045009268241,10.567800810477893,0.027992596801517777
13.99,8.99,49.772281534265154,1.0356698643578375,62.14019186147025,3728.411511688215,12.001554592211154,0.5218067214004849,8.42803837229405,0.36643645096930655,8.0,0.535894193144408,0.5773156810491691,0.25319941713521155,0.25447652684053074,0.26417254560296555,0.25319941713521155,0.8193981838937906,10.576000051860774,0.02774464612835459
14.0,9.0,49.90727517075111,1.0359460703851373,62.15676422310824,3729.4058533864945,11.972898093603114,0.5205607866783963,8.431352844621648,0.36658055846181076,8.0,0.534894193144408,0.5765697657435807,0.2499078064472757,0.25119000380544115,0.2608519727214589,0.2499078064472757,0.8183394881631862,10.584188740221059,0.027496424515334184
14.01,9.01,50.043305398916914,1.036219792848144,62.17318757088864,3730.3912542533185,11.94417720222829,0.5193120522707952,8.434637514177728,0.36672337018164036,8.0,0.533894193144408,0.5758191637074183,0.24663545504875956,0.24792246860505465,0.25755052058584277,0.24663545504875956,0.8172741404419175,10.592366808364083,0.027247934529569307
14.02,9.02,50.18036285075566,1.0364910290757288,62.18946174454373,3731.367704672624,11.915392151669876,0.5180605283334729,8.437892348908745,0.3668648847351628,8.0,0.532894193144408,0.5750639670885397,0.24338244432274314,0.2446751480556592,0.254268272088019,0.24338244432274314,0.8162022715176795,10.60053419042388,0.026999178069928575
14.030000000000001,9.030000000000001,50.318438148514176,1.0367597764095426,62.20558658457256,3732.3351950743536,11.88654318221395,0.51680622531365,8.44111731691451,0.3670051007354135,8.0,0.5318941931444079,0.5743042652586205,0.2401488555432424,0.241446561823651,0.25100530738265275,0.2401488555432424,0.8151240082378649,10.608690821822659,0.026750156996278918
14.040000000000001,9.040000000000001,50.45752190432116,1.0370260322156544,62.22156193293926,3733.2937159763555,11.857630525831913,0.5155491532970398,8.444312386587853,0.36714401680816755,8.0,0.5308941931444079,0.5735401448266034,0.23693476976116917,0.23823727059837102,0.2477617080381213,0.23693476976116917,0.8140394735286515,10.616836639231492,0.02650087380967392
14.05,9.05,50.597604720226784,1.0372897938857362,62.237387633144166,3734.24325798865,11.828654404703482,0.5142893219436296,8.447477526628834,0.367281631592558,8.0,0.5298941931444079,0.5727716897397589,0.23374026779262325,0.23504822906122114,0.2445375567245795,0.23374026779262325,0.8129487865384418,10.624971580531827,0.026251330348785018
14.06,9.06,50.7386771888003,1.03755105882263,62.2530635293578,3735.183811761468,11.799615049927528,0.5130267413011969,8.45061270587156,0.3674179437335461,8.0,0.5288941931444079,0.5719989814463075,0.23056543036021687,0.23187846094908093,0.24133293292532365,0.23056543036021687,0.8118520628686757,10.633095584778863,0.026001528165508603
14.07,9.07,50.88072989286107,1.0378098244490463,62.26858946694278,3736.1153680165667,11.77051269030615,0.5117614213176587,8.453717893388557,0.367552951886459,8.0,0.5278941931444079,0.5712220989135053,0.22741033800782134,0.22872775803221737,0.23814791651735345,0.22741033800782134,0.8107494145994999,10.641208592166203,0.02575146982257337
14.08,9.08,51.023753405131124,1.0380660882190815,62.28396529314489,3737.0379175886933,11.74134753749776,0.5104933711955548,8.456793058628978,0.36768665472299905,8.0,0.5268941931444079,0.5704411186596916,0.22427507098766158,0.22559767962029012,0.2349825908448061,0.22427507098766158,0.809640950335254,10.649310543990877,0.025501157468937663
14.09,9.09,51.16773828905386,1.038319847598425,62.2991908559055,3737.95145135433,11.712119811672471,0.5092226005074988,8.4598381711811,0.36781905092091743,8.0,0.525894193144408,0.5696561149559957,0.22115970945408148,0.2224878937595522,0.23183703595976268,0.22115970945408148,0.8085267754907575,10.657401382620007,0.025250592234066005
14.1,9.1,51.312675098846825,1.0385711000637627,62.314266003825765,3738.855960229546,11.682829742303998,0.5079491192306086,8.462853200765153,0.3679501391637023,8.0,0.524894193144408,0.5688671598643927,0.21806433346935894,0.21939662146051067,0.22871132901708852,0.21806433346935894,0.8074069923453242,10.665481051459187,0.024999776247270233
14.11,9.11,51.45855437882521,1.0388198431233704,62.32919058740222,3739.7514352441335,11.653477541588774,0.5066729365908162,8.465838117480445,0.3680799181513237,8.0,0.523894193144408,0.5680743232277912,0.21498902280190546,0.21632558438414112,0.22560555214176653,0.21498902280190546,0.8062817000286921,10.673549494921057,0.024748712142915963
14.120000000000001,9.120000000000001,51.60536666387081,1.0390660743066211,62.34396445839727,3740.637867503836,11.624063418065678,0.5053940616550295,8.468792891679453,0.3682083865947588,8.0,0.5228941931444078,0.5672776728024512,0.21193385702890905,0.21327615316939802,0.22251978706031583,0.21193385702890905,0.8051509947089692,10.681606658394745,0.024497401407650443
14.13,9.13,51.7531024799532,1.0393097911515234,62.358587469091404,3741.5152481454843,11.594587592771749,0.5041125040335543,8.471717493818282,0.3683355432094905,8.0,0.5218941931444078,0.5664772743805125,0.2088989156583274,0.21024628222067243,0.21945411146733185,0.2088989156583274,0.804014969766539,10.689652488217122,0.024245845418860767
14.14,9.14,51.901752343798556,1.0395509912149983,62.3730594728999,3742.383568373994,11.565050285980751,0.502828273303511,8.47461189457998,0.36846138672086864,8.0,0.5208941931444079,0.5656731917892363,0.2058842780281706,0.2072351370854298,0.21640860367412063,0.2058842780281706,0.8028737157929849,10.69768693164492,0.02399404662401139
14.15,9.15,52.051306762569396,1.0397896720840036,62.38738032504022,3743.242819502413,11.5354517028705,0.5015413783856739,8.477476065008045,0.36858591586991496,8.0,0.5198941931444079,0.5648654869230504,0.20289002319739724,0.20424576989582652,0.21338334553686877,0.20289002319739724,0.8017273206365739,10.705709936827068,0.02374200712373664
14.16,9.16,52.20175623460655,1.040025831357473,62.40154988144838,3744.0929928869027,11.505792056926943,0.500251828562041,8.480309976289677,0.368709129403899,8.0,0.5188941931444079,0.5640542198939842,0.19991623012271392,0.20127734083373855,0.21037841590956363,0.19991623012271392,0.8005758696157708,10.71372145277833,0.023489728222436668
14.17,9.17,52.35309124939234,1.0402594666484524,62.41556799890714,3744.9340799344286,11.476071567205643,0.4989596333567672,8.48311359978143,0.36883102607745344,8.0,0.5178941931444079,0.5632394490602866,0.19696297763759307,0.19832775834057204,0.20739389224651683,0.19696297763759307,0.799419445559857,10.721721429354208,0.02323721200760076
14.18,9.18,52.50530228713717,1.040490575597625,62.4294345358575,3745.7660721514503,11.446290440891495,0.4976648017778911,8.485886907171501,0.3689516046596305,8.0,0.5168941931444079,0.5624212310374389,0.19403034431965122,0.19539952181063056,0.20442985493360277,0.19403034431965122,0.7982581288245622,10.72970981722613,0.022984460617358593
14.19,9.19,52.658379819317375,1.0407191558607995,62.443149351647975,3746.5889610988784,11.416448889524418,0.4963673430228008,8.488629870329595,0.36907086392737365,8.0,0.515894193144408,0.5615996208151182,0.19111840861308843,0.192492347600393,0.20148638264447238,0.19111840861308843,0.7970919974580718,10.737686567857542,0.022731475521609923
14.200000000000001,9.200000000000001,52.81231430875709,1.0409452051080572,62.45671230648343,3747.402738389006,11.386547130131095,0.49506726652743893,8.491342461296686,0.36918880266507326,8.0,0.5148941931444079,0.5607746718020613,0.1882272488369624,0.18960504510555234,0.19856355276306548,0.1882272488369624,0.795921127264705,10.745651633481158,0.022478258743497292
14.21,9.21,52.967096209265826,1.0411687210356695,62.47012326214017,3748.20739572841,11.35658536985903,0.49376458129821865,8.494024652428035,0.3693054196707841,8.0,0.5138941931444079,0.5599464358326318,0.18535694306831696,0.1867390117854059,0.19566144491712634,0.18535694306831696,0.7947455918142341,10.753604967076553,0.022224812362495072
14.22,9.22,53.12271596611886,1.041389701355307,62.483382081318425,3749.0029248791056,11.326563819976979,0.4924592965207383,8.496676416263686,0.36942071375059504,8.0,0.5128941931444079,0.5591149632728734,0.18250756924773998,0.1838941216123177,0.1927801372814234,0.18250756924773998,0.7935654625924097,10.761546522348587,0.02197113780692206
14.23,9.23,53.27916401618766,1.0416081437918079,62.49648862750847,3749.789317650508,11.296482698787145,0.49115142168639764,8.499297725501695,0.36953468371746495,8.0,0.5118941931444079,0.5582803030650002,0.17967920520114972,0.18106952878750332,0.18991970637253786,0.17967920520114972,0.7923808090641065,10.76947625370687,0.02171723711333584
14.24,9.24,53.43643078748309,1.0418240460975738,62.50944276585443,3750.566565951266,11.266342213055033,0.48984096578500147,8.501888553170886,0.36964732839873415,8.0,0.5108941931444079,0.5574425027191563,0.17687192849863564,0.17826628789068438,0.18708023160669618,0.17687192849863564,0.791191698661627,10.777394116245498,0.021463112518361527
14.25,9.25,53.594506699629406,1.042037406042175,62.52224436253051,3751.3346617518305,11.236142571497265,0.4885279378911855,8.504448872506101,0.3697586466307,8.0,0.5098941931444079,0.5566016084142312,0.17408581655611383,0.17548465168886862,0.18426179135390608,0.17408581655611383,0.789998196927792,10.785300065723444,0.021208765387548567
14.26,9.26,53.75338216417069,1.0422482214053248,62.53489328431949,3752.093597059169,11.205883993893721,0.48721234756059656,8.506978656863897,0.369868637254952,8.0,0.508894193144408,0.5557576650569315,0.1713209467040573,0.17272357026193133,0.18146446098401692,0.1713209467040573,0.7888003675997822,10.793194058546081,0.020954197401387376
14.27,9.27,53.91304758414699,1.042456489990203,62.547389399412175,3752.8433639647305,11.17556669389673,0.48589420408246653,8.509477879882436,0.3699772991253233,8.0,0.507894193144408,0.5549107162724141,0.16857739605686484,0.1699834221233545,0.17868831808045704,0.16857739605686484,0.7875982725958437,10.80107605174706,0.020699411048333616
14.280000000000001,9.280000000000001,54.073493354072944,1.0426622096262916,62.5597325775775,3753.58395465465,11.145190875410995,0.4845735163222171,8.5119465155155,0.37008463110936957,8.0,0.5068941931444079,0.5540608044417316,0.1658552414849076,0.1672655881292712,0.1759334422015345,0.1658552414849076,0.7863919720684347,10.808946002970382,0.020444408156897964
14.290000000000001,9.290000000000001,54.23470986061264,1.042865378153341,62.57192268920046,3754.3153613520276,11.114756753367816,0.4832502936246877,8.514384537840092,0.370190632080004,8.0,0.5058941931444079,0.5532079708107674,0.16315455977142374,0.16456942396587534,0.17319990953462783,0.16315455977142374,0.7851815245588407,10.816803870453517,0.020189189906545835
14.3,9.3,54.396687482496155,1.0430659934244224,62.583959605465346,3755.0375763279208,11.084264549792632,0.48192454564315795,8.51679192109307,0.37029530091709,8.0,0.5048941931444079,0.5523522554958139,0.16047542758255556,0.16189345838140143,0.17048779455657026,0.16047542758255556,0.7839669870050906,10.824649613011337,0.01993375843979095
14.31,9.31,54.55941659002193,1.043264053322137,62.595843199328215,3755.750591959693,11.053714472904899,0.4805962814306478,8.519168639865644,0.37039863651589755,8.0,0.5038941931444079,0.5514936974781314,0.15781792130838002,0.15923955498670717,0.16779717596575405,0.15781792130838002,0.7827484147342352,10.832483190020033,0.019678116017779246
14.32,9.32,54.72288754564094,1.0434595557447781,62.607573344686685,3756.454400681201,11.023106735044564,0.4792655102193289,8.521514668937337,0.37050063777988423,8.0,0.5028941931444079,0.5506323346912007,0.15518211719827463,0.15660785748120318,0.1651281305778196,0.15518211719827463,0.7815258615861861,10.840304561401636,0.019422264097144648
14.33,9.33,54.88709070409229,1.0436524986040798,62.61914991624479,3757.1489949746874,10.99244155560929,0.47793224154823,8.523829983248959,0.37060130361951993,8.0,0.501894193144408,0.5497682040570884,0.1525680913828807,0.15399711239782135,0.1624807335577948,0.1525680913828807,0.7802993799653305,10.848113687609393,0.019166204580884028
14.34,9.34,55.05201641206718,1.0438428798363957,62.63057279018374,3757.8343674110247,10.961719146644299,0.4765964846367087,8.526114558036749,0.3707006329581195,8.0,0.500894193144408,0.5489013414822818,0.14997591976441815,0.15140843091865197,0.15985506195651356,0.14997591976441815,0.7790690208346185,10.855910529613393,0.01890993958308229
14.35,9.35,55.21765500854991,1.0440306973957414,62.64184184374449,3758.510510624669,10.930939721876156,0.47525824877722417,8.528368368748897,0.3707986247282129,8.0,0.499894193144408,0.5480317819217493,0.14740567808464877,0.14884195155142838,0.1572511920564258,0.14740567808464877,0.777834833806487,10.863695048886598,0.01865347065015044
14.36,9.36,55.38399682503304,1.0442159492493988,62.652956954963926,3759.1774172978357,10.900103502424468,0.47391754358367255,8.530591390992786,0.3708952778692515,8.0,0.498894193144408,0.5471595594194646,0.14485744196782552,0.14629691801051872,0.1546691984409727,0.14485744196782552,0.7765968672003755,10.871467207391632,0.018396799699246458
14.370000000000001,9.370000000000001,55.55103218515332,1.0443986333897262,62.66391800338357,3759.8350802030145,10.869210701569516,0.4725743783291094,8.532783600676714,0.37099059133377016,8.0,0.49789419314440786,0.5462847070982026,0.14233128680483165,0.14377406780533158,0.15210915774505185,0.14233128680483165,0.775355168028244,10.879226967567776,0.018139928947213946
14.38,9.38,55.718751404997214,1.044578747828343,62.67472486970058,3760.4834921820348,10.83826153231531,0.47122876227457866,8.534944973940117,0.3710845640843529,8.0,0.4968941931444079,0.5454072572171583,0.13982728780992776,0.14127373191990586,0.14957114626560974,0.13982728780992776,0.7741097820763521,10.8869742923183,0.017882859927489392
14.39,9.39,55.88714479344544,1.044756290588276,62.68537743529655,3761.122646117793,10.807256217565616,0.46988070511154856,8.537075487059312,0.3711771950895353,8.0,0.4958941931444079,0.5445272412217776,0.137345520097561,0.13879517663060967,0.14705523771027817,0.137345520097561,0.772860753975986,10.894709144998561,0.01762559427400845
14.4,9.4,56.05620265187267,1.0449312597138232,62.69587558282939,3761.7525349697635,10.776194977406986,0.46853021640899944,8.539175116565879,0.37126848332895124,8.0,0.4948941931444079,0.5436446897362227,0.1348860585855865,0.13633851772567737,0.14456150702901327,0.1348860585855865,0.7716081271927635,10.902431489404405,0.017368134389201373
14.41,9.41,56.22591527402808,1.04510365327606,62.7062191965636,3762.3731517938163,10.745078022032633,0.4671773053057666,8.54124383931272,0.3713584277962052,8.0,0.49389419314440797,0.542759632576033,0.13244897794112576,0.1339048988405819,0.14209003134407672,0.13244897794112576,0.7703519440446049,10.910141289760592,0.017110482213247735
14.42,9.42,56.39627294666966,1.045273469358088,62.71640816148528,3762.984489689117,10.71390557084876,0.46582198134125047,8.543281632297056,0.37144702749117636,8.0,0.49289419314440797,0.5418720988294382,0.13003435272483244,0.13149398894820327,0.13964088500922367,0.13003435272483244,0.769092245817142,10.9178385107099,0.01685263900826328
14.43,9.43,56.5672659495479,1.0454407060562252,62.72644236337351,3763.5865418024105,10.682677850949695,0.4644642543891172,8.545288472674702,0.3715342814206392,8.0,0.49189419314440797,0.5409821168639232,0.12764225737917173,0.12910455769316473,0.1372141404577515,0.12764225737917173,0.7678290727730356,10.925523117302852,0.016594606832974534
14.44,9.44,56.73888455496099,1.0456053614947476,62.73632168968486,3764.1793013810916,10.651395078111584,0.46310413383093846,8.547264337936971,0.37162018860595525,8.0,0.49089419314440796,0.5400897143134418,0.12527276608376664,0.1267379282034654,0.13480987370072006,0.12527276608376664,0.7665624641338284,10.933195074987387,0.016336387968706845
14.450000000000001,9.450000000000001,56.91111902821273,1.0457674338155993,62.74604602893596,3764.7627617361572,10.620057470128085,0.4617416291360037,8.549209205787193,0.37170474807770404,8.0,0.48989419314440785,0.5391949181355078,0.12292595285598112,0.1243944531579517,0.1324281595305724,0.12292595285598112,0.7652924581609754,10.940854349598862,0.016077983986747313
14.46,9.46,57.08395962781174,1.0459269211744824,62.755615270468944,3765.3369162281365,10.5886652518868,0.4603767500820348,8.55112305409379,0.371787958873643,8.0,0.48889419314440785,0.5382977546426551,0.12060189158909013,0.12207309539036616,0.13006907104916066,0.12060189158909013,0.7640190922004954,10.948500907350668,0.015819396740020863
14.47,9.47,57.257396605192774,1.0460838217503998,62.76502930502399,3765.9017583014393,10.557218643070264,0.4590095062204463,8.553005861004799,0.3718698200436869,8.0,0.48789419314440785,0.5373982494944582,0.1183006559585959,0.1197746163415356,0.12773268275585292,0.1183006559585959,0.7627424026716467,10.95613471482503,0.015560628364482909
14.48,9.48,57.43142020494772,1.046238133741772,62.774288024506326,3766.4572814703797,10.525717863213403,0.4576399070962349,8.554857604901265,0.3719503306478811,8.0,0.4868941931444079,0.5364964277353838,0.11602231946003289,0.11749931096699306,0.12541906886474508,0.11602231946003289,0.7614624251206495,10.963755738963991,0.015301680524274275
14.49,9.49,57.60602066508748,1.0463898553608852,62.78339132165311,3767.003479299187,10.494163138904165,0.4562679625610507,8.556678264330623,0.37202948975350536,8.0,0.4858941931444079,0.5355923138294816,0.11376695546320759,0.11524654962722136,0.12312830195283042,0.11376695546320759,0.760179194269925,10.971363947060944,0.015042555069037178
14.5,9.5,57.78118821676889,1.0465389848431528,62.79233909058917,3767.54034543535,10.462554691842325,0.4548936822540141,8.558467818117833,0.3721072964399058,8.0,0.48489419314440796,0.5346859316507289,0.11153463712127659,0.1130168059525848,0.1208604559378127,0.11153463712127659,0.7588927440043892,10.978959306752316,0.014783254216709452
14.51,9.51,57.95691308445587,1.0466855204452195,62.80113122671317,3768.06787360279,10.430892741332068,0.4535170757100899,8.560226245342633,0.3721837497975058,8.0,0.48389419314440796,0.5337773045125515,0.10932543738906109,0.11081049592846513,0.11861560497292667,0.10932543738906109,0.7576031074133545,10.986541786009404,0.014523779672245496
14.52,9.52,58.133185486291936,1.0468294604365977,62.809767626195864,3768.586057571752,10.399177515113701,0.4521381528310305,8.561953525239172,0.37225884892344224,8.0,0.482894193144408,0.5328664552104847,0.10713942910480623,0.10862711386309806,0.11639382102384366,0.10713942910480623,0.7563103168510782,10.994111353130727,0.014264133037144688
14.530000000000001,9.530000000000001,58.309995633925446,1.0469708031059624,62.81824818635774,3769.0948911814644,10.367409241255423,0.45075692353284447,8.56364963727155,0.37233259292484994,8.0,0.48189419314440785,0.5319534060180647,0.1049766849283601,0.10646653163510793,0.11419517636634768,0.1049766849283601,0.755014403930932,11.001667976734637,0.014004316621281987
14.540000000000001,9.540000000000001,58.48733373230339,1.0471095467690235,62.82657280614141,3769.5943683684845,10.335588138016533,0.44937339730506665,8.56531456122828,0.3724049809229687,8.0,0.48089419314440784,0.5310381786832825,0.10283727726379283,0.10432975317511067,0.11201974551628069,0.10283727726379283,0.7537153995203683,11.009211625751893,0.013744332488762723
14.55,9.55,58.66518998023911,1.0472456897557376,62.83474138534426,3770.0844831206555,10.30371443040894,0.4479875839308235,8.566948277068851,0.3724760120464718,8.0,0.4798941931444079,0.5301207944884455,0.1007212783844062,0.10221668383007863,0.10986760094006764,0.1007212783844062,0.7524133338258834,11.016742269418625,0.013484182035114145
14.56,9.56,58.84355457046371,1.0473792304097258,62.842753824583546,3770.565229475013,10.271788350962797,0.4465994935201216,8.56855076491671,0.3725456854311613,8.0,0.4788941931444079,0.5292012742592124,0.09862876043835206,0.1001262906893403,0.10773881319595502,0.09862876043835206,0.751108236405841,11.024259877269783,0.013223867232824205
14.57,9.57,59.02241768927177,1.0475101671003941,62.850610026023645,3771.0366015614186,10.2398101241028,0.4452091358305565,8.57012200520473,0.3726140002262926,8.0,0.4778941931444079,0.5282796383502188,0.09655979532962328,0.09805946302285336,0.10563345542480129,0.09655979532962328,0.7498001361500708,11.031764419132562,0.012963390352389581
14.58,9.58,59.201769516833046,1.0476384982167735,62.85830989300641,3771.4985935803843,10.207779974142488,0.4438165206148908,8.57166197860128,0.37268095559136,8.0,0.47689419314440795,0.5273559066793542,0.09451445477813836,0.09601668168096285,0.10355160024337573,0.09451445477813836,0.7484890613285171,11.039255865119955,0.012702753102068698
14.59,9.59,59.38160022743818,1.0477642221624355,62.86585332974613,3771.9511997847676,10.175698131872434,0.4424216579074971,8.573170665949226,0.3727465506934446,8.0,0.47589419314440795,0.5264300987554208,0.09249281036938406,0.09399714133162437,0.1014933187012087,0.09249281036938406,0.7471750396304977,11.04673418562475,0.012441957309405893
14.6,9.6,59.56189998929271,1.0478873373629616,62.873240241777694,3772.3944145066616,10.143564824940949,0.4410245576061282,8.574648048355538,0.37281078471111034,8.0,0.474894193144408,0.5255022336700583,0.09049493348102905,0.09200130835608966,0.09945868271150526,0.09049493348102905,0.7458580981532408,11.054199351313668,0.012181005110051046
14.61,9.61,59.74265896465554,1.0480078422646364,62.88047053587818,3772.828232152691,10.111380279574533,0.43962522954671884,8.576094107175637,0.3728736568337233,8.0,0.473894193144408,0.5245723301180909,0.08852089529544127,0.0900295532917784,0.09744776423594981,0.08852089529544127,0.7445382634307649,11.061651333121588,0.011919898284602937
14.620000000000001,9.620000000000001,59.92386731011465,1.0481257353286537,62.88754411971922,3773.2526471831534,10.079144728086938,0.4382236838298669,8.577508823943845,0.37293516625842804,8.0,0.4728941931444079,0.5236404064263498,0.08657076685627113,0.08808140497796654,0.0954606338223215,0.08657076685627113,0.7432155614747873,11.069090102246117,0.01165863865880823
14.63,9.63,60.105515176405525,1.0482410150378125,62.894460902268754,3773.6676541361253,10.046858400253791,0.436819930445817,8.57889218045375,0.3729953121936413,8.0,0.4718941931444079,0.5227064805461267,0.0846446190026433,0.08615713124001592,0.09349736274210196,0.0846446190026433,0.7418900177640128,11.07651563014231,0.011397228426496042
14.64,9.64,60.28759270847751,1.0483536798971835,62.901220793831015,3774.073247629861,10.014521522485309,0.4354139792384917,8.580244158766202,0.3730540938594001,8.0,0.47089419314440795,0.521770570066171,0.08274252236233176,0.08425715420303273,0.09155802276283787,0.08274252236233176,0.7405616572625812,11.083927888517444,0.01113566942454014
14.65,9.65,60.47009004585387,1.0484637284263032,62.907823705578195,3774.469422334692,9.982134327934913,0.43400584034499623,8.581564741115638,0.3731115104832886,8.0,0.46989419314440795,0.5208326922472059,0.08086454742801824,0.08238115585996585,0.08964268393361541,0.08086454742801824,0.7392305044690562,11.091326849326101,0.010873963287281185
14.66,9.66,60.652997322545545,1.0485711591629292,62.91426954977575,3774.856172986545,9.949697051667668,0.4325955239855508,8.582853909955151,0.37316756130239787,8.0,0.46889419314440794,0.5198928640201175,0.07901076452033534,0.08052891532158844,0.08775141609466897,0.07901076452033534,0.7378965834138568,11.098712484765516,0.010612112242114335
14.67,9.67,60.83630466683828,1.0486759706711455,62.92055824026873,3775.233494416124,9.917209920222808,0.43118304000968727,8.584111648053746,0.3732222455675542,8.0,0.46789419314440794,0.5189511019762288,0.07718124370816964,0.0787012424964706,0.08588429100560391,0.07718124370816964,0.7365599176454507,11.106084767270811,0.01035011841289446
14.68,9.68,61.02000220176597,1.048778161531187,62.926689691871225,3775.6013815122733,9.884673164789152,0.4297683984690936,8.585337938374245,0.37327556253801064,8.0,0.466894193144408,0.5180074224098663,0.07537605490803795,0.07689817852094084,0.08404137898655517,0.07537605490803795,0.7352205302907717,11.113443669510492,0.010087983337676576
14.69,9.69,61.20408004520178,1.048877730337899,62.932663820273945,3775.9598292164364,9.852087023207321,0.4283516097046662,8.58653276405479,0.373327511480643,8.0,0.465894193144408,0.5170618413280522,0.07359526789907928,0.07511893222815949,0.08222274869267765,0.07359526789907928,0.7338784440689758,11.12078916438229,0.009825708945932377
14.700000000000001,9.700000000000001,61.388528309599565,1.0489746757101057,62.93848054260634,3776.3088325563804,9.819451727900448,0.42693268382175864,8.587696108521268,0.3733780916748377,8.0,0.46489419314440783,0.5161143744373262,0.07183895223097553,0.0733640623533891,0.0804284704778585,0.07183895223097553,0.7325336812727367,11.128121225008998,0.009563297477775734
14.71,9.71,61.57333710219946,1.0490689962874546,62.94413977724728,3776.6483866348367,9.786767509978064,0.4255116308686115,8.588827955449457,0.37342730241084593,8.0,0.4638941931444079,0.5151650371633308,0.07010717725456173,0.07163407075744013,0.07865861458389045,0.07010717725456173,0.7311862637960438,11.135439824734341,0.00930075075364556
14.72,9.72,61.75849652528266,1.0491606907251787,62.94964144351072,3776.9784866106434,9.75403460602236,0.42408846113140697,8.589928288702144,0.3734751429870497,8.0,0.4628941931444079,0.5142138446740631,0.06840001217295866,0.06992837840796033,0.0769132499296078,0.06840001217295866,0.7298362131672042,11.142744937119158,0.009038070605875248
14.73,9.73,61.94399667603564,1.049249757699572,62.954985461974324,3777.2991277184597,9.721253251038199,0.42266318482774784,8.590997092394865,0.3735216127128202,8.0,0.4618941931444079,0.5132608118730312,0.06671752598768926,0.06824724169753126,0.07519244586717488,0.06671752598768926,0.7284835505391294,11.150036535937689,0.008775259156848847
14.74,9.74,62.12982764662999,1.0493361959083156,62.96017175449894,3777.6103052699364,9.688423678061495,0.42123581208963023,8.592034350899787,0.3735667109086864,8.0,0.46089419314440794,0.5123059534089336,0.0650597874951726,0.06659104054495762,0.07349627193778008,0.0650597874951726,0.7271282967030734,11.157314595173899,0.008512318280629927
14.75,9.75,62.31597952448456,1.0494200040651847,62.96520024391108,3777.9120146346645,9.655546125016143,0.41980635326157145,8.593040048782216,0.3736104369035746,8.0,0.45989419314440794,0.5113492836988311,0.0634268653383645,0.06495944959077975,0.07182479656043517,0.0634268653383645,0.7257704721215211,11.164579089018021,0.008249249811377979
14.76,9.76,62.502442392162216,1.0495011809045431,62.97007085427259,3778.2042512563557,9.622620828929172,0.4183748186490944,8.594014170854518,0.37365279003715296,8.0,0.45889419314440794,0.5103908169228274,0.061818827962502654,0.0633525993392029,0.0701780884282227,0.061818827962502654,0.7244100969206384,11.171829991863232,0.00798605590865975
14.77,9.77,62.68920632738601,1.0495797251833578,62.97478351100147,3778.4870106600883,9.589648023357492,0.4169412184068475,8.594956702200294,0.37369376966088236,8.0,0.457894193144408,0.5094305670277607,0.060235743595046964,0.06177087947062101,0.06855621675104784,0.060235743595046964,0.723047190895512,11.179067278302313,0.007722738503034066
14.780000000000001,9.780000000000001,62.87626140336162,1.0496556356746038,62.97933814047623,3778.760288428574,9.556627946928348,0.41550556290992813,8.595867628095245,0.3737333751345759,8.0,0.4568941931444078,0.5084685477542351,0.05867768031003673,0.06021410915483286,0.06695924948471499,0.05867768031003673,0.7216817735485155,11.186290923124535,0.00745929929506417
14.790000000000001,9.790000000000001,63.06359768875139,1.0497289111692591,62.98373467015555,3779.024080209333,9.523560840778241,0.4140678626425323,8.59674693403111,0.37377160582743957,8.0,0.4558941931444078,0.5075047726363372,0.05714470600838112,0.0586820524381941,0.06538725414307123,0.05714470600838112,0.7203138640889067,11.193500901312722,0.007195740440401721
14.8,9.8,63.251205247501325,1.049799550483412,62.98797302900471,3779.278381740283,9.490446939400753,0.4126281278000328,8.597594605800943,0.3738084611217801,8.0,0.4548941931444079,0.5065392549904753,0.055636888347887214,0.05717533502813078,0.06384029963686899,0.055636888347887214,0.7189434814169882,11.200697188040252,0.00693206408129754
14.81,9.81,63.439074139210426,1.0498675524508851,62.992053147053106,3779.5231888231865,9.457286480199274,0.41118636870431624,8.598410629410623,0.37384394040915747,8.0,0.4538941931444079,0.5055720079446648,0.05415429481519257,0.05569407022059152,0.06231845394154123,0.05415429481519257,0.7175706441656712,11.207879758668165,0.006668271894625377
14.82,9.82,63.627194419242116,1.0499329159213044,62.995974955278264,3779.758497316696,9.424079705992641,0.4097425959127235,8.599194991055654,0.3738780430893763,8.0,0.45289419314440793,0.5046030444480092,0.05269699274456918,0.054237684586672205,0.060821783737467605,0.05269699274456918,0.7161953707139331,11.215048588742563,0.0064043657967687295
14.83,9.83,63.81555613855727,1.0499956397668204,62.99973838600923,3779.9843031605537,9.39082685635896,0.40829681984169386,8.599947677201845,0.37391076857399325,8.0,0.45189419314440793,0.5036323772597887,0.051265049251749684,0.052806510410703195,0.059350356653703695,0.051265049251749684,0.7148176791713308,11.22220365399199,0.006140347983745187
14.84,9.84,64.00414934384939,1.0500557228809793,63.00334337285876,3780.2006023715253,9.357528169119112,0.40684905083126577,8.60066867457175,0.37394211628572827,8.0,0.450894193144408,0.5026600189596996,0.049858531244649784,0.05140101299086598,0.057904240384700656,0.049858531244649784,0.7134375873925328,11.229344930324809,0.005876220362466711
14.85,9.85,64.19296407778054,1.0501131641740697,63.006789850444186,3780.407391026651,9.324183886362896,0.4053992994070824,8.601357970088838,0.3739720856560364,8.0,0.449894193144408,0.5016859819667818,0.04847750546875079,0.05002080104704937,0.05648350162075544,0.04847750546875079,0.7120551130041848,11.236472393826793,0.00561198479248759
14.86,9.86,64.3819903789082,1.050167962576829,63.01007775460974,3780.6046652765845,9.290794249679882,0.4039475760730384,8.602015550921948,0.3740006761270412,8.0,0.448894193144408,0.5007102785341846,0.04712203847054497,0.04866599873994944,0.05508820717003604,0.04712203847054497,0.7106702733974792,11.243586020758801,0.005347643374449262
14.870000000000001,9.870000000000001,64.5712182817372,1.0502201170415588,63.01320702249353,3780.7924213496117,9.25735949874465,0.40249389124976737,8.602641404498705,0.3740278871521176,8.0,0.4478941931444078,0.4997329207526621,0.04579219658624367,0.04733695599795098,0.053718424008780796,0.04579219658624367,0.7092830857331175,11.250685787554456,0.005083198051202942
14.88,9.88,64.76063781694818,1.050269626537853,63.016177592271184,3780.970655536271,9.223879876849995,0.40103825551521716,8.603235518454238,0.3740537181936625,8.0,0.4468941931444078,0.498753920568634,0.044488045983411106,0.04603346568059987,0.052374218311653786,0.044488045983411106,0.7078935669669435,11.257771670817956,0.004818650689465187
14.89,9.89,64.95023901135669,1.050316490055348,63.01898940332089,3781.139364199253,9.190355627372313,0.39958067945097014,8.603797880664178,0.3740781687245295,8.0,0.44589419314440787,0.4977732897807669,0.04320965263377513,0.04475557922741589,0.05105565624225328,0.04320965263377513,0.7065017338450919,11.264843647322015,0.004554003409850793
14.9,9.9,65.14001188791725,1.05036070660605,63.021642396363006,3781.2985437817806,9.15678699078956,0.3981211735125895,8.604328479272601,0.3741012382292435,8.0,0.44489419314440787,0.49679104003894897,0.04195708229007106,0.04350363285574134,0.04976280431362545,0.04195708229007106,0.7051076029025318,11.271901694005754,0.004289258201438884
14.91,9.91,65.3299464659909,1.050402275219377,63.02413651316262,3781.448190789757,9.123174211101675,0.3966597483087685,8.604827302632522,0.37412292620141396,8.0,0.44389419314440787,0.4958071828647619,0.040730400534338684,0.04227753926488005,0.04849572821772785,0.040730400534338684,0.7037111904921245,11.278945787972727,0.004024416850235468
14.92,9.92,65.52003276135632,1.0504411949430548,63.026471696583286,3781.5883017949973,9.089517534685806,0.39519641455155674,8.605294339316657,0.3741432321442025,8.0,0.4428941931444079,0.49482172965208915,0.039529672768972846,0.04107709289450034,0.04725449319201214,0.039529672768972846,0.702312512785486,11.285975906489115,0.0037594814550487854
14.93,9.93,65.71026078610424,1.0504774648484778,63.02864789090867,3781.7188734545202,9.05581720339772,0.3937311827564226,8.605729578181734,0.3741621555731188,8.0,0.4418941931444079,0.4938346916568982,0.03835496416381795,0.039902760465795745,0.04603916524875862,0.03835496416381795,0.7009115857584843,11.292992026981835,0.0034944541451338296
14.94,9.94,65.90062054890808,1.0505110840259575,63.03066504155745,3781.839902493447,9.022073460727077,0.3922640635098729,8.60613300831149,0.374179696013543,8.0,0.440894193144408,0.4928460800167204,0.037206339702385405,0.03875468445104777,0.04484980984258535,0.037206339702385405,0.6995084252188888,11.299994127036722,0.003229336721901177
14.950000000000001,9.950000000000001,66.09110205513674,1.0505420515829158,63.03252309497495,3781.951385698497,8.988286554140183,0.3907950675713123,8.60650461899499,0.37419585299978214,8.0,0.4398941931444078,0.4918559057592306,0.036083864199402294,0.037632469927739956,0.04368649157205318,0.036083864199402294,0.6981030468185463,11.30698218439691,0.002964131113905921
14.96,9.96,66.28169530676972,1.0505703666482356,63.03422199889413,3782.053319933648,8.954456729482066,0.38932420562965503,8.606844399778826,0.37421062607734024,8.0,0.4388941931444078,0.49086417979383656,0.034987602257865125,0.03653630609997324,0.0425492753981056,0.034987602257865125,0.6966954660414445,11.31395617696121,0.0026988394660278914
14.97,9.97,66.47239030249504,1.0505960283722364,63.035761702334185,3782.145702140051,8.920584231027462,0.3878514883055419,8.607152340466836,0.3742240148029059,8.0,0.43789419314440786,0.4898709129162765,0.03391761826889156,0.03546659515932877,0.041438226321539484,0.03391761826889156,0.6952856982102373,11.320916082782468,0.0024334637458878206
14.98,9.98,66.6631770379058,1.0506190359231533,63.0371421553892,3782.2285293233517,8.886669306042378,0.38637692634966864,8.607428431077839,0.3742360187425147,8.0,0.43689419314440786,0.4888761158235026,0.032873976446010145,0.03442308871599215,0.04035340869655779,0.032873976446010145,0.6938737585073691,11.327861880066056,0.002168005855999411
14.99,9.99,66.85404550547979,1.0506393884893563,63.03836330936138,3782.301798561683,8.852712201929602,0.3849005305186784,8.607672661872275,0.3742466374727076,8.0,0.43589419314440786,0.48787979911001295,0.031856740803148875,0.033405835720250236,0.03929488679152893,0.031856740803148875,0.6924596619698684,11.334793547168442,0.0019024678709129716
15.0,10.0,67.04498569462815,1.0506570852805717,63.0394251168343,3782.365507010058,8.818713164674628,0.38342231150759254,8.60788502336686,0.3742558705811678,8.0,0.4348941931444079,0.48688197326803323,0.030865975142285507,0.032415140258141094,0.03826272489755256,0.030865975142285507,0.6910434234896065,11.341711062595738,0.001636851779750259
15.01,10.01,67.2359875918781,1.0506721255249514,63.040327531497084,3782.419651889825,8.784672442640291,0.38194228011479525,8.608065506299416,0.374263717665192,8.0,0.4338941931444079,0.4858826487011291,0.02990174308191168,0.03145088315851512,0.03725698682602707,0.02990174308191168,0.689625057832617,11.34861440500235,0.0013711594970260421
15.02,10.02,67.42704118087835,1.050684508470512,63.041070508230725,3782.4642304938434,8.750590284723492,0.3804604471618909,8.608214101646144,0.37427017833244103,8.0,0.4328941931444079,0.48488183572230775,0.02896410804268945,0.03051307488086936,0.03627773623160502,0.02896410804268945,0.6882045796364016,11.355503553189694,0.0011053931035647224
15.030000000000001,10.030000000000001,67.61813644241913,1.0506942333870226,63.04165400322135,3782.4992401932814,8.716466937935115,0.37897682338848326,8.608330800644271,0.3742752522019248,8.0,0.4318941931444078,0.4838795445509812,0.028053133228564953,0.0296019957555199,0.035325036822941414,0.028053133228564953,0.6867820034056205,11.362378486104905,0.0008395546194108761
15.040000000000001,10.040000000000001,67.80926335463536,1.0507012995629004,63.04207797377402,3782.5246784264414,8.682302651421965,0.37749141962704197,8.608415594754804,0.3742789389023828,8.0,0.4308941931444078,0.48287578532788444,0.027168881656882582,0.028717619416912688,0.034398951876245976,0.027168881656882582,0.6853573435332654,11.3692391828396,0.0005736459231542312
15.05,10.05,68.0004118930389,1.0507057063054857,63.04234237832914,3782.540542699748,8.648097676121736,0.3760042467879016,8.608468475665827,0.37428123807242725,8.0,0.4298941931444078,0.48187056811623863,0.026311416155531342,0.02785978475710614,0.033499544349347654,0.026311416155531342,0.6839306143023106,11.376085622628777,0.00030766907066492877
15.06,10.06,68.19157203049133,1.0507074529443137,63.04244717665882,3782.546830599529,8.613852260556342,0.37451531567636276,8.608489435331764,0.3742821493622506,8.0,0.42889419314440785,0.48086390289341663,0.025480799330444948,0.027028832873700195,0.03262687732934799,0.025480799330444948,0.6825018298738843,11.382917784849658,4.162615731218011e-05
15.07,10.07,68.38273373738953,1.0507065388286319,63.04239232971791,3782.5435397830747,8.5795666540521,0.3730246371327,8.608478465943582,0.3742816724323296,8.0,0.42789419314440785,0.47985579956333224,0.02467709358959541,0.02622491420262659,0.031781013598590535,0.02467709358959541,0.6810710043048521,11.389735649020551,-0.00022448090833648848
15.08,10.08,68.57388698176376,1.0507029633261469,63.04217779956881,3782.530667974129,8.545241108366806,0.3715322221029046,8.608435559913762,0.37427980695277224,8.0,0.4268941931444079,0.47884626796372326,0.02390036115509897,0.025447768563574207,0.030962015559030887,0.02390036115509897,0.6796381515581543,11.396539194799866,-0.0004906501674639685
15.09,10.09,68.76502172926455,1.0506967258252826,63.041803549516956,3782.508212971017,8.5108758747858,0.3700380815124261,8.60836070990339,0.3742765526044952,8.0,0.4258941931444079,0.47783531786021566,0.02315066404076027,0.024697495202960475,0.030169945540091003,0.02315066404076027,0.6782032854943815,11.403328401985128,-0.0007568795302432818
15.1,10.1,68.95612794324947,1.050687825735542,63.041269544132525,3782.4761726479514,8.476471203672395,0.36854222624662586,8.608253908826505,0.37427190907941327,8.0,0.42489419314440796,0.4768229589475919,0.022428064048099494,0.023974434203434033,0.029404865723679507,0.022428064048099494,0.676766419873574,11.410103250511968,-0.001023166990208324
15.11,10.11,69.14719558492696,1.0506762624854784,63.040575749128706,3782.4345449477223,8.44202734709668,0.36704466726507307,8.60811514982574,0.37426587607938006,8.0,0.42389419314440796,0.47580920086104334,0.021732622786017564,0.023278440211996498,0.028666838020245944,0.021732622786017564,0.6753275683711932,11.416863720453192,-0.0012895105919596972
15.120000000000001,10.120000000000001,69.33821461337853,1.0506620355237029,63.039722131422174,3782.3833278853303,8.407544557544115,0.3655454155453964,8.607944426284433,0.3742584533167145,8.0,0.4228941931444078,0.47479405317396783,0.02106440166064949,0.02260951699546187,0.027955924152333278,0.02106440166064949,0.6738867445749958,11.423609792017924,-0.0015559082896032805
15.13,10.13,69.52917498562306,1.0506451443196865,63.03870865918119,3782.322519550871,8.373023086894513,0.36404448203889184,8.607741731836239,0.37424964051461906,8.0,0.4218941931444078,0.4737775253965373,0.020423461867086934,0.02196792646404838,0.027272185621340372,0.020423461867086934,0.6724439619829995,11.430341445550713,-0.0018223580670380102
15.14,10.14,69.72006665674687,1.050625588362362,63.03753530174173,3782.2521181045036,8.33846318823765,0.3625418777494631,8.607507060348345,0.37423943740644977,8.0,0.42089419314440785,0.4727596269854974,0.0198098644028184,0.021353612413669936,0.026615683757070574,0.0198098644028184,0.6709992340173937,11.437058661530715,-0.0020888579527778006
15.15,10.15,69.9108795799412,1.050603367160631,63.036202029637856,3782.1721217782715,8.303865115227218,0.3610376137055313,8.607240405927572,0.37422784373598134,8.0,0.41989419314440785,0.4717403673435405,0.019223670062516907,0.02076656059409709,0.025986479711283095,0.019223670062516907,0.6695525740236484,11.44376142057092,-0.0023554059048578324
15.16,10.16,70.10160370655815,1.050578480244265,63.0347088146559,3782.082528879354,8.269229120929353,0.3595317009099719,8.60694176293118,0.3742148592578774,8.0,0.41889419314440784,0.47071975581578446,0.0186649394287694,0.02020700585382454,0.025384634300194997,0.0186649394287694,0.6681039952655163,11.450449703417366,-0.0026219998947354384
15.17,10.17,70.29222898624639,1.0505509271627362,63.03305562976418,3781.983337785851,8.23455545934423,0.3580241504062709,8.606611125952835,0.37420048373707976,8.0,0.4178941931444079,0.469697801699984,0.01813373288324044,0.019674962767115462,0.024810208240084952,0.01813373288324044,0.666653510939527,11.45712349094839,-0.0028886379506332105
15.18,10.18,70.48274536699081,1.0505207074852523,63.03124244911514,3781.8745469469086,8.199844385366557,0.35651497327680687,8.606248489823027,0.37418471694882727,8.0,0.4168941931444079,0.4686745142480838,0.017630110606160487,0.01917030767126023,0.024263262178406575,0.017630110606160487,0.6652011341771904,11.463782764173974,-0.0031553180461330044
15.19,10.19,70.67314279516698,1.0504878208018136,63.02926924810882,3781.756154886529,8.16509615343118,0.35500418058396443,8.605853849621763,0.3741675586792071,8.0,0.4158941931444079,0.4676499026602285,0.01715413256548881,0.018693287261006542,0.02374385627667086,0.01715413256548881,0.6637468780364956,11.470427504235042,-0.003422038135838079
15.200000000000001,10.200000000000001,70.86341121565916,1.0504522667225356,63.02713600335213,3781.628160201128,8.130311018400247,0.35349178340870646,8.605427200670427,0.37414900872480117,8.0,0.4148941931444078,0.4666239760917824,0.016705858523211603,0.018244057089940452,0.023252050493724807,0.016705858523211603,0.6622907555118737,11.477057692402784,-0.0036887962233294047
15.21,10.21,71.0535405719299,1.050414044877347,63.02484269264082,3781.490561558449,8.095489235959217,0.35197779286779207,8.604968538528162,0.3741290668925288,8.0,0.4138941931444078,0.4655967436592408,0.01628534803811338,0.017822453123736808,0.02278790491023741,0.01628534803811338,0.6608327795425881,11.483673310078057,-0.003955590303391432
15.22,10.22,71.24352080606536,1.0503731549164677,63.02238929498806,3781.3433576992834,8.060631062005982,0.35046222008721656,8.604477858997612,0.37410773299989614,8.0,0.4128941931444078,0.4645682144367051,0.01589266046076887,0.017428506208872815,0.02235147927702552,0.01589266046076887,0.6593729630077317,11.490274338790808,-0.004222418343879042
15.23,10.23,71.43334185887676,1.0503295965104693,63.01977579062816,3781.1865474376896,8.025736752583711,0.34894507619929177,8.603955158125633,0.3740850068750275,8.0,0.41189419314440784,0.4635383974551883,0.01552785493247033,0.017062515014978016,0.021942832831507664,0.01552785493247033,0.6579113187252409,11.496860760199473,-0.0044892783217349574
15.24,10.24,71.62299366998118,1.050283369350033,63.01700216100198,3781.020129660119,7.990806564201537,0.3474263723565886,8.603400432200397,0.374060888356539,8.0,0.41089419314440784,0.46250730171061916,0.015190990387383974,0.016724409834293522,0.021562024919382194,0.015190990387383974,0.6564478594632559,11.503432556090415,-0.004756168219287815
15.25,10.25,71.81246617785273,1.0502344731460835,63.01406838876501,3780.8441033259005,7.955840753667417,0.3459061197246703,8.602813677753002,0.37403537729360875,8.0,0.4098941931444079,0.4614749361630463,0.01488212555097762,0.016414152015820305,0.02120911473254672,0.01488212555097762,0.6549825979389917,11.509989708377425,-0.005023086019917855
15.26,10.26,72.00174931992233,1.0501829076296347,63.01097445777808,3780.658467466685,7.920839578293103,0.3443843294910045,8.602194891555616,0.37400847354589634,8.0,0.4088941931444079,0.4604413097346402,0.014601318941060648,0.01613197862329214,0.02088416088258871,0.014601318941060648,0.6535155468159018,11.5165321991012,-0.005290029702422316
15.27,10.27,72.19083303265151,1.0501286725520351,63.00772035312211,3780.463221187327,7.885803295587854,0.34286101285164583,8.60154407062442,0.3739801769836705,8.0,0.40789419314440795,0.4594064313161171,0.014348628865114399,0.015877881927680797,0.020587222075441725,0.014348628865114399,0.652046718712796,11.523060010428843,-0.005556997229895444
15.280000000000001,10.280000000000001,72.37970725158272,1.0500717676850368,63.00430606110221,3780.258363666133,7.850732163172832,0.34133618100751445,8.600861212220442,0.3739504874878453,8.0,0.4068941931444078,0.4583703097672045,0.014124113419382689,0.015651818978796563,0.02031835698710105,0.014124113419382689,0.6505761262045009,11.52957312465343,-0.005823986593242125
15.290000000000001,10.290000000000001,72.56836191145159,1.0500121928201702,63.00073156921022,3780.043894152613,7.815626439593916,0.33980984519973545,8.600146313842043,0.37391940494965403,8.0,0.4058941931444078,0.45733295391368484,0.013927830494523397,0.015453995844198501,0.02007762348035247,0.013927830494523397,0.649103781817664,11.53607152419354,-0.006090995781818265
15.3,10.3,72.75678694625763,1.0499499477694005,62.99699686616403,3779.819811969842,7.7804863834827405,0.33828201667316266,8.599399373232806,0.3738869292709916,8.0,0.40489419314440783,0.45629437255338107,0.013759837768854866,0.015284461051798193,0.01986507952720007,0.013759837768854866,0.6476296980392496,11.542555191592824,-0.006358022735852842
15.31,10.31,72.94497228929532,1.0498850323654532,62.99310194192719,3779.5861165156316,7.745312253140596,0.33675270665828677,8.598620388385438,0.37385306036458427,8.0,0.40389419314440783,0.4552545744580001,0.013620192705013967,0.015143112605360502,0.01968078341726598,0.013620192705013967,0.6461538873191546,11.549024109519616,-0.006625065433077282
15.32,10.32,73.13290787328238,1.049817446460739,62.98904678764434,3779.3428072586603,7.710104307928373,0.33522192643166837,8.597809357528869,0.3738177981534291,8.0,0.40289419314440783,0.4542135683698098,0.013508952559990406,0.015030118955952574,0.019524792483814446,0.013508952559990406,0.6446763620654921,11.555478260766538,-0.00689212189586641
15.33,10.33,73.32058363044568,1.049747189927536,62.98483139565215,3779.089883739129,7.674862808040024,0.333689687306088,8.59696627913043,0.3737811425708883,8.0,0.4018941931444079,0.45317136300444627,0.013426174382974443,0.01494565550640777,0.01939716365560018,0.013426174382974443,0.6431971346485764,11.561917628250109,-0.007159190073934951
15.34,10.34,73.50798949254414,1.0496742626592603,62.98045575955562,3778.827345573337,7.639588012865296,0.3321560005593607,8.596091151911125,0.37374309356135327,8.0,0.4008941931444079,0.4521279670553491,0.013371915002686807,0.014889629277485633,0.019297954499273517,0.013371915002686807,0.6417162174072178,11.568342195010388,-0.007426267881889714
15.35,10.35,73.69511539093995,1.049598664569898,62.975919874193885,3778.555192451633,7.6042801817287335,0.3306208774664667,8.595183974838775,0.37370365107994674,8.0,0.39989419314440794,0.4510833891926499,0.013346231032695277,0.014861961360555433,0.019227222434265223,0.013346231032695277,0.640233622647145,11.574751944210659,-0.007693353347903553
15.36,10.36,73.88195125676627,1.0495203955923023,62.97122373553813,3778.273424132288,7.568939576086069,0.3290843293950465,8.594244747107627,0.37366281509163596,8.0,0.39889419314440794,0.45003763806115726,0.013349178887514634,0.014862997117150995,0.019185023486451014,0.013349178887514634,0.638749362638145,11.581146859137085,-0.007960444485114238
15.370000000000001,10.370000000000001,74.06848702093916,1.0494394556801958,62.96636734081175,3777.982040448705,7.533566456948528,0.3275463676934143,8.59327346816235,0.37362058557227606,8.0,0.39789419314440777,0.44899072228551234,0.013380814762744608,0.014892784761484566,0.01917141411829759,0.013380814762744608,0.6372634496213805,11.587526923198384,-0.008227539184431976
15.38,10.38,74.25471261418433,1.0493558448086135,62.961350688516816,3777.681041311009,7.498161084313155,0.3260070036657894,8.592270137703363,0.3735769625088418,8.0,0.3968941931444078,0.44794265047117443,0.013441194630568198,0.014951068758065397,0.019186451311627217,0.013441194630568198,0.6357758958107893,11.593892119925545,-0.008494635419076246
15.39,10.39,74.44061796720673,1.0492695629718143,62.95617377830886,3777.3704266985314,7.462723719859452,0.3244662486895414,8.591234755661771,0.3735319458983379,8.0,0.3958941931444078,0.4468934312024711,0.013530374259684397,0.015038109696142934,0.019230190858218532,0.013530374259684397,0.6342867133903162,11.60024243297155,-0.008761731229078862
15.4,10.4,74.62619301075263,1.049180610184032,62.95083661104192,3777.050196662515,7.427254625981576,0.322924114173112,8.590167322208384,0.3734855357481906,8.0,0.3948941931444079,0.4458430730448651,0.013648409207593193,0.015154090726267212,0.019302688317796912,0.013648409207593193,0.6327959145171307,11.606577846111087,-0.009028824540116887
15.41,10.41,74.81142767561363,1.049088986481012,62.94533918886072,3776.720351331643,7.391754063810956,0.3213806114700416,8.589067837772145,0.3734377320770498,8.0,0.3938941931444079,0.4447915845471702,0.013795354805352489,0.015298824524607247,0.019403999816615003,0.013795354805352489,0.6313035113247722,11.612898343240296,-0.009295913291822444
15.42,10.42,74.99631189276633,1.0489946919181956,62.939681515091735,3776.380890905504,7.356222295558235,0.31983575198079284,8.587936303018347,0.37338853491384116,8.0,0.39289419314440793,0.4437389742405985,0.013971266174956254,0.015472446372331744,0.019534180744715357,0.013971266174956254,0.6298095159217973,11.619203908376528,-0.009562995519246442
15.43,10.43,75.18083559347103,1.048897726570627,62.93386359423762,3776.031815654257,7.320659584633671,0.31828954715798574,8.586772718847524,0.3733379442977184,8.0,0.39189419314440793,0.44268525063980946,0.014176198229814918,0.015675124681005997,0.01969328598334008,0.014176198229814918,0.6283139403932695,11.625494525658103,-0.009830069159178834
15.44,10.44,75.36498870926111,1.048798090535012,62.92788543210072,3775.673125926043,7.285066192995987,0.31674200839112987,8.585577086420145,0.3732859602791367,8.0,0.39089419314440793,0.44163042224490984,0.01441020565438672,0.015906768167960682,0.01988137099126508,0.01441020565438672,0.6268167968035967,11.631770179344088,-0.010097132137317999
15.450000000000001,10.450000000000001,75.54876117207885,1.0486957839278805,62.92174703567283,3775.3048221403697,7.249442383519472,0.31519314710954227,8.584349407134567,0.3732325829188942,8.0,0.3898941931444078,0.44057449754101424,0.014673342921802168,0.016167462857064965,0.020098490586820228,0.014673342921802168,0.6253180971959085,11.638030853814087,-0.010364182508283193
15.46,10.46,75.73214291439773,1.0485908068848464,62.915448413090786,3774.9269047854473,7.21378842095041,0.31364297482393083,8.583089682618157,0.37317781228774594,8.0,0.3888941931444078,0.4395174849989325,0.014965664300653325,0.016457361176410137,0.02034469880169254,0.014965664300653325,0.6238178535930312,11.644276533568032,-0.010631218217213245
15.47,10.47,75.91512386918765,1.0484831595635362,62.90898957381217,3774.5393744287303,7.178104568130653,0.31209150296220234,8.581797914762435,0.37312164846793194,8.0,0.3878941931444078,0.43845939307691034,0.015287223826091767,0.016776422982467787,0.020620050471979123,0.015287223826091767,0.6223160779999587,11.650507203225997,-0.010898237121921284
15.48,10.48,76.09769397001583,1.048372842142408,62.90237052854447,3774.1422317126685,7.142391087520709,0.310538742935683,8.580474105708895,0.37306409155256065,8.0,0.38689419314440787,0.43740023022059976,0.015638075311097788,0.01712464144284136,0.02092460029631149,0.015638075311097788,0.6208127824038103,11.656722847528016,-0.011165237310429177
15.49,10.49,76.2798431512647,1.0482598548173276,62.89559128903966,3773.7354773423795,7.106648245610511,0.3089847063308918,8.57911825780793,0.3730051416438231,8.0,0.38589419314440787,0.4363400048632521,0.016018272379479503,0.017502234852397405,0.021258401142673855,0.016018272379479503,0.6193079787741046,11.662923451333905,-0.011432216822321095
15.5,10.5,76.46156134806752,1.0481441978059616,62.8886518683577,3773.319112101462,7.070876307258322,0.3074294046634053,8.577730373671539,0.3729447988552843,8.0,0.3848941931444079,0.4352787254272582,0.016427868422563163,0.01790924137301415,0.021621506699794457,0.016427868422563163,0.6178016790649458,11.6691089996231,-0.011699173434791987
15.51,10.51,76.64283849631094,1.048025871348632,62.881552280917916,3772.8931368550748,7.035075534586505,0.30587284932984804,8.576310456183583,0.3728830633123297,8.0,0.3838941931444079,0.4342164003244105,0.01686691659068046,0.018345505113195493,0.022013971771995045,0.01686691659068046,0.6162938952153952,11.675279477494502,-0.01196610511071583
15.52,10.52,76.8236645328986,1.0479048757037472,62.874292542224836,3772.4575525334903,6.999246192868862,0.3043150518638636,8.574858508444967,0.3728199351497812,8.0,0.3828941931444079,0.4331530379561844,0.017335469837352624,0.018811187929818066,0.022435849213081283,0.017335469837352624,0.6147846391498714,11.681434870166328,-0.012233010021120094
15.530000000000001,10.530000000000001,77.00402939582568,1.0477812111482094,62.86687266889257,3772.012360133554,6.963388550003367,0.3027560239131899,8.573374533778512,0.3727554145121092,8.0,0.38189419314440776,0.4320886467147062,0.017833580914912328,0.01930656401876311,0.02288719097391445,0.017833580914912328,0.6132739227795232,11.687575162975977,-0.01249988608702779
15.540000000000001,10.540000000000001,77.18392302408708,1.0476548779820065,62.85929267892039,3771.5575607352234,6.9275028705917805,0.30119577698225136,8.571858535784077,0.3726895015558294,8.0,0.3808941931444078,0.43102323498306144,0.01836130232930111,0.0198315133208875,0.023368050500745974,0.01836130232930111,0.6117617580026677,11.693700341379888,-0.012766731064374426
15.55,10.55,77.36333535776353,1.047525876526922,62.85155259161532,3771.093155496919,6.89158941760134,0.29963432250440614,8.570310518323064,0.3726221964488288,8.0,0.3798941931444078,0.4299568111355205,0.018918686352498992,0.020385803713931335,0.023878481625321912,0.018918686352498992,0.6102481567051107,11.699810390953427,-0.01303354304281612
15.56,10.56,77.54225633833495,1.0473942071211502,62.84365242726901,3770.6191456361403,6.855648459298557,0.2980716721434155,8.568730485453802,0.3725534993675566,8.0,0.37889419314440786,0.42888938353882816,0.019505785074586557,0.020969888301121318,0.02441853553956841,0.019505785074586557,0.6087331307619762,11.705905297390762,-0.013300320133403432
15.57,10.57,77.72067590857515,1.047259870124254,62.835592207455235,3770.1355324473143,6.819680262857208,0.2965078375155308,8.567118441491047,0.37248341049961076,8.0,0.37789419314440786,0.42782096055219754,0.02012265035497074,0.02158386261951728,0.024988264190691,0.02012265035497074,0.6072166920376989,11.711985046504761,-0.013567060126774777
15.58,10.58,77.89858401255009,1.0471228659186147,62.82737195511688,3769.642317307013,6.783685092488817,0.29494283010820943,8.565474391023375,0.3724119300444946,8.0,0.3768941931444079,0.4267515505271986,0.020769333807985346,0.022227375940204692,0.025587720548955528,0.020769333807985346,0.605698852385865,11.718049624226879,-0.013833760975558107
15.59,10.59,78.07597059587756,1.0469831949047428,62.81899169428457,3769.139501657074,6.74766321547856,0.2933766615425461,8.563798338856913,0.3723390582111701,8.0,0.3758941931444079,0.42568116180919213,0.02144588684830051,0.022900714519756577,0.02621695596324969,0.02144588684830051,0.6041796236512479,11.724099016607065,-0.014100420788906831
15.6,10.6,78.25282560576069,1.0468408575028365,62.81045145017019,3768.6270870102117,6.71161490017394,0.2918093434858235,8.562090290034039,0.37226479521887124,8.0,0.374894193144408,0.4246098027375872,0.022152360675272764,0.02360406198380932,0.026876021507920456,0.022152360675272764,0.6026590176701738,11.730133209813673,-0.014367037441587627
15.610000000000001,10.610000000000001,78.42913899093186,1.046695854155911,62.801751249354666,3768.10507496128,6.6755404119472015,0.2902408874759653,8.560350249870933,0.3721891412987362,8.0,0.3738941931444078,0.42353748164520894,0.022888806242109982,0.024337208845225475,0.02756496921243201,0.022888806242109982,0.601137046269624,11.736152190133373,-0.014633608857700153
15.620000000000001,10.620000000000001,78.60490070188044,1.0465481853256826,62.792891119540954,3767.573467172457,6.639440018494611,0.2886713051519396,8.558578223908192,0.3721120966916605,8.0,0.3728941931444078,0.42246420685989994,0.023655274295727613,0.025100323108943546,0.028283849929133797,0.023655274295727613,0.5996137212695081,11.742155943971069,-0.014900133139292393
15.63,10.63,78.78010069092646,1.0463978514931251,62.78387108958751,3767.0322653752505,6.603313989112405,0.2871006082222785,8.556774217917502,0.37203366164858703,8.0,0.3718941931444078,0.4213899867048901,0.024451815370873653,0.025893550733915596,0.029032713989817216,0.024451815370873653,0.5980890544831884,11.748144457849833,-0.015166608161720774
15.64,10.64,78.95472891213582,1.0462448531624482,62.77469118974689,3766.481471384813,6.567162589567317,0.2855288082420573,8.55493823794938,0.3719538364325817,8.0,0.37089419314440786,0.4203148294975917,0.025278479750980354,0.02671677282460178,0.02981161288066181,0.025278479750980354,0.5965630577157707,11.754117718410827,-0.015433031807290831
15.65,10.65,79.12877532154268,1.0460891908569794,62.765351451418766,3765.921087085126,6.530986087394845,0.2839559168432541,8.553070290283753,0.37187262131668486,8.0,0.3698941931444079,0.41923874355140095,0.02613531750806697,0.027570080125777517,0.03062059702604414,0.02613531750806697,0.5950357427666602,11.760075712413238,-0.01569940225108013
15.66,10.66,79.302229877308,1.0459308651174266,62.755851907045596,3765.351114422736,6.494784754131453,0.2823819458318024,8.551170381409118,0.37179001658300515,8.0,0.3688941931444079,0.41816173717696087,0.027022378519278134,0.028453666286505263,0.03145971543296033,0.027022378519278134,0.5935071214313545,11.766018426734227,-0.015965717434148985
15.67,10.67,79.47508253956092,1.0457698765082963,62.74619259049778,3764.7715554298666,6.458558857039166,0.2808069068277898,8.549238518099557,0.37170602252606766,8.0,0.3678941931444079,0.417083818679738,0.02793971240380999,0.02936747466563231,0.03232901874777272,0.02793971240380999,0.5919772054980045,11.771945848368874,-0.016231975038344615
15.68,10.68,79.64732327048917,1.0456062256166596,62.73637353699958,3764.1824122199746,6.422308660689677,0.2792308113343338,8.547274707399914,0.37162063945217017,8.0,0.36689419314440797,0.4160049963605809,0.028887368534757596,0.030311367116926283,0.03322855823439719,0.028887368534757596,0.5904460067482062,11.777857964430105,-0.016498173229223312
15.69,10.69,79.81894203475119,1.045439913043712,62.72639478262272,3763.583686957363,6.386034437828318,0.2776536712099269,8.545278956524545,0.3715338676749802,8.0,0.36589419314440796,0.4149252785199906,0.029865396121118992,0.03128568146690595,0.034158381608736854,0.029865396121118992,0.5889135369630627,11.78375476214866,-0.016764310232900925
15.700000000000001,10.700000000000001,79.98992879930306,1.0452709394120014,62.71625636472009,3762.9753818832055,6.3497364600538795,0.27607549826321215,8.543251272944017,0.3714457075193051,8.0,0.36489419314440785,0.41384467345524256,0.030873844136725836,0.03229056072916682,0.03511853737463999,0.030873844136725836,0.5873798079190987,11.789636228873073,-0.017030383727743015
15.71,10.71,80.1602735333081,1.045099305369157,62.70595832214943,3762.357499328966,6.3134149930104195,0.27449630404393127,8.541191664429885,0.37135615932303845,8.0,0.36389419314440785,0.41276318945863005,0.03191276128358611,0.033325718590905516,0.0361090764149562,0.03191276128358611,0.5858448313857677,11.795502352069597,-0.017296391502028996
15.72,10.72,80.32996620842447,1.0449250115819608,62.69550069491765,3761.730041695059,6.277070304014657,0.2729161001745503,8.53910013898353,0.3712652234340665,8.0,0.3628941931444079,0.4116808348204252,0.032982196049495593,0.03439115711017039,0.037130048104801694,0.032982196049495593,0.5843086191296545,11.801353119322174,-0.017562331815526022
15.73,10.73,80.49899679904348,1.0447480587328466,62.6848835239708,3761.0930114382477,6.240702666555346,0.2713348985458846,8.53697670479416,0.37117290020844174,8.0,0.3618941931444079,0.41059761783121573,0.03408219674173718,0.035487313425919625,0.03818149946115679,0.03408219674173718,0.5827711829177918,11.807188518332412,-0.017828202693927153
15.74,10.74,80.66735528205305,1.0445684475280823,62.67410685168494,3760.4464111010966,6.2043123497449715,0.269752710858477,8.534821370336989,0.37107919001465167,8.0,0.3608941931444079,0.4095135467778172,0.03521281140681265,0.03661404354113114,0.03926347931820151,0.03521281140681265,0.5812325345118585,11.81300853691956,-0.01809400186418486
15.75,10.75,80.83503163697571,1.0443861786955628,62.66317072173377,3759.7902433040263,6.167899621155163,0.2681695487458766,8.532634144346755,0.3709840932324676,8.0,0.35989419314440796,0.40842862994445117,0.03637408785174617,0.03777120874489895,0.04037603662767064,0.03637408785174617,0.5796926856698518,11.818813163020469,-0.018359727441684015
15.76,10.76,81.0020158462704,1.0442012529792486,62.65207517875491,3759.124510725295,6.131464753969031,0.26658542408561003,8.530415035750984,0.3708876102500428,8.0,0.35889419314440796,0.407342875616278,0.037566073697980984,0.03895915892931203,0.04151921826062965,0.037566073697980984,0.578151648151101,11.824602384689573,-0.01862537748329629
15.77,10.77,81.16829789516483,1.044013671145897,62.640820268753814,3758.4492161252288,6.095008018299511,0.2650003486217179,8.528164053750764,0.3707897414674245,8.0,0.35789419314440796,0.40625629207569974,0.03878881631521042,0.04017784983403918,0.04269307218365015,0.03878881631521042,0.5766094337110209,11.830376190098884,-0.01889094970809424
15.780000000000001,10.780000000000001,81.33386777170621,1.0438234339850867,62.629406039105206,3757.7643623463123,6.0585296811507785,0.26341433396307734,8.52588120782104,0.37069048729656695,8.0,0.3568941931444078,0.40516888760232184,0.04004236282089402,0.041427131454196096,0.04389764705648913,0.04004236282089402,0.5750660541010567,11.836134567537945,-0.019156442238809746
15.790000000000001,10.790000000000001,81.49871546715127,1.0436305423011207,62.61783253806725,3757.069952284035,6.022030016834867,0.26182739203629857,8.523566507613449,0.37058984815710644,8.0,0.35589419314440784,0.40408067047815427,0.04132676015896891,0.04270730897183308,0.04513298872830074,0.04132676015896891,0.5735215210760668,11.84187750541383,-0.019421853247479248
15.8,10.8,81.66283097579743,1.043434996920137,62.606099815208225,3756.3659889124933,5.9855092977990845,0.26023953468691674,8.521219963041645,0.3704878244800715,8.0,0.35489419314440784,0.4029916489835287,0.042642055029900705,0.04401844677510534,0.04639914387434174,0.042642055029900705,0.5719758463885269,11.847604992251153,-0.01968718038118311
15.81,10.81,81.82620429490082,1.0432367986934972,62.59420792160983,3755.6524752965897,5.948967790255625,0.258650773489375,8.518841584321965,0.37038441670965067,8.0,0.35389419314440784,0.4019018313949634,0.04398829385736264,0.04536029054183951,0.0476961612637653,0.04398829385736264,0.570429041785501,11.853317016692023,-0.019952421542186016
15.82,10.82,81.98882542507569,1.0430359484892935,62.58215690935761,3754.9294145614563,5.9124057651066675,0.25706112022202904,8.516431381871522,0.3702796252987618,8.0,0.3528941931444079,0.4008112259905064,0.045365522870835395,0.046732993745362904,0.049024087142284234,0.045365522870835395,0.5688811190162237,11.859013567496032,-0.020217575126864062
15.83,10.83,82.1506843704364,1.0428324471909598,62.569946831457585,3754.196809887455,5.875823499718222,0.25547058694427055,8.513989366291518,0.37017345070832686,8.0,0.3518941931444079,0.39971984105112796,0.04677378811875921,0.04813696154879857,0.05038296565580769,0.04677378811875921,0.5673320898340777,11.864694633540283,-0.02048263907827419
15.84,10.84,82.31177113829372,1.042626295707728,62.55757774246368,3753.454664547821,5.839221264441084,0.25387918541048193,8.511515548492735,0.3700658934127276,8.0,0.3508941931444079,0.39862768485403205,0.04821313536592897,0.04957204215137867,0.05177284373301172,0.04821313536592897,0.5657819659870995,11.87036020381939,-0.020747610897501545
15.85,10.85,82.47207573924389,1.0424174949730098,62.54504969838059,3752.7029819028353,5.802599324689117,0.2522869271603964,8.509009939676119,0.36995695389896166,8.0,0.34989419314440795,0.3975347656736162,0.04968361010916972,0.051037795906629886,0.053193769785213174,0.04968361010916972,0.564230759219343,11.876010267445421,-0.021012488747736313
15.860000000000001,10.860000000000001,82.63158818771811,1.042206045932773,62.53236275596639,3751.9417653579835,5.765957955888798,0.25069382416907815,8.506472551193276,0.3698466326605772,8.0,0.3488941931444078,0.3964410917891892,0.05118525769039384,0.05253479123214561,0.05464578755321714,0.05118525769039384,0.5626784812818323,11.881644813647927,-0.021277270931655323
15.870000000000001,10.870000000000001,82.79029850172898,1.0419919495543768,62.51951697326261,3751.1710183957566,5.72929743208759,0.24909988835163432,8.503903394652522,0.36973493020228354,8.0,0.3478941931444078,0.39534667147957286,0.05271812320987801,0.054063188508712647,0.05612894191411533,0.05271812320987801,0.5611251439249008,11.88726383177396,-0.02154195514491164
15.88,10.88,82.94819670280407,1.041775206829875,62.50651240979249,3750.3907445875493,5.692618021689663,0.24750513137781144,8.501302481958499,0.36962184704167383,8.0,0.34689419314440784,0.3942515130206082,0.05428225149370858,0.05562253018504569,0.05764327943848824,0.05428225149370858,0.5595707588946505,11.89286731128806,-0.02180653932783372
15.89,10.89,83.10527281637144,1.0415558187678202,62.49334912606921,3749.6009475641526,5.655919997995829,0.24590956513025344,8.498669825213842,0.3695073837049496,8.0,0.34589419314440784,0.39315562469096077,0.055877687173503165,0.05721314924520922,0.059188844519885486,0.055877687173503165,0.5580153379411928,11.898455241772238,-0.02207102170900299
15.9,10.9,83.26151687176107,1.0413337863956948,62.48002718374169,3748.8016310245016,5.619203636055031,0.24431320156761005,8.496005436748337,0.3693915407281886,8.0,0.34489419314440783,0.3920590147707022,0.05750447466221298,0.058835253116074814,0.060765681144364425,0.05750447466221298,0.556458892816635,11.904027612926027,-0.02233540008520407
15.91,10.91,83.41691890203369,1.0411091107661161,62.466546645966964,3747.9927987580177,5.582469204663262,0.24271605237666355,8.493309329193394,0.36927431866058236,8.0,0.3438941931444079,0.3909616915367532,0.059162658093178944,0.06048853238599452,0.06237383518912132,0.059162658093178944,0.5549014352686117,11.909584414566453,-0.022599672318200703
15.92,10.92,83.5714689443314,1.0408817929493308,62.452907576959845,3747.1744546175905,5.5457169760122484,0.2411181293918369,8.49058151539197,0.3691557180605204,8.0,0.3428941931444079,0.3898636632682978,0.06085228139315263,0.06217314494933978,0.06401335079114656,0.06085228139315263,0.55334297704797,11.915125636628035,-0.022863836731900733
15.93,10.93,83.7251570400359,1.040651834031478,62.43911004188868,3746.346602513321,5.508947227908542,0.23951944469167574,8.487822008377737,0.3690357394946842,8.0,0.3418941931444079,0.38876493824838804,0.06257338829882353,0.06388940748197554,0.06568427034092339,0.06257338829882353,0.5517835299110473,11.92065126916283,-0.023127891235645848
15.94,10.94,83.87797323446992,1.040419235124618,62.42515410747708,3745.5092464486247,5.47216023084505,0.23792001003674132,8.485030821495416,0.36891438354327893,8.0,0.34089419314440794,0.3876655247565557,0.0643260222584357,0.06563712361294552,0.0673866387878036,0.0643260222584357,0.5502231056091842,11.92616130234043,-0.02339183338308004
15.950000000000001,10.950000000000001,84.02990757705442,1.0401839973638165,62.41103984182899,3744.6623905097395,5.4353562517439595,0.2363198370323461,8.482207968365799,0.368791650798513,8.0,0.3398941931444078,0.38656543107077995,0.06611022646004494,0.06741601490311246,0.06912050167594375,0.06611022646004494,0.5486617158915179,11.931655726447936,-0.02365566150620424
15.96,10.96,84.18095012187501,1.0399461218944939,62.396767313669635,3743.806038820178,5.398535570224475,0.23471893783584674,8.479353462733926,0.36866754185799677,8.0,0.33889419314440783,0.3854646654770633,0.06792604395472612,0.06922670278800433,0.07088589966560732,0.06792604395472612,0.5470993725185733,11.937134531889987,-0.023919373944785605
15.97,10.97,84.33109092731226,1.039705609884921,62.38233659309525,3742.940195585715,5.361698462493317,0.23311732445623118,8.47646731861905,0.36854205733126305,8.0,0.33789419314440783,0.38436323626038804,0.0697735175339595,0.07106933546319505,0.07268287508726312,0.0697735175339595,0.5455360872494271,11.942597709188826,-0.024182968189620624
15.98,10.98,84.48032005591584,1.0394624625307014,62.36774775184208,3742.064865110525,5.32484519556525,0.23151500850283696,8.473549550368418,0.36841519784210514,8.0,0.3368941931444078,0.38326115170122516,0.07165268968561689,0.07294327604250726,0.07451147358230903,0.07165268968561689,0.5439718718367532,11.948045248984258,-0.02444644204596358
15.99,10.99,84.62862757488308,1.0392166810440016,62.353000862640094,3741.1800517584056,5.287976041111227,0.22991200178744464,8.47060017252802,0.36828696402295735,8.0,0.3358941931444079,0.38215842008334405,0.07356360269887147,0.07484866554252527,0.07637173786533336,0.07356360269887147,0.5424067380379068,11.95347714203363,-0.02470979396297679
16.0,11.0,84.77600355623714,1.038968266651442,62.33809599908652,3740.2857599451913,5.251091278147287,0.2283083164411864,8.467619199817303,0.3681573565137958,8.0,0.3348941931444079,0.38105504969592646,0.07550629868431713,0.0767861844740693,0.07826370834959773,0.07550629868431713,0.5408406976179253,11.95889337921191,-0.024973021923976546
16.01,11.010000000000002,84.92243807646763,1.038717220605522,62.32303323633132,3739.3819941798793,5.214191178313429,0.22670396427449693,8.464606647266264,0.3680263759680984,8.0,0.3338941931444077,0.379951048824685,0.07748081946197272,0.07875541705292576,0.08018742811301616,0.07748081946197272,0.5392737623369219,11.964293951511685,-0.025236123580782532
16.02,11.02,85.06792121676658,1.0384635441798264,62.307812650789586,3738.468759047375,5.177276012029286,0.22509895704475158,8.461562530157916,0.3678940230503442,8.0,0.3328941931444079,0.3788464257553832,0.07948720660786096,0.08075617568802226,0.08214294000274913,0.07948720660786096,0.5377059439550824,11.969678850043143,-0.025499097188784958
16.03,11.030000000000001,85.21244306339409,1.0382072386617462,62.292434319704775,3737.5460591822866,5.140346057840709,0.22349330686263952,8.458486863940955,0.3677602984322154,8.0,0.33189419314440777,0.37774118877986357,0.0815255015247045,0.08278906021775041,0.08413028415202428,0.0815255015247045,0.5361372542412205,11.975048066034125,-0.025761940831181107
16.04,11.04,85.35599370735778,1.0379483053632028,62.27689832179217,3736.61389930753,5.103401588595898,0.22188702559112602,8.455379664358434,0.3676252027981928,8.0,0.33089419314440793,0.3766353461874714,0.08359574533670572,0.08485387703871246,0.08614950259546195,0.08359574533670572,0.5345677049606055,11.980401590830134,-0.026024652119225777
16.05,11.05,85.49856324451243,1.0376867456193617,62.261204737161705,3735.672284229702,5.066442873087296,0.22028012491683896,8.45224094743234,0.36748873684488437,8.0,0.32989419314440777,0.3755289062658746,0.08569797890187164,0.08695032122552765,0.08820063813032808,0.08569797890187164,0.5329973078761258,11.985739415894319,-0.02628722931238059
16.06,11.059999999999999,85.64014177608374,1.0374225607769552,62.24535364661731,3734.7212187970385,5.029470191059019,0.21867261700256607,8.449070729323463,0.36735090127493314,8.0,0.328894193144408,0.37442187731064014,0.087832242925732,0.08907896300321021,0.09028372968209741,0.087832242925732,0.5314260747618814,11.991061532807509,-0.026549670673617243
16.07,11.07,85.78071940832928,1.0371557522058894,62.229345132353366,3733.760707941202,4.992483818241668,0.21706451383659425,8.445869026470673,0.3672116968030727,8.0,0.3278941931444078,0.3733142676159672,0.08999857784741655,0.09123983398485984,0.09239881775514724,0.08999857784741655,0.529854017390031,11.99636793326827,-0.02681197369543753
16.080000000000002,11.080000000000002,85.92028625243738,1.0368863213030464,62.21317927818278,3732.7907566909666,4.955484021448996,0.21545582701952157,8.442635855636556,0.36707112415811116,8.0,0.32689419314440765,0.3722060854714362,0.09219702380229061,0.09343236393566148,0.09454594562969143,0.09219702380229061,0.5282811475261776,12.001658609092852,-0.02707413635382494
16.09,11.09,86.05883242511578,1.0366142694788127,62.196856168728765,3731.8113701237257,4.918471075891464,0.21384656851702016,8.439371233745753,0.3669291840759023,8.0,0.3258941931444079,0.3710973391726856,0.09442762075322136,0.09565692452969832,0.09672515265935544,0.09442762075322136,0.5267074769445227,12.006933552215203,-0.027336157236163672
16.1,11.100000000000001,86.19634804863468,1.036339598158323,62.18037588949938,3730.822553369963,4.88144526354994,0.21223675058912783,8.436075177899877,0.3667858772999946,8.0,0.3248941931444077,0.36998803702088257,0.09669040847798718,0.09791415454768601,0.0989364763340862,0.09669040847798718,0.5251330174271144,12.012192754687062,-0.027598034197275467
16.11,11.11,86.3328232504025,1.0360623087948673,62.16373852769203,3729.824311661522,4.8444068559006865,0.21062638503916029,8.432747705538407,0.36664120458862637,8.0,0.32389419314440787,0.3688781873116548,0.0989854264378337,0.10020359968167497,0.10117995799482293,0.0989854264378337,0.5235577807481391,12.017436208677937,-0.027859764636808393
16.12,11.120000000000001,86.46824816316267,1.0357824028655869,62.14694417193521,3728.816650316113,4.80735611944325,0.20901548345405438,8.429388834387042,0.3664951667124801,8.0,0.32289419314440776,0.36776779833832207,0.10131271381937751,0.10252455219081907,0.10345564002948471,0.10131271381937751,0.521981778678507,12.02266390647507,-0.02812134691732382
16.13,11.129999999999999,86.6026129256657,1.0354998818565209,62.129992911391255,3727.7995746834754,4.770293334910522,0.20740405803958792,8.42599858227825,0.36634776444688044,8.0,0.3218941931444079,0.36665687840412536,0.10367230968022573,0.10487811191725505,0.10576355900678469,0.10367230968022573,0.5204050230032101,12.027875840483478,-0.028382779418436144
16.14,11.14,86.73590768219574,1.0352147472772182,62.11288483663309,3726.7730901979858,4.733218778443447,0.20579212080188902,8.422576967326618,0.3661989985794182,8.0,0.3208941931444078,0.3655454358105818,0.10606425280577764,0.1072643150612807,0.10810375379104276,0.10606425280577764,0.5188275255047934,12.03307200322602,-0.028644059685788648
16.15,11.149999999999999,86.86812258254574,1.034927000662805,62.095620039768306,3725.7372023860985,4.696132718914978,0.204179683431086,8.419124007953661,0.36604886991102875,8.0,0.319894193144408,0.3644334788552903,0.10848858168875714,0.10968230439861501,0.11047626519380938,0.10848858168875714,0.5172492979602409,12.038252387343343,-0.028905185782747367
16.16,11.16,86.99924778256675,1.0346366435615633,62.07819861369379,3724.6919168216277,4.659035433886605,0.2025667579950698,8.41563972273876,0.3658973792495113,8.0,0.3188941931444078,0.36332101584243376,0.11094533465022471,0.11213281605077309,0.11288113062373573,0.11094533465022471,0.5156703521558811,12.043416985593925,-0.029166156055303816
16.17,11.170000000000002,87.1292734440027,1.034343677541699,62.06062065250194,3723.6372391501163,4.621927200873503,0.20095335655971755,8.412124130500388,0.36574452741306035,8.0,0.31789419314440764,0.3622080550772521,0.11343454977297268,0.11461605382745599,0.11531838779302095,0.11343454977297268,0.5140906998795433,12.048565790854104,-0.029426968174071533
16.18,11.18,87.25818973429327,1.0340481041980818,62.04288625188491,3722.5731751130943,4.584808288653911,0.19933949081103963,8.408577250376982,0.3655903152337818,8.0,0.3168941931444078,0.3610946048599793,0.1159562648353793,0.11713135482131314,0.1177880769005406,0.1159562648353793,0.512510352911951,12.053698796118061,-0.029687620085177002
16.19,11.190000000000001,87.38598682710678,1.0337499251399955,62.02499550839973,3721.499730503984,4.547678973005641,0.19772517273937568,8.404999101679946,0.365434743551302,8.0,0.3158941931444077,0.3599806734962111,0.11851051743078236,0.11967913065071437,0.12029023513833004,0.11851051743078236,0.5109293230414385,12.058815994497829,-0.02994811027587474
16.2,11.2,87.51265490237847,1.0334491419925644,62.006948519553866,3720.416911173232,4.5105395348429935,0.19611041455839104,8.401389703910773,0.3652778132135119,8.0,0.31489419314440786,0.3588662692960019,0.12109734495308386,0.12225983884848697,0.12282489833785026,0.12109734495308386,0.509347622062668,12.063917379223348,-0.030208436547489725
16.21,11.21,87.6381841459178,1.0331457564090458,61.98874538454275,3719.324723072565,4.473390244376081,0.19449522801635138,8.39774907690855,0.3651195250829804,8.0,0.31389419314440775,0.35775140056309984,0.12371678447624984,0.12487295354158252,0.12539210587893757,0.12371678447624984,0.5077652617613512,12.069002943642468,-0.03046859642450528
16.22,11.219999999999999,87.76256474971615,1.0328397700640743,61.97038620384446,3718.223172230668,4.436231369787249,0.19287962477335868,8.394077240768892,0.3649598800334301,8.0,0.3128941931444079,0.35663607560038735,0.12636887282008008,0.12751812723349412,0.12799189681948264,0.12636887282008008,0.5061822539219708,12.074072681220883,-0.030728588478055485
16.23,11.23,87.88578691256713,1.0325311846394847,61.95187107836908,3717.112264702145,4.3990631954360495,0.19126361719287172,8.390374215673816,0.3647988789423398,8.0,0.31189419314440775,0.35552030272232904,0.12905364668835895,0.1301964619504312,0.13062430458903906,0.12905364668835895,0.5045986103454488,12.079126585542221,-0.030988411068157973
16.240000000000002,11.240000000000002,88.00784083947293,1.0322200018427112,61.93320011056267,3715.9920066337604,4.361885998158867,0.18964721731125508,8.386640022112534,0.3646365227005449,8.0,0.31089419314440764,0.3544040902392405,0.1317711424885114,0.13290795640431569,0.13328936565781158,0.1317711424885114,0.5030143428268182,12.084164650308084,-0.031248061484639322
16.25,11.25,88.12871674156513,1.031906223409792,61.91437340458752,3714.8624042752513,4.324700043391341,0.18803043666918876,8.382874680917503,0.36447281221380445,8.0,0.3098941931444078,0.3532874464544522,0.13452139630207366,0.13565137399619487,0.13598712025209836,0.13452139630207366,0.5014294631511977,12.089186869337974,-0.03150753771934234
16.26,11.260000000000002,88.24840483683158,1.0315898510883243,61.895391065299464,3713.723463917968,4.287505607061886,0.1864132872635603,8.379078213059891,0.3643077483939083,8.0,0.30889419314440764,0.35217037967853404,0.13730444405087527,0.1384274140849996,0.13871760345359596,0.13730444405087527,0.4998439831139813,12.0941932365693,-0.03176683840364802
16.27,11.27,88.36689535004567,1.031270886641719,61.87625319850314,3712.5751919101886,4.250302970090033,0.1847957813082623,8.375250639700628,0.36414133216089684,8.0,0.30789419314440786,0.3510528982263,0.14012032145501074,0.14123691679887995,0.14148084937037042,0.14012032145501074,0.4982579145165867,12.099183746057452,-0.03202596135827207
16.28,11.280000000000001,88.48417851238115,1.030949331861159,61.856959911669534,3711.4175947001722,4.213092402977748,0.18317793056424989,8.371391982333908,0.36397356444930035,8.0,0.3068941931444077,0.34993501040592223,0.1429690639156244,0.14407888693312376,0.1442768954594552,0.1429690639156244,0.4966712691510046,12.10415839197579,-0.032284904288545135
16.29,11.29,88.60024456183527,1.030625188555948,61.837511313356885,3710.250678801413,4.175874178202143,0.18155974687835405,8.367502262671376,0.3638044462031033,8.0,0.30589419314440786,0.3488167245271776,0.1458507066089446,0.1469533947996745,0.14710577769036148,0.1458507066089446,0.4950840588115034,12.109117168615603,-0.0325436656414837
16.3,11.3,88.71508374351468,1.0302984585483292,61.81790751289975,3709.074450773985,4.138648576847559,0.179941242471633,8.363581502579951,0.36363397837304134,8.0,0.30489419314440774,0.3476980489063986,0.14876528453649798,0.14986129762038028,0.14996752946305203,0.14876528453649798,0.493496295301656,12.11406007038617,-0.03280224342621807
16.31,11.309999999999999,88.82868630918558,1.0299691436874236,61.79814862124542,3707.888917274725,4.101415870647693,0.17832242915859536,8.359629724249084,0.3634621619238732,8.0,0.3038941931444079,0.34657899185378543,0.15171283238846814,0.15280201041891028,0.15286218710461907,0.15171283238846814,0.49190799041633165,12.118987091814759,-0.03306063522992275
16.32,11.32,88.94104251753443,1.0296372458437308,61.77823475062385,3706.6940850374313,4.064176329038275,0.17670331865383804,8.35564695012477,0.36328899783151175,8.0,0.30289419314440774,0.3454595616780018,0.15469338459719723,0.15577522701794874,0.15578978684966516,0.15469338459719723,0.4903191559482187,12.123898227546583,-0.03331883953860171
16.330000000000002,11.330000000000002,89.05214263472145,1.0293027668966515,61.758166013799084,3705.489960827945,4.026930235172875,0.17508392326838587,8.351633202759817,0.3631144870765138,8.0,0.3018941931444076,0.3443397666976186,0.15770697545873208,0.1587819023994535,0.1587503604810212,0.15770697545873208,0.48872980370406716,12.128793472344846,-0.03357685460911597
16.34,11.34,89.16197693383124,1.0289657087515485,61.737942525092905,3704.2765515055744,3.989677863943188,0.17346425495405166,8.347588505018582,0.3629386306529818,8.0,0.3008941931444078,0.34321961522576894,0.16075363896558487,0.16182185187169074,0.16174394269198977,0.16075363896558487,0.48713994548290895,12.13367282109078,-0.03383467777075566
16.35,11.350000000000001,89.27053569485456,1.0286260733412362,61.717564400474174,3703.0538640284503,3.9524194800491523,0.17184432521952836,8.343512880094835,0.36276142956934065,8.0,0.29989419314440763,0.3420991155685131,0.16383340879198963,0.16489405444728297,0.1647705710365328,0.16383340879198963,0.4855495930737374,12.138536268783565,-0.0340923072604582
16.36,11.36,89.37780920551309,1.0282838626063393,61.697031756380355,3701.821905382821,3.915155363225242,0.17022414622718443,8.339406351276072,0.36258288483809004,8.0,0.2988941931444078,0.34097827604214787,0.16694631848547206,0.16799951242444985,0.1678302769798219,0.16694631848547206,0.4839587582800748,12.143383810540332,-0.03434974181816841
16.37,11.370000000000001,89.4837877609887,1.027939078504873,61.676344710292376,3700.5806826175426,3.877885795879109,0.16860373025561343,8.335268942058477,0.36240299748080335,8.0,0.2978941931444077,0.33985710496516264,0.1700924013727475,0.17113895884509717,0.1709230918232284,0.1700924013727475,0.48236745290855537,12.148215441596276,-0.03460697905013177
16.38,11.379999999999999,89.58846166349431,1.0275917230253366,61.6555033815202,3699.3302028912117,3.8406110462325893,0.16698308896663433,8.33110067630404,0.36222176853495824,8.0,0.29689419314440785,0.3387356106462118,0.17327169043141086,0.17431122552131398,0.17404905177481256,0.17327169043141086,0.48077568875185434,12.153031157304577,-0.034864016394465125
16.39,11.39,89.69182122269069,1.0272417981769837,61.63450789061902,3698.070473437141,3.803331380809924,0.16536223394825758,8.326901578123804,0.36203919904886106,8.0,0.2958941931444077,0.3376138013922604,0.1764842183847987,0.17751553043230028,0.17720819226056628,0.1764842183847987,0.4791834776002491,12.157830953136338,-0.03512085256921438
16.4,11.399999999999999,89.7938567563774,1.0268893059739523,61.61335835843714,3696.8015015062283,3.7660470848047654,0.1637411776002072,8.322671671687427,0.36185529007336636,8.0,0.2948941931444079,0.33649168552315434,0.17973001785664824,0.18075408352133035,0.18040054213134815,0.17973001785664824,0.4775908312622994,12.16261482468065,-0.03537748601354451
16.41,11.41,89.89455858977288,1.0265342484567128,61.59205490740277,3695.523294444166,3.7287584344650515,0.16211993193326313,8.318410981480554,0.36167004267306757,8.0,0.29389419314440773,0.3353692713524799,0.18300912116100362,0.18402674189545457,0.18362613393303995,0.18300912116100362,0.4759977615376803,12.167382767644652,-0.03563391399477922
16.42,11.420000000000002,89.99391705547825,1.0261766276940567,61.570597661643404,3694.235859698604,3.69146569451795,0.16049850845730218,8.31411953232868,0.36148345792733394,8.0,0.29289419314440757,0.33424656718530443,0.18632156028257557,0.18733112201591826,0.18688500365538852,0.18632156028257557,0.47440428021397585,12.17213477785341,-0.035890134628608905
16.43,11.43,90.09192249427572,1.0258164457641408,61.548986745848445,3692.939204750907,3.6541691425073144,0.15887691923944847,8.309797349169688,0.3612955369204212,8.0,0.29189419314440773,0.3331235813350343,0.1896673670616216,0.19066895110634177,0.1901771817363639,0.1896673670616216,0.47281039909060585,12.176870851249932,-0.036146146572697546
16.44,11.440000000000001,90.18856525490904,1.0254537047626027,61.52722228575616,3691.6333371453698,3.6168690583193217,0.15725517644866616,8.305444457151232,0.3611062807457057,8.0,0.2908941931444076,0.3320003221166248,0.19304657311417872,0.1940412639127891,0.19350269857411617,0.19304657311417872,0.4712161299691885,12.181590983895232,-0.03640194753482007
16.45,11.45,90.28383569373322,1.0250884068134443,61.50530440880666,3690.3182645283996,3.5795657101651943,0.1556332917463128,8.30106088176133,0.3609156905113622,8.0,0.2898941931444078,0.3308767978360664,0.19645920972537553,0.19744609204610958,0.196861588041628,0.19645920972537553,0.4696214846386181,12.18629517196827,-0.03665753535103988
16.46,11.46,90.37772417528564,1.024720554055582,61.483233243334915,3688.993994600095,3.5422593718408995,0.15401127703656084,8.296646648666982,0.36072376733334705,8.0,0.2888941931444076,0.32975301680253694,0.1999053079805853,0.20088409871149382,0.20025388132940702,0.1999053079805853,0.4680264748923128,12.190983411765925,-0.036912908554811
16.47,11.469999999999999,90.47022107239395,1.024350148642348,61.461008918540884,3687.660535112453,3.504950323331101,0.15238914449265656,8.292201783708176,0.36053051233513805,8.0,0.28789419314440784,0.32862898732926193,0.2033848987698491,0.20435632033510992,0.20367960801190554,0.2033848987698491,0.46643111252943564,12.195655699703034,-0.03716806503511805
16.48,11.48,90.56131676573762,1.0239771927548795,61.43863156529277,3686.3178939175664,3.467638833562831,0.1507669058070796,8.287726313058554,0.36033592665471975,8.0,0.28689419314440767,0.32750471772063483,0.20689801265666835,0.207861558453989,0.20713880085947967,0.20689801265666835,0.4648354093366142,12.200312032312365,-0.0374230025714013
16.490000000000002,11.490000000000002,90.65100164432886,1.02360168859092,61.4161013154552,3684.966078927312,3.4303251747756947,0.14914457281633456,8.28322026309104,0.36014001143874086,8.0,0.28589419314440756,0.32638021628240443,0.21044467998716726,0.2114000413914078,0.2106314907619784,0.21044467998716726,0.46323937710239976,12.20495240624456,-0.037677719745296656
16.5,11.5,90.73926610578249,1.0232236383599735,61.393418301598416,3683.605098095905,3.39300962871051,0.14752215777002217,8.278683660319683,0.3599427678399862,8.0,0.2848941931444077,0.3252554913265596,0.2140249309370332,0.21497269226218857,0.214157705899377,0.2140249309370332,0.46164302762420023,12.209576818268193,-0.03793221454908746
16.51,11.510000000000002,90.82610055576377,1.0228430442999383,61.3705826579963,3682.234959479778,3.3556924651899234,0.1458996723995619,8.27411653159926,0.35974419702605476,8.0,0.28389419314440756,0.3241305511554989,0.21763878289736155,0.21857876024344294,0.2177174569802146,0.21763878289736155,0.4600463726858116,12.214185265269744,-0.03818648460119789
16.52,11.52,90.91149540838131,1.0224599086679496,61.347594520076974,3680.8556712046184,3.318373953867967,0.14427712842904206,8.269518904015396,0.3595443001745824,8.0,0.2828941931444078,0.32300540407019945,0.22128610052623232,0.22221787512429347,0.22131053519529642,0.22128610052623232,0.4584494240690128,12.218777744253517,-0.038440528332927215
16.53,11.530000000000001,90.99544108654975,1.0220742337332798,61.324454023996786,3679.4672414398074,3.28105437330903,0.14265453796995783,8.264890804799357,0.3593430784695373,8.0,0.2818941931444076,0.32188005837712114,0.22495808926314814,0.22588183432899808,0.2249325601460176,0.2249325601460176,0.4568521935633641,12.223354252341679,-0.038694343900019135
16.54,11.54,91.07792802157613,1.021686021789949,61.301161307396946,3678.069678443817,3.24373399474844,0.14103191281514957,8.260232261479388,0.3591405331077995,8.0,0.28089419314440783,0.32075452237605206,0.22862853005313352,0.2295441404577801,0.228565122750073,0.228565122750073,0.4552546929489567,12.227914786774239,-0.03894792923505008
16.55,11.55,91.15894665353687,1.0212952751485789,61.277716508914736,3676.662990534884,3.2064130925294503,0.1394092648925848,8.255543301782946,0.3589366652949107,8.0,0.27989419314440767,0.31962880436784197,0.2322977396080115,0.2332051853349776,0.23220388292580063,0.23220388292580063,0.45365693400738843,12.23245934490902,-0.03920128250231869
16.56,11.559999999999999,91.23848743121967,1.0209019961399026,61.254119768394155,3675.2471861036493,3.1690919395522927,0.137786606067491,8.250823953678832,0.35873147624690577,8.0,0.2788941931444079,0.3185029126508415,0.23597180204914298,0.23687104310976592,0.23584917759475743,0.23584917759475743,0.45205892851671015,12.23698792422164,-0.03945440178687676
16.57,11.57,91.31654081226513,1.0205061871128414,61.23037122677048,3673.822273606229,3.131770809713469,0.1361639482484117,8.246074245354096,0.35852496718930854,8.0,0.2778941931444078,0.3173768555227667,0.23965135573346952,0.2405423481808633,0.23950100843132838,0.23950100843132838,0.45046068825407193,12.241500522305495,-0.039707285140664794
16.580000000000002,11.580000000000002,91.39309726314069,1.0201078504370893,61.20647102622536,3672.3882615735215,3.094449974545774,0.1345413032411206,8.241294205245072,0.3583171393584814,8.0,0.2768941931444076,0.3162506412778864,0.24333730438994008,0.24421999991086965,0.24315937706146795,0.24315937706146795,0.44886222499173134,12.245997136871726,-0.039959930766620744
16.59,11.59,91.4681472594207,1.019706988497509,61.18241930985054,3670.9451585910324,3.0571297103868873,0.13291868306029947,8.236483861970108,0.3581079939987003,8.0,0.27589419314440783,0.31512427821265127,0.2470294563433833,0.24790380567544112,0.24682428506262766,0.24682428506262766,0.4472635505050425,12.250477765749208,-0.040212336724906095
16.6,11.600000000000001,91.5416812855444,1.019303603702591,61.15821622215547,3669.492973329328,3.0198119664346907,0.1312961724536822,8.231643244431094,0.3578975323665693,8.0,0.2748940373570174,0.31399779157641355,0.25072825632125045,0.2515942102519425,0.25049573125041014,0.25049573125041014,0.445664700631025,12.25494240700489,-0.04046450099239962
16.61,11.61,91.61368983513081,1.018897698477661,61.13386190865966,3668.0317145195795,2.9824920220231323,0.1296735661749188,8.226772381731932,0.3576857557274753,8.0,0.2738928626212343,0.3128711392200583,0.25443363973422567,0.25529114849062023,0.254173725175725,0.254173725175725,0.4440656155464151,12.259391058585777,-0.04071642187901148
16.62,11.620000000000001,91.68416341105772,1.018489275265011,61.10935651590066,3666.5613909540393,2.94517338359842,0.1280510166781922,8.221871303180132,0.3574726653556579,8.0,0.2728999737204004,0.31174436207271844,0.25814552653389233,0.25899453947533285,0.25785826304853887,0.25785826304853887,0.44246635334292633,12.263823718430224,-0.04096792188362741
16.63,11.629999999999999,91.7530925375297,1.0180783400399884,61.08470040239931,3665.0820241439583,2.9080433549259435,0.1264366676054758,8.216940080479862,0.3572582643686896,8.0,0.2720509759431485,0.3106193871398988,0.2618641860227673,0.2627045855541469,0.2615490366214661,0.2615490366214661,0.44086964906632803,12.26824039844227,-0.041216878061540285
16.64,11.64,91.82046778217197,1.0176649377037803,61.059896262226815,3663.5937757336087,2.8718577882365417,0.12486338209724095,8.211979252445364,0.3570425761932767,8.0,0.27149415103007574,0.3095042195104213,0.26558773927088697,0.26642003037852974,0.26524473729734266,0.26524473729734266,0.43928686453383375,12.272641181010272,-0.041458244499764874
16.65,11.649999999999999,91.88628005887922,1.017249175149993,61.03495050899958,3662.0970305399746,2.8374341254165873,0.12336670110506902,8.206990101799917,0.3568256565999964,8.0,0.27121169958322794,0.3084079989764022,0.2693157410489084,0.27014042064350835,0.26894382695149066,0.26894382695149066,0.43773097207463374,12.277026270193312,-0.0416859194757393
16.66,11.66,91.95052074840468,1.0168312193142657,61.00987315885594,3660.5923895313563,2.8054500783244647,0.12197609036193326,8.201974631771188,0.3566075926857038,8.0,0.2711861024695565,0.30733894198136813,0.2730457044042638,0.2738639377207443,0.27264486728192006,0.27264486728192006,0.4362136334868131,12.281395993221121,-0.04189454638750334
16.67,11.670000000000002,92.01318196422305,1.0164112842222428,60.984677053334565,3659.080623200074,2.7764647993293874,0.12071586084040815,8.196935410666914,0.35638849611595275,8.0,0.27140087622665854,0.30630442474684216,0.2767756123395089,0.27758898018511635,0.2763465124831638,0.2763465124831638,0.4347453180209368,12.28575078797866,-0.04207989064709494
16.68,11.68,92.07425673905028,1.0159896215013238,60.95937729007942,3657.5626374047656,2.7509346455908847,0.11960585415612544,8.191875458015886,0.3561684981746037,8.0,0.27184050990405495,0.3053110478295867,0.28050409821314587,0.2813142973360456,0.28004750347322505,0.28004750347322505,0.43333539400771426,12.290091191538803,-0.04223837006772868
16.69,11.690000000000001,92.13373905877062,1.0155665168208883,60.9339910092533,3656.039460555198,2.729219863427009,0.11866173319247866,8.18679820185066,0.3559477479065504,8.0,0.2724904285518986,0.30436467265111966,0.28422923428170216,0.28503824618299234,0.28374666451222763,0.28374666451222763,0.43199218070522993,12.29441782941237,-0.042367162662813485
16.7,11.7,92.19162407664044,1.0151422782480675,60.90853669488405,3654.5122016930427,2.711612576258458,0.11789619896775905,8.18170733897681,0.35572640604247,8.0,0.27334448316638793,0.3034705897578532,0.2879496637372699,0.2887595170758649,0.2874428821631332,0.2874428821631332,0.43072318711464935,12.298731406251468,-0.04246407465285529
16.71,11.71,92.24790813526653,1.014717235327831,60.883034119669865,3652.982047180192,2.69829911846102,0.1173173529765661,8.176606823933973,0.3555046445188684,8.0,0.2743387751609701,0.3026331307921869,0.2916640545209887,0.2924767966044534,0.29113516807391404,0.29113516807391404,0.42953456124135686,12.303032694993249,-0.04252808839641631
16.72,11.719999999999999,92.30258882078823,1.0142917164801393,60.857502988808356,3651.4501793285012,2.6890929972496593,0.11691708683694173,8.171500597761671,0.35528263468529003,8.0,0.2753381620085399,0.3018527740617799,0.29537152947997725,0.29618907430878844,0.29482313780511826,0.29482313780511826,0.42842698195904333,12.30732250270925,-0.042560510945484964
16.73,11.73,92.35566491569837,1.0138660251089215,60.83196150653529,3649.9176903921175,2.6835701723130043,0.11667696401360889,8.16639230130706,0.35506053483943734,8.0,0.27633816200854006,0.30112730995416975,0.29907168131617007,0.2998956940616605,0.29850684222298085,0.29850684222298085,0.42739731311101276,12.3116016241846,-0.04256417057601425
16.740000000000002,11.740000000000002,92.40713630947022,1.0134404330686189,60.80642598411713,3648.385559047028,2.681387792945964,0.11658207795417234,8.161285196823426,0.35483848681840985,8.0,0.2773381620085402,0.3004550117412468,0.30276499183226036,0.30359662011747746,0.30218626611052957,0.30218626611052957,0.4264431039100726,12.315870826269707,-0.042541893977144696
16.75,11.75,92.45700383512583,1.0130151872293787,60.78091123376272,3646.8546740257634,2.6822250187629084,0.11661847907664818,8.156182246752543,0.3546166194240236,8.0,0.27833816200854,0.29983411028674944,0.30645139581074443,0.3072915365925997,0.3058614102047629,0.3058614102047629,0.4255618433781093,12.320130851006148,-0.04249610934655834
16.76,11.760000000000002,92.50526919796799,1.0125905108816877,60.75543065290126,3645.3258391740756,2.685791317087947,0.11677353552556291,8.151086130580254,0.35439504915566317,8.0,0.2793381620085401,0.29926289640597037,0.3101308527571545,0.3109801930075545,0.30953227490469526,0.30953227490469526,0.42475110562770785,12.324382415751177,-0.042429190809677664
16.77,11.77,92.5519349876694,1.012166603413185,60.72999620479111,3643.7997722874666,2.691826881538948,0.1170359513712586,8.145999240958222,0.35417388004166184,8.0,0.28033816200853995,0.29873972068051674,0.31380424130076867,0.3146629549674219,0.31319886026140464,0.31319886026140464,0.4240085495992367,12.328626214027311,-0.042343221885211335
16.78,11.780000000000001,92.59700444867794,1.0117436464439835,60.70461878663901,3642.2771271983406,2.7000947504377484,0.11739542393207601,8.140923757327801,0.35395320684033915,8.0,0.2813381620085401,0.298262988145177,0.31747174054659005,0.3183397906968828,0.31686116606217696,0.31686116606217696,0.4233319115197884,12.332862916332907,-0.04223991573691421
16.79,11.79,92.64048143262649,1.011321805098447,60.679308305906815,3640.758498354409,2.7103791730483575,0.11784257274123294,8.135861661181362,0.3537331157035375,8.0,0.2823381620085399,0.2978311571229271,0.32113268605019907,0.3220101785698673,0.3205191918479393,0.3205191918479393,0.42271900324967615,12.337093170906753,-0.0421209635057096
16.8,11.8,92.68237042947068,1.0109012271738693,60.65407363043216,3639.2444178259293,2.72248668073036,0.1183689861187113,8.130814726086431,0.3535136837428883,8.0,0.28333816200854006,0.29744273896131346,0.32478735443817464,0.32567420649092077,0.3241729368966384,0.3241729368966384,0.42216771190827485,12.341317604482544,-0.04198800052512297
16.81,11.809999999999999,92.72267649463626,1.0104820450879446,60.62892270527668,3637.735362316601,2.7362435863182206,0.1189671124486183,8.125784541055335,0.3532949800458841,8.0,0.28433816200853984,0.2970962960690545,0.32843712718959445,0.3293326661420842,0.32782240024805565,0.32782240024805565,0.4216759970873228,12.34553682302752,-0.041842380309191185
16.82,11.82,92.7614051110146,1.0100643795676856,60.603862774061135,3636.231766443668,2.751491244306037,0.11963005410026246,8.120772554812227,0.3530770676005316,8.0,0.28533816200854,0.29679043804605465,0.33208164588529304,0.3329852971215526,0.3314675807558778,0.3314675807558778,0.4212418853581559,12.34975141243975,-0.0416852599700519
16.830000000000002,11.830000000000002,92.79856218003243,1.0096483398885434,60.57890039331261,3634.7340235987567,2.768085744219045,0.12035155409648024,8.115780078662521,0.3528600034201096,8.0,0.2863381620085402,0.2965238210922305,0.33571929584238025,0.3366310834583682,0.3351084770900593,0.3351084770900593,0.42086346943264047,12.353961939213704,-0.04151780250458614
16.84,11.84,92.83415403505597,1.0092340235175938,60.55404141105563,3633.2424846633376,2.7858983713395684,0.12112601614519863,8.110808282211126,0.35264383835700547,8.0,0.28733816200853995,0.29629514763764314,0.33935186158896036,0.3402711110287112,0.33874508772807876,0.33874508772807876,0.42053890763821095,12.358168951099058,-0.04134107341920412
16.85,11.850000000000001,92.86818735513074,1.0088215184201594,60.529291105209566,3631.757466312574,2.8048126430582743,0.12194837578514238,8.105858221041913,0.3524286183061701,8.0,0.2883381620085401,0.2961031635730934,0.3429806812919662,0.3439062025647691,0.342377410987331,0.342377410987331,0.4202664199871866,12.362372977737186,-0.04115594527645072
16.86,11.86,92.90066910694094,1.0084109046120648,60.50465427672389,3630.2792566034336,2.824722314442964,0.12281401367143321,8.100930855344778,0.35221438501499036,8.0,0.2893381620085399,0.29594665601327846,0.34660373277025786,0.34753512679857906,0.34600544504695074,0.34600544504695074,0.42004428500196506,12.366574531262131,-0.04096321994894225
16.87,11.870000000000001,92.93160655002791,1.0080022540211806,60.48013524127084,3628.80811447625,2.845531556974956,0.12371876334673723,8.096027048254168,0.3520011760110508,8.0,0.29033816200854007,0.29582445301765165,0.3502198779337332,0.3511572024984044,0.3496291879444761,0.3496291879444761,0.419870839318832,12.370774106883736,-0.04076368983609058
16.88,11.879999999999999,92.96100722458918,1.007595630815343,60.455737848920585,3627.3442709352353,2.8671545383661377,0.12465889297244076,8.091147569784116,0.35178902477322244,8.0,0.29133816200853985,0.2957354226891196,0.353832658600007,0.3547746260939712,0.3532486375785416,0.3532486375785416,0.4197444764087201,12.374972183462374,-0.040558039859327266
16.89,11.89,92.98887888338432,1.007191093223994,60.43146559343964,3625.8879356063785,2.8895130815415846,0.12563100354528628,8.086293118687928,0.35157796168208383,8.0,0.29233816200854,0.2956784703136094,0.35744156814382155,0.3583871144255439,0.3568637917352358,0.3568637917352358,0.4196636425173269,12.379169224057005,-0.04034684906083896
16.9,11.899999999999999,93.0152294806944,1.0067886938341264,60.40732163004758,3624.439297802855,2.912536284605404,0.126632012374148,8.081464326009517,0.3513680141743268,8.0,0.29333816200853985,0.29565253761767835,0.3610432336497375,0.36199262939467414,0.36047464809188645,0.36047464809188645,0.4196268356114228,12.383365676447648,-0.040130683077421736
16.91,11.91,93.04006717343846,1.0063884795624456,60.383308773746734,3622.998526424804,2.9361605575252425,0.12765915467501054,8.076661754749347,0.3511592067282325,8.0,0.29433816200854,0.2956566022969279,0.3646406638499638,0.3655930502078927,0.36408120421512624,0.36408120421512624,0.4196326047095168,12.387561973649253,-0.03991005704880024
16.92,11.920000000000002,93.06340028241617,1.0059904926931502,60.35942956158901,3621.565773695341,2.9603282885591495,0.12870992558952823,8.071885912317804,0.3509515614051219,8.0,0.29533816200854013,0.295689675999425,0.3682345241552574,0.36918882039687395,0.36768345757570975,0.36768345757570975,0.419679547019678,12.3917585344079,-0.03968540807469623
16.93,11.93,93.08523727278767,1.0055947714009517,60.3356862840571,3620.1411770434256,2.9849871722187293,0.1297820509660317,8.06713725681142,0.3507450981222357,8.0,0.29633816200853996,0.295750803070905,0.37182224788873053,0.3727784019712616,0.37128140555588746,0.37128140555588746,0.4197663061585714,12.395955763673792,-0.03945714661052335
16.94,11.940000000000001,93.10558675377186,1.0052013497609398,60.31208098565639,3618.724859139383,3.0100901971101726,0.13087348683087707,8.062416197131277,0.35053983465788163,8.0,0.2973381620085401,0.2958390601755195,0.37540547548203407,0.37636283806796,0.3748750454486493,0.3748750454486493,0.41989157161317575,12.400154053062652,-0.03922565131595945
16.95,11.95,93.12445745530458,1.0048102583746326,60.28861550247795,3617.3169301486773,3.035594841509523,0.13198238441345753,8.05772310049559,0.3503357869780691,8.0,0.2983381620085399,0.29595355469827783,0.37898480371362264,0.37994253179193355,0.3784643744665208,0.3784643744665208,0.4200540764733304,12.404353781303083,-0.038991247007359675
16.96,11.96,93.14185821122545,1.0044215248207926,60.26529148924756,3615.9174893548534,3.061462494007182,0.133107064956834,8.05305829784951,0.35013296947171785,8.0,0.29933816200854,0.2960934234824615,0.38255862990807393,0.38351653682380804,0.38204938974806163,0.38204938974806163,0.4202525956397165,12.40855531466365,-0.03875423590208271
16.97,11.969999999999999,93.15779795930067,1.004035173656591,60.24211041939545,3614.526625163727,3.087658452372193,0.13424601966835623,8.04842208387909,0.3499313949512648,8.0,0.30033816200853986,0.29625783253369703,0.38612787289387507,0.38708545290435,0.3856300883572344,0.3856300883572344,0.4204859454038408,12.412759007368866,-0.03851489928720042
16.98,11.98,93.17228572569256,1.0036512268350486,60.21907361010292,3613.144416606175,3.1141513871680453,0.13539788639861067,8.043814722020583,0.3497310748704601,8.0,0.30133816200853997,0.2964459756912658,0.38969328840275164,0.39064977894711617,0.3892064672892561,0.3892064672892561,0.4207529815621931,12.416965202003697,-0.03827347643802881
16.990000000000002,11.990000000000002,93.18533060920322,1.0032697041278302,60.19618224766981,3611.7709348601884,3.1409127983199654,0.13656142601391155,8.039236449533963,0.3495320195449549,8.0,0.30233816200854013,0.2966570732427658,0.3932536219637558,0.3942087798355907,0.3927785234768141,0.3927785234768141,0.42105259745000195,12.421174229898758,-0.03803018522035018
17.0,12.0,93.19694178113117,1.0028906231306416,60.1734373878385,3610.40624327031,3.167917008384594,0.137735522103678,8.034687477567699,0.3493342381551173,8.0,0.30333816200853997,0.2968903716316382,0.3968086478871417,0.39776235032026686,0.3963462537897587,0.3963462537897587,0.42138372352612025,12.425386411503638,-0.03778523707928372
17.01,12.010000000000002,93.207128480753,1.0025139993862446,60.150839963174676,3609.0503977904805,3.195141004650493,0.13891917411523882,8.030167992634937,0.34913773881021465,8.0,0.30433816200854014,0.2971451428871349,0.4003602100264208,0.40131165322794876,0.39990965503651155,0.39990965503651155,0.42174532656396424,12.429602056754089,-0.03753881332733755
17.02,12.02,93.21589999747229,1.002139846864095,60.1283908118457,3607.7034487107417,3.222563822549536,0.140111470545632,8.02567816236914,0.3489425287986582,8.0,0.3053381620085399,0.2974206827518566,0.4039078496758974,0.4048564378118959,0.4034687239712378,0.4034687239712378,0.4221364069938826,12.433821465421877,-0.037291068294308616
17.03,12.030000000000001,93.22326566860379,1.0017681780203584,60.10609068122151,3606.3654408732905,3.2501664685458302,0.14131158558894916,8.0212181362443,0.3487486146193174,8.0,0.3063381620085401,0.2977163103438781,0.40744937273113613,0.4083953875920428,0.4070234572946689,0.4070234572946689,0.42255599842360275,12.438044927448965,-0.03704215412699341
17.04,12.04,93.22923488008246,1.001399003781555,60.0839402268933,3605.0364136135977,3.2779319414041974,0.14251878006105206,8.01678804537866,0.34855600197298525,8.0,0.30733816200853986,0.298031367869372,0.4109866277536803,0.41192966407449416,0.4105738516533706,0.4105738516533706,0.423003167230351,12.442272723277235,-0.03679220956187379
17.05,12.05,93.23381705590097,1.001032333829121,60.061940029747255,3603.7164017848354,3.3058448663617654,0.1437323854939898,8.01238800594945,0.3483646959108457,8.0,0.30833816200854003,0.2983652193682976,0.4145205291205681,0.41545985438713695,0.4141199036440089,0.4141199036440089,0.4234770107805776,12.44650512416729,-0.03654135107733936
17.06,12.059999999999999,93.23702165216037,1.0006681767600083,60.0400906056005,3602.4054363360297,3.333891288673105,0.14495179515970022,8.008018121120099,0.34817470091826513,8.0,0.3093381620085398,0.29871724980344416,0.41804898089607306,0.41898469804213506,0.41766160981572054,0.41766160981572054,0.4239766561370146,12.450742392501876,-0.03628968686559375
17.07,12.07,93.23885815694722,1.0003065400918092,60.01839240550855,3601.103544330513,3.362058667121439,0.14617646378788868,8.00367848110171,0.34798602091746567,8.0,0.31033816200854,0.2990868648477172,0.42157267756636646,0.4225046444705597,0.4211989666699742,0.4211989666699742,0.42450125975676506,12.454984782081345,-0.036037318337633906
17.080000000000002,12.080000000000002,93.23933608554387,0.9999474303932555,59.99684582359533,3599.81074941572,3.3903357062935324,0.14740590027363185,7.999369164719067,0.3477986593356116,8.0,0.31133816200854014,0.29947349007084373,0.42509287101785576,0.4260204835489832,0.4247319706624032,0.4247319706624032,0.4250500063369752,12.459232538411815,-0.03578433259416158
17.09,12.09,93.23846497467201,0.999590853439926,59.97545120639556,3598.527072383734,3.418712156374692,0.1486396589728127,7.9950902412791125,0.34761261918604835,8.0,0.3123381620085399,0.29987656990091677,0.4286081506546393,0.4295313709699631,0.4282606182051607,0.4282606182051607,0.42562210734092826,12.463485898980203,-0.03553080814832299
17.1,12.100000000000001,93.23625438195178,0.9992368142302891,59.95420885381735,3597.252531229041,3.4471787925711426,0.149877338807441,7.990841770763469,0.34742790307667254,8.0,0.3133381620085401,0.30029556738885976,0.4321182845999392,0.43303718400393243,0.4317849056670395,0.4317849056670395,0.4262168006637437,12.467745093520227,-0.03527681973223196
17.11,12.11,93.23271388376303,0.9988853170452814,59.93311902271688,3595.9871413630126,3.475727338556723,0.15111857993724884,7.986623804543376,0.34724451324101635,8.0,0.31433816200853987,0.300729963739816,0.43562491164424205,0.43653894585684877,0.4353048293742281,0.4353048293742281,0.42683334996726635,12.47201034427338,-0.03502243201346289
17.12,12.120000000000001,93.2278530700305,0.9985363655900199,59.91218193540119,3594.7309161240714,3.5043502842379337,0.15236305583643192,7.982436387080239,0.3470624516121843,8.0,0.31533816200854003,0.3011792571372368,0.43912734206489407,0.4400362505249334,0.43882038561247827,0.43882038561247827,0.42747104301106703,12.476281866238272,-0.03476770142763996
17.13,12.129999999999999,93.22168154340662,0.9981899630167287,59.89139778100372,3593.4838668602233,3.5330408562858353,0.1536104720124276,7.978279556200745,0.34688171983481497,8.0,0.31633816200853987,0.30164296247304007,0.4426238609950247,0.4435280621567638,0.4423315706273978,0.4423315706273978,0.4281291912694489,12.480559867409674,-0.03451268240676342
17.14,12.14,93.21420891872467,0.9978461119418848,59.87076671651309,3592.246002990785,3.5617929961362886,0.15486056504940388,7.974153343302618,0.34670231927402684,8.0,0.31733816200854004,0.30212061114140926,0.4461165687410864,0.4470156834894155,0.44583838062456976,0.44583838062456976,0.4288071296387822,12.484844549014216,-0.03425742346369276
17.150000000000002,12.150000000000002,93.20544481930209,0.9975048145474548,59.85028887284729,3591.0173323708373,3.590601229787569,0.15611309694728562,7.970057774569457,0.34652425106823725,8.0,0.31833816200854015,0.30261175003463775,0.4496060876951199,0.45049950983327314,0.4493408117710871,0.4493408117710871,0.42950421501228125,12.489136105737472,-0.03400196574118297
17.16,12.16,93.1953988752653,0.9971660726270611,59.829964357623666,3589.79786145742,3.6194606084264263,0.1573678525402794,7.965992871524733,0.34634751615324927,8.0,0.31933816200854,0.30311594097268957,0.45308997101025406,0.4539780532396833,0.45283886019624664,0.45283886019624664,0.43021982547036647,12.493434725939885,-0.03374634769121343
17.17,12.170000000000002,93.18408072333439,0.9968298875936304,59.809793255617826,3588.5875953370696,3.64836669860936,0.15862463906997218,7.961958651123564,0.3461721152662419,8.0,0.3203381620085401,0.3036327605682941,0.4565684398695481,0.45745146101970124,0.4563325219915847,0.4563325219915847,0.43095336008918966,12.497740591867684,-0.03349060514746327
17.18,12.18,93.1715000052441,0.9964962605241119,59.789775631446716,3587.386537886803,3.677315524754276,0.1598832836849685,7.957955126289343,0.34599804896910186,8.0,0.32133816200853993,0.3041617997410479,0.46004420727597123,0.460921407701295,0.45982179321149613,0.45982179321149613,0.4317042382509873,12.502053879859384,-0.03323476882754761
17.19,12.190000000000001,93.15766636566816,0.9961651922170796,59.769911533024775,3586.1946919814864,3.7063034950380813,0.161143630219047,7.953982306604955,0.3458253176784763,8.0,0.3223381620085401,0.304702662827104,0.4635157985970643,0.46438699882457246,0.4633066698741224,0.4633066698741224,0.4324718983804405,12.506374760542542,-0.03297886607218459
17.2,12.2,93.1425894518902,0.9958366832026683,59.750200992160096,3585.0120595296057,3.7353273886192198,0.16240553863561824,7.950040198432019,0.3456539216709573,8.0,0.3233381620085399,0.3052549674100556,0.46698081656655455,0.46784677330407615,0.4667871479614623,0.4667871479614623,0.4332557977046444,12.510703399022967,-0.03272292252081144
17.21,12.21,93.12627891300349,0.9955107337666633,59.7306440259998,3583.838641559988,3.76438432465167,0.16366888368050742,7.94612880519996,0.34548386109565044,8.0,0.32433816200854004,0.3058183440619617,0.4704425196632952,0.47130273777099935,0.47026322341968635,0.47026322341968635,0.4340554118855394,12.515039955070918,-0.032466960670596734
17.22,12.219999999999999,93.10874439854163,0.9951873439892563,59.71124063935538,3582.6744383613227,3.793471712417602,0.16493355271380877,7.942248127871077,0.3453151359943946,8.0,0.3253381620085398,0.30639243558055795,0.4739006838517107,0.47475476241824566,0.47373489215970876,0.47373489215970876,0.43487023393726637,12.519384583300031,-0.03221100037773539
17.23,12.23,93.08999555800246,0.9948665137591086,59.69199082554652,3581.519449532791,3.8225872332309208,0.16619944492308353,7.9383981651093025,0.3451477463091001,8.0,0.32633816200854,0.3069768966674196,0.47735274792131555,0.47820128345961177,0.4772021500573902,0.4772021500573902,0.43569977376937474,12.523737433338566,-0.031955059852229795
17.240000000000002,12.240000000000002,93.07004204022995,0.9945482427922117,59.6728945675327,3580.373674051962,3.8517288161664647,0.16746647026810715,7.93457891350654,0.34498169189158867,8.0,0.3273381620085401,0.3075713937505248,0.4808008817940573,0.48164363792184783,0.48066499295378023,0.48066499295378023,0.4365435579349828,12.528098649997087,-0.03169915515933042
17.25,12.25,93.04889349260189,0.9942325306559221,59.65395183935533,3579.2371103613195,3.8808946071241777,0.16873454813583383,7.930790367871064,0.34481697251613325,8.0,0.32833816200853994,0.30817560436939334,0.4842453585778767,0.4850819989762628,0.4841234166554626,0.4841234166554626,0.43740112875809034,12.532468373430552,-0.031443300606895264
17.26,12.260000000000002,93.02655956066786,0.9939193767800737,59.63516260680442,3578.109756408265,3.910082954523474,0.17000360671841194,7.927032521360883,0.3446535878852558,8.0,0.3293381620085401,0.30878921679632376,0.4876842706760445,0.48851520190320974,0.4875774169347086,0.4875774169347086,0.4382720437959908,12.536846739293322,-0.03118750911038859
17.27,12.27,93.00304988760205,0.9936087804737144,59.61652682842286,3576.991609705372,3.9392923877578925,0.1712735820764301,7.923305365684572,0.3444915376384597,8.0,0.3303381620085399,0.3094119299069953,0.49111889843455975,0.49194403650856,0.4910269895297023,0.4910269895297023,0.4391558756556136,12.54123387889058,-0.03093179192308071
17.28,12.280000000000001,92.97837411367722,0.993300740941612,59.59804445649672,3575.8826673898034,3.9685215959380393,0.17254441721469738,7.919608891299344,0.34433082136084103,8.0,0.33133816200854005,0.3100434526708231,0.49454991001097914,0.49536891666575056,0.49447213014477365,0.49447213014477365,0.44005221127017324,12.54562991932521,-0.030676159164599426
17.29,12.29,92.95254187609264,0.9929952572904226,59.57971543742536,3574.7829262455216,3.997769419944725,0.17381606173672717,7.915943087485071,0.34417143858630744,8.0,0.3323381620085399,0.3106835037173335,0.4979757096786943,0.49878886746154866,0.4979128344504547,0.4979128344504547,0.44096065128371453,12.550034983637978,-0.030420619979651065
17.3,12.3,92.92556280854288,0.992692328542019,59.561539712521146,3573.6923827512687,4.027034835262337,0.17508847109836248,7.912307942504229,0.3440133888045317,8.0,0.33333816200854005,0.3113318112270746,0.5013964857033075,0.5022040076155005,0.5013490980836814,0.5013490980836814,0.44188080989628015,12.55444919094388,-0.030165182042033223
17.31,12.309999999999999,92.89744654070627,0.992391953649582,59.54351721897492,3572.6110331384953,4.056316931255307,0.1763616057067525,7.908703443794984,0.3438566714693471,8.0,0.33433816200853983,0.31198811263948656,0.5048139466509731,0.5056153877638556,0.5047809166480118,0.5047809166480118,0.4428123144492831,12.558872656565606,-0.029909852172430362
17.32,12.32,92.86820269829141,0.9920941314985705,59.52564788991423,3571.538873394854,4.085614909897622,0.177635430865114,7.905129577982845,0.34370128599925415,8.0,0.33533816200854,0.31265215406693325,0.5082271790972632,0.5090224502310194,0.5082082857136005,0.5082082857136005,0.44375480459382793,12.563305492160822,-0.02965463690873804
17.330000000000002,12.330000000000002,92.83784090289886,0.9917988609114071,59.50793165468443,3570.4758992810657,4.114928079735459,0.17890991651023735,7.901586330936885,0.34354723177986457,8.0,0.3363381620085401,0.3133236901844376,0.5116362946205824,0.512426117488616,0.5116321737329417,0.5116321737329417,0.4447079321342096,12.567747805844462,-0.029399541460563228
17.34,12.34,92.80637077130312,0.9915061406693593,59.490368440161554,3569.4221064096932,4.144255827703569,0.1801850359871117,7.89807368803231,0.34339450817531786,8.0,0.33733816200853994,0.3140024841009412,0.515036200683738,0.5158202967786081,0.5150488651132834,0.515036200683738,0.4456713608451887,12.572199702309359,-0.02914457001134707
17.35,12.350000000000001,92.77380191558804,0.9912159695111802,59.47295817067081,3568.3774902402483,4.173597620851858,0.18146076612399384,7.894591634134162,0.3432431145275723,8.0,0.3383381620085401,0.31468830686093285,0.5184165989670215,0.5191943628185136,0.5184514977038881,0.5184165989670215,0.4466447657646409,12.576661282942409,-0.028889726919580028
17.36,12.36,92.74014394328,0.9909283461309677,59.45570076785806,3567.3420460714838,4.202953009087553,0.18273708735163274,7.8911401535716115,0.34309305015528746,8.0,0.3393381620085399,0.3153809371496388,0.5217764506048008,0.5225485773801004,0.521837095585182,0.5217764506048008,0.4476278327751265,12.581132645935106,-0.02863501602331553
17.37,12.370000000000001,92.70540645694851,0.9906432691907138,59.43859615144282,3566.315769086569,4.232321609005646,0.18401398300024546,7.887719230288566,0.3429443143603724,8.0,0.34033816200854006,0.3160801611867732,0.5251170568133066,0.5258848420647608,0.5252046642541561,0.5251170568133066,0.4486202584530877,12.585613886391249,-0.028380439568344684
17.38,12.379999999999999,92.66959905356272,0.9903607373396007,59.42164424037605,3565.298654422563,4.261703079031218,0.1852914382187486,7.884328848075208,0.34279690643805255,8.0,0.34133816200853984,0.3167857726395576,0.52843803747097,0.5291997949849351,0.5285541817351256,0.52843803747097,0.4496217499453947,12.59010509643324,-0.028125999569446947
17.39,12.39,92.63273132515296,0.9900807491993248,59.40484495195948,3564.290697117569,4.291097138279137,0.1865694407947451,7.880968990391898,0.34265082566921296,8.0,0.34233816200854,0.3174975719837911,0.5317393496914012,0.5324932458218836,0.5318852772446699,0.5317393496914012,0.4506320240624978,12.59460636530328,-0.02787169888658525
17.400000000000002,12.400000000000002,92.59481285891502,0.989803303361869,59.388198201712136,3563.291892102728,4.32050356941646,0.18784798127897656,7.8776396403424265,0.34250607131923594,8.0,0.34333816200854017,0.3182153663957886,0.5350209509601085,0.5357687534651216,0.5351968388946954,0.5350209509601085,0.4516508071250521,12.599117779459219,-0.02761753959265434
17.41,12.41,92.55585323661028,0.9895283984074718,59.3717039044483,3562.3022342668983,4.349922195512226,0.18912705197879248,7.874340780889661,0.34236264264737654,8.0,0.34433816200853995,0.3189389697113276,0.5382827989582295,0.5390267926100948,0.5384885487927976,0.5382827989582295,0.45267783490564983,12.60363942266937,-0.02736352223578109
17.42,12.420000000000002,92.51586203421348,0.9892560329171534,59.355361975029204,3561.3217185017525,4.379352863881697,0.19040664625572595,7.87107239500584,0.3422205389132974,8.0,0.3453381620085401,0.319668202164833,0.5415248514387768,0.5422627444792261,0.5417607700051918,0.5415248514387768,0.4537128522586391,12.608171376105194,-0.027109647590144448
17.43,12.43,92.47484882260311,0.9889862054556688,59.33917232734013,3560.3503396404076,4.4087954680155566,0.19168675947893726,7.867834465468025,0.34207975936817503,8.0,0.3463381620085399,0.32040289002766575,0.5447470663922183,0.5454787684110366,0.5450133594449145,0.5447470663922183,0.4547556126067383,12.61271371842952,-0.02685591687911426
17.44,12.440000000000001,92.43282316731874,0.9887189145795712,59.32313487477427,3559.388092486456,4.438249937182688,0.19296738857316034,7.864626974954853,0.3419403032589067,8.0,0.34733816200854006,0.3211428655101585,0.5479494019670306,0.5486766140240448,0.5482462050817041,0.5479494019670306,0.45580587780199266,12.617266525881565,-0.026602330323697743
17.45,12.45,92.38979462820247,0.988454158849195,59.3072495309517,3558.434971857102,4.467716220980206,0.1942485313469655,7.861449906190339,0.34180216983436257,8.0,0.34833816200853984,0.3218879666137639,0.5511318163516356,0.5518532701556551,0.5514592574392789,0.5511318163516356,0.4568634179159247,12.621829872360154,-0.026348888027349915
17.46,12.46,92.34577275983622,0.9881919368190243,59.291516209141456,3557.490972548487,4.497194301710692,0.1955301870308997,7.858303241828291,0.3416653583403605,8.0,0.34933816200854,0.32263803681869735,0.5542942678673615,0.5550099476065674,0.5546524509776913,0.5542942678673615,0.45792801079619844,12.626403829503715,-0.026095590420602832
17.47,12.469999999999999,92.30076711148031,0.987932247040783,59.27593482244698,3556.5560893468187,4.5266841903896,0.19681235610389564,7.855186964489395,0.34152986802127805,8.0,0.3503381620085398,0.32339292496645056,0.557436714937599,0.5581479777644556,0.5578257259581604,0.557436714937599,0.45899944189986747,12.630988466767194,-0.025842437002118857
17.48,12.48,92.25478722657344,0.9876750880789819,59.26050528473891,3555.630317084335,4.556185906705977,0.198095039421999,7.852101056947783,0.34139569812816445,8.0,0.35133816200853996,0.324152485175021,0.5605591159350847,0.5612648546654969,0.5609790422931666,0.5605591159350847,0.4600775041730583,12.63558385149756,-0.025589427140040755
17.490000000000002,12.490000000000002,92.20784264331168,0.987420458497982,59.245227509878916,3554.713650592735,4.585699495652891,0.19937823894143006,7.849045501975783,0.3412628479119906,8.0,0.3523381620085401,0.3249165764978778,0.563661429306934,0.5643607632436715,0.5641123540356179,0.563661429306934,0.46116199756693266,12.640190049006259,-0.025336561004024816
17.5,12.5,92.15994289480008,0.9871683568589014,59.23010141153408,3553.806084692045,4.6152250314995875,0.2006619578912864,7.846020282306816,0.3411313166220355,8.0,0.3533381620085399,0.32568506281355675,0.5667436136043724,0.5674387821442266,0.5672256097185581,0.5667436136043724,0.4622527288809863,12.644807122638499,-0.0250838379745133
17.51,12.510000000000002,92.11109750843248,0.9869187817384917,59.2151269043095,3552.90761425857,4.64476259346422,0.20194619971583566,7.843025380861899,0.34100110351573476,8.0,0.35433816200854007,0.3264578127649936,0.5698056272974712,0.5704971127000659,0.5703187692049911,0.5698056272974712,0.46334951167694405,12.649435133841289,-0.02483125651378515
17.52,12.52,92.0613160059967,0.9866717317286257,59.20030390371754,3552.0182342230523,4.67431226635013,0.20323096810217955,7.840060780743507,0.3408722078584134,8.0,0.35533816200853985,0.3272346995636356,0.572847428779115,0.573532068939006,0.573391794237275,0.572847428779115,0.4644521660007301,12.654074142229677,-0.024578815901271867
17.53,12.530000000000001,92.010607904346,0.9864272054204664,59.185632325227985,3551.137939513679,4.703874160908484,0.20451626786558624,7.837126465045596,0.34074462891502594,8.0,0.35633816200854,0.3280156007123596,0.5758689765185188,0.5765460709096016,0.5764446407236481,0.5758689765185188,0.46556051798919873,12.658724205649627,-0.0243265160016648
17.54,12.54,91.95898271527075,0.9861852014085924,59.17111208451555,3550.266725070933,4.733448408520526,0.20580210471828372,7.834222416903109,0.3406183659523091,8.0,0.3573381620085398,0.3288003979788994,0.5788702290206507,0.5795442960516397,0.5794772620677673,0.5788702290206507,0.4666743998324199,12.663385380238733,-0.02407435540638403
17.55,12.55,91.90644994481696,0.9859457183123386,59.156743098740314,3549.404585924419,4.763035133686545,0.20708848407332803,7.831348619748062,0.34049341824991575,8.0,0.35833816200853996,0.32958897729745684,0.5818511446165695,0.582520804014429,0.5824896200040347,0.5818511446165695,0.46779364963403264,12.668057720486066,-0.023822332436722604
17.56,12.559999999999999,91.8530190939501,0.985708754759858,59.142525285591475,3548.5515171354887,4.792634474531713,0.20837541193616144,7.828505057118296,0.3403697850920998,8.0,0.35933816200853974,0.33038122854180835,0.5848116816181743,0.5854749640171334,0.5854816732795711,0.5848116816181743,0.4689181110892099,12.672741279289681,-0.023570446321912186
17.57,12.57,91.79869965869274,0.9854743093859002,59.12845856315401,3547.7075137892407,4.822246585653127,0.20966289502839683,7.825691712630802,0.3402474657665566,8.0,0.3603381620085399,0.33117704540901777,0.5877517983392297,0.5884112431490112,0.5884533786356718,0.5877517983392297,0.47004763331960975,12.677436108011726,-0.023318695761538777
17.580000000000002,12.580000000000002,91.74350112972586,0.9852423808446271,59.11454285067763,3546.872571040658,4.8518716215955315,0.21095094006937096,7.822908570135525,0.3401264595711098,8.0,0.3613381620085401,0.33197632535027927,0.5906714529693582,0.5913263096197375,0.5914046952223666,0.5906714529693582,0.4711820707752184,12.6821422565322,-0.02306707913867001
17.59,12.59,91.6874329927156,0.9850129678031269,59.10077806818761,3546.0466840912563,4.8815097451838785,0.21223955413842951,7.820155613637523,0.34000676581032707,8.0,0.36233816200853985,0.3327789693895807,0.593570603636358,0.5942199282654781,0.5943355814874456,0.593570603636358,0.47232128297697523,12.686859773300961,-0.022815595396671995
17.6,12.600000000000001,91.63050472854303,0.9847860689366937,59.08716413620162,3545.2298481720973,4.911161133587577,0.2135287449385903,7.817432827240324,0.3398883837930576,8.0,0.36333816200854,0.3335848820085974,0.5964492084516404,0.5970946499158492,0.5972459939964689,0.5964492084516404,0.4734651343533995,12.691588705387614,-0.022564243012247687
17.61,12.61,91.57272581285447,0.9845616829428819,59.073700976572916,3544.422058594375,4.9408259602037345,0.21481852000885804,7.814740195314583,0.33977131283976447,8.0,0.36433816200853986,0.3343939710967685,0.5993072253722074,0.5999482944901422,0.6001358920413982,0.5993072253722074,0.47461349416973225,12.69632909853023,-0.022313020077305623
17.62,12.620000000000001,91.51410571639123,0.9843398085351476,59.06038851210886,3543.6233107265316,4.970504402822854,0.21610888707925455,7.81207770242177,0.3396555522792074,8.0,0.36533816200854,0.33520614777776153,0.6021446122616558,0.6027799834497818,0.6030052346370983,0.6021446122616558,0.47576623628163395,12.701080997182487,-0.02206192545804697
17.63,12.629999999999999,91.45465390538313,0.9841204444337209,59.047226666023256,3542.8335999613955,5.000196655372907,0.21739985458143077,7.809445333204652,0.3395411014436805,8.0,0.3663381620085398,0.33602132628691117,0.6049613269786596,0.6055923355212035,0.6058539775535441,0.6049613269786596,0.47692323896122957,12.7058444445587,-0.021810957929758956
17.64,12.64,91.39437984120597,0.9839035893765524,59.034215362593145,3542.0529217555886,5.029902913806063,0.21869143103504624,7.806843072518629,0.339427959674723,8.0,0.36733816200853997,0.33683942392508376,0.6077573272693765,0.6083857797705995,0.608682077923031,0.6077573272693765,0.47808438483162785,12.710619482677664,-0.021560115208536956
17.650000000000002,12.650000000000002,91.33329298008255,0.9836892421295501,59.021354527773006,3541.2812716663802,5.059623362892172,0.21998362447357267,7.804270905554601,0.3393161263284609,8.0,0.3683381620085401,0.33766036098414787,0.6105325706665992,0.61115574769551,0.6114894966816153,0.6105325706665992,0.4792495607611397,12.71540615240563,-0.021309395452945523
17.66,12.66,91.27140277389086,0.9834774014674934,59.00864408804961,3540.5186452829766,5.089358200782666,0.22127644351228984,7.80172881760992,0.3392056007656487,8.0,0.3693381620085399,0.3384840605399207,0.6132870146749843,0.613902950481538,0.6142761913362131,0.6132870146749843,0.48041865756940205,12.720204493497281,-0.021058797824778708
17.67,12.670000000000002,91.20871867022396,0.9832680661730546,58.996083970383275,3539.7650382229963,5.119107640265216,0.22256989740283548,7.799216794076655,0.3390963823511589,8.0,0.3703381620085401,0.339310448417102,0.6160206167803379,0.6166332431924769,0.617042115990827,0.6160206167803379,0.4815915699776076,12.725014544635016,-0.020808320608388442
17.68,12.68,91.14525011179381,0.9830612350553256,58.98367410331954,3539.020446199172,5.148871884878874,0.22386399499473367,7.796734820663907,0.33898847046364816,8.0,0.37133816200853986,0.34013945313987787,0.6187333342677069,0.6193431047724138,0.6197872294042216,0.6187333342677069,0.4827681965383957,12.729836343467595,-0.020557961496798782
17.69,12.690000000000001,91.08100653676611,0.9828569069431187,58.97141441658712,3538.2848649952275,5.1786511375247475,0.22515874510977163,7.794282883317423,0.33888186449206187,8.0,0.37233816200854003,0.3409710058035233,0.6214251242858595,0.6220292413087425,0.6225114902661604,0.6214251242858595,0.4839484394536147,12.734669926647555,-0.020307718983481493
17.7,12.7,91.01599737916473,0.9826550806756559,58.95930484053935,3537.558290432361,5.2084456124483225,0.22645415706297053,7.79186096810787,0.338776563830777,8.0,0.3733381620085398,0.3418050399721588,0.6240959439375283,0.6246962499647444,0.6252148547010509,0.6240959439375283,0.48513220442920535,12.739515329866968,-0.02005759153598774
17.71,12.71,90.9502320685709,0.982455755112399,58.94734530674394,3536.8407184046364,5.238255522562203,0.22775024011140013,7.789469061348787,0.3386725678847299,8.0,0.37433816200854,0.3426414916381237,0.626745750182743,0.6273427316413612,0.6278972799465355,0.626745750182743,0.4863194006175386,12.744372587892203,-0.019807577100820595
17.72,12.719999999999999,90.88372003019026,0.9822589291336394,58.93553574801837,3536.1321448811022,5.268081078669514,0.22904700342041368,7.787107149603673,0.33856987606972494,8.0,0.37533816200853976,0.34348029912613653,0.6293744998321171,0.6299666049691682,0.6305587238436954,0.6293744998321171,0.48750994048138774,12.749241734597696,-0.019557674052578022
17.73,12.73,90.81647068525656,0.9820646016313475,58.92387609788085,3535.4325658728512,5.297922501238526,0.2303444565755881,7.7847752195761695,0.33846848780765953,8.0,0.3763381620085399,0.34432140299536035,0.6319821496354814,0.6325705634173273,0.6331991421878784,0.6319821496354814,0.48870373965492747,12.754122802998378,-0.019307880796098686
17.740000000000002,12.740000000000002,90.74849345077537,0.9818727715177175,58.912366291063044,3534.741977463783,5.327780009383006,0.23164260910360898,7.78247325821261,0.33836840253098305,8.0,0.3773381620085401,0.34516474600205943,0.6345686561978061,0.6351539506298387,0.6358184917444505,0.6345686561978061,0.48990071689073184,12.759015825281107,-0.01905819513410023
17.75,12.75,90.67979773948129,0.9816834377286654,58.90100626371992,3534.0603758231955,5.357653816338828,0.2329414702756012,7.780201252743985,0.3382696196845211,8.0,0.37833816200853987,0.3460102730226233,0.6371339759441356,0.6377145207184769,0.6384167307200852,0.6371339759441356,0.4911007939505202,12.763920832835312,-0.01880861532468714
17.76,12.760000000000002,90.610392960383,0.9814965992112237,58.889795952673424,3533.3877571604053,5.3875441456905815,0.234241049812634,7.777959190534683,0.3381721387188993,8.0,0.37933816200854004,0.3468579309438066,0.6396780652418259,0.6402539822637653,0.6409938146830438,0.6396780652418259,0.49230389544937175,12.768837856282312,-0.018559140098908244
17.77,12.77,90.5402885186901,0.9813122549266872,58.87873529560123,3532.724117736074,5.417451227310627,0.2355413577091577,7.7757470591202456,0.3380759590921846,8.0,0.3803381620085398,0.3477076686311829,0.6422008803693635,0.6427750850084505,0.6435496981583688,0.6422008803693635,0.49350994881095184,12.773766925503613,-0.01830976723503852
17.78,12.780000000000001,90.46949381530682,0.9811304038665228,58.86782423199137,3532.0694539194824,5.447375276843546,0.23684240334102377,7.7735648463982745,0.33798108027818585,8.0,0.38133816200854,0.3485594368909662,0.6447023773601512,0.6452731285604142,0.6460843398567673,0.6447023773601512,0.4947188842133238,12.778708069668737,-0.018060494440021557
17.79,12.79,90.39801824746621,0.9809510450378868,58.857062702273204,3531.4237621363923,5.477316514351919,0.2381441962761704,7.771412540454641,0.3378875017588974,8.0,0.38233816200853976,0.3494131883518421,0.6471825121429085,0.6477467748450823,0.6485976968442675,0.6471825121429085,0.49593063442122914,12.783661317261908,-0.017811320443570366
17.8,12.8,90.32587120899542,0.9807741774576515,58.84645064745909,3530.787038847546,5.50727517200541,0.23944674660893087,7.769290129491818,0.3377952230213834,8.0,0.38333816200853993,0.3502688774134344,0.6496412405995242,0.650201403686167,0.651089722798594,0.6496412405995242,0.49714513471294525,12.78862669610758,-0.01756224370118531
17.81,12.809999999999999,90.2530620899521,0.9805998001638632,58.83598800983179,3530.159280589907,5.537251479306197,0.24075006431766072,7.767197601966357,0.33770424356375467,8.0,0.3843381620085397,0.351126460221716,0.6520785184525442,0.652637312840152,0.6535603731318909,0.6520785184525442,0.4983623228453852,12.79360423339537,-0.01731326185985438
17.82,12.82,90.17960027654921,0.9804279122204544,58.82567473322727,3529.540483993636,5.567245657000413,0.24205415900001795,7.765134946645453,0.3376145628976284,8.0,0.3853381620085399,0.3519858945998008,0.65449430121814,0.6550487031117063,0.6560096054409656,0.65449430121814,0.4995821389558687,12.798593955704378,-0.0170643729989024
17.830000000000002,12.830000000000002,90.10549515171537,0.980258512703885,58.815510762233096,3528.930645733986,5.5972579342832915,0.24335904062101268,7.763102152446619,0.33752618054115735,8.0,0.38633816200854004,0.35284713997043937,0.6568885443358795,0.6574388311997188,0.6584373748109021,0.6568885443358795,0.5008045254521193,12.803595889026418,-0.016815575616277556
17.84,12.84,90.03075609496399,0.9800916007081288,58.80549604248773,3528.329762549264,5.627288542364306,0.24466471923323072,7.761099208497545,0.3374390960216324,8.0,0.3873381620085399,0.3537101573257444,0.6592612031194687,0.6598093706256652,0.6608436361609324,0.6592612031194687,0.5020294269692938,12.808610058788524,-0.016566867635148697
17.85,12.850000000000001,89.95539248223773,0.979927175351182,58.79563052107092,3527.737831264255,5.657337706067331,0.2459712046116231,7.759126104214183,0.33735330887887754,8.0,0.38833816200854004,0.3545749091783349,0.6616122326923555,0.6621565587640104,0.663228345836095,0.6616122326923555,0.5032567903006409,12.813636489874874,-0.01631824713814467
17.86,12.86,89.87941368634485,0.979765235765366,58.78591414592196,3527.1548487553173,5.687405656316686,0.24727850679637767,7.7571828291843925,0.337268818660191,8.0,0.3893381620085398,0.35544135948979566,0.6639415880816131,0.664482217793555,0.6655914585981281,0.6639415880816131,0.5044865642959616,12.818675206647855,-0.016069712572672756
17.87,12.870000000000001,89.80282907692205,0.9796057810997286,58.77634686598372,3526.5808119590233,5.717492627035192,0.24858663595805183,7.755269373196743,0.33718562492159754,8.0,0.39033816200854,0.3563094736401104,0.6662492241939713,0.6667878000610934,0.6679329287457836,0.6662492241939713,0.5057186998182251,12.823726232968427,-0.015821261802287268
17.88,12.879999999999999,89.72564802016976,0.9794488105293203,58.76692863175922,3526.015717905553,5.747598843178208,0.2498956018773134,7.753385726351844,0.3371037272326889,8.0,0.3913381620085398,0.35717921839166267,0.6685350957244642,0.6690701334245286,0.6702527126602028,0.6685350957244642,0.5069531496924741,12.82878959221598,-0.015572892793223048
17.89,12.89,89.64787987936455,0.9792943232438641,58.757659394631844,3525.4595636779104,5.777724535324266,0.2512054145793159,7.751531878926369,0.3370231251707117,8.0,0.39233816200853994,0.35805056181295364,0.6707991572661218,0.6713297516359585,0.6725507650616858,0.6707991572661218,0.5081898685975558,12.83386530730743,-0.015324604162806565
17.900000000000002,12.900000000000002,89.56953401495853,0.9791423184460641,58.74853910676385,3524.912346405831,5.8078699418507425,0.25251608442829315,7.749707821352769,0.3369438183196856,8.0,0.39333816200854016,0.3589234732539082,0.6730413633261161,0.6735703908899542,0.6748270387727991,0.6730413633261161,0.5094288130310733,12.838953400715575,-0.015076393951517275
17.91,12.91,89.49061978417089,0.9789927953648339,58.73956772189003,3524.374063313402,5.838035291873469,0.253827621385803,7.747913544378006,0.3368658062773046,8.0,0.39433816200853994,0.35979792331639976,0.6752616681957901,0.6757889683447023,0.6770814894315709,0.6752616681957901,0.5106699412675508,12.844053894487066,-0.014828259781204167
17.92,12.920000000000002,89.41114654125496,0.97884575325044,58.7307451950264,3523.844711701584,5.868220811495178,0.25514003528239904,7.74614903900528,0.3367890886524035,8.0,0.3953381620085401,0.36067388379814025,0.6774600259972259,0.6779821133862544,0.6793140729053453,0.6774600259972259,0.5119132132787952,12.8491668102598,-0.014580200008907696
17.93,12.93,89.33112363793352,0.9787011913646556,58.72207148187934,3523.3242889127605,5.898426736491168,0.2564533363691812,7.744414296375867,0.3367136650598203,8.0,0.3963381620085399,0.36155132764099185,0.6796363907786894,0.6801535747739419,0.6815247422482894,0.6796363907786894,0.5131585906605334,12.854292169279494,-0.014332213237338465
17.94,12.940000000000001,89.25056042325043,0.9785591089856931,58.71354653914159,3522.8127923484953,5.9286533059462,0.2577675350411391,7.742709307828317,0.3366395351229703,8.0,0.39733816200854005,0.36243022891874244,0.6817907164661212,0.6823075554311826,0.6837134499718672,0.6817907164661212,0.514406036615062,12.859429992415873,-0.0140842972563604
17.95,12.95,89.16946624326035,0.9784195054195284,58.7051703251717,3522.310219510302,5.958900747645652,0.2590826412019849,7.74103406503434,0.3365666984797539,8.0,0.39833816200853983,0.3633105627943529,0.6839229567515086,0.684436984730716,0.6858801518174689,0.6839229567515086,0.5156555158905678,12.8645803001784,-0.013836449928369632
17.96,12.96,89.08785044156869,0.9782823799871256,58.696942799227536,3521.8165679536523,5.989169294536783,0.26039866497986014,7.739388559845508,0.33649515477589165,8.0,0.39933816200854,0.3641923054719156,0.6860330652169814,0.686542764263015,0.6880248015744471,0.6860330652169814,0.5169069947129401,12.869743112731419,-0.01358866972833539
17.97,12.969999999999999,89.00572235936446,0.9781477320249616,58.6888639214977,3521.331835289862,6.019459184048349,0.26171561669775434,7.737772784299539,0.33642490366519734,8.0,0.40033816200853983,0.36507543417201355,0.6881209953291751,0.6886294674364707,0.6901473520573644,0.6881209953291751,0.5181604407507988,12.874918449908737,-0.01334095468970986
17.98,12.98,88.92309133519376,0.9780155608933313,58.68093365359988,3520.856019215993,6.049770647375761,0.2630335064076418,7.736186730719975,0.33635594481391196,8.0,0.40133816200854,0.3659599271024739,0.6901867003573703,0.690692592356277,0.6922477575358507,0.6901867003573703,0.5194158230739828,12.880106331227863,-0.01309330276668419
17.990000000000002,12.990000000000002,88.83996670529118,0.9778858659696279,58.67315195817768,3520.3891174906607,6.080103918136919,0.2643523442668226,7.734630391635535,0.3362882778971972,8.0,0.40233816200854017,0.36684576341458225,0.6922301334383081,0.6927324555132078,0.6943259714271424,0.6922301334383081,0.5206731120914051,12.88530677590369,-0.012845712351577276
18.0,13.0,88.75635780370594,0.9777586466462997,58.66551879877798,3519.931127926679,6.110459235002067,0.2656721406522638,7.733103759755597,0.33622190259806944,8.0,0.40333816200853995,0.36773292317906,0.6942512475956504,0.6947522213737014,0.6963819460223826,0.6942512475956504,0.5219322795169558,12.89051980286173,-0.012598181477756043
18.01,13.010000000000002,88.67227396203526,0.9776339023400729,58.65803414040437,3519.482048424262,6.140836829797674,0.26699290564337713,7.731606828080874,0.3361568186122119,8.0,0.4043381620085401,0.36862138736220096,0.6962499956492334,0.6967487634168187,0.6984156352404178,0.6962499956492334,0.5231932983356329,12.895745430750994,-0.012350708011631184
18.02,13.02,88.58772450973379,0.9775116324860671,58.65069794916403,3519.0418769498415,6.171236935085714,0.2683146493515528,7.730139589832805,0.33609302564490456,8.0,0.40533816200853995,0.36951113778399697,0.6982263302716504,0.6987212456866345,0.7004269924761788,0.6982263302716504,0.5244561427441087,12.900983677956392,-0.012103290369253727
18.03,13.030000000000001,88.50271877435223,0.9773918365326877,58.64351019196126,3518.610611517676,6.201659790746706,0.2696373822063785,7.728702038392251,0.33603052340835876,8.0,0.40633816200854006,0.3704021570944677,0.7001802040376541,0.7006732665258327,0.7024159692335739,0.7001802040376541,0.5257207881171344,12.906234562610699,-0.0118559268260654
18.04,13.04,88.4172660813113,0.9772745139495457,58.63647083697274,3518.1882502183644,6.232105633762545,0.270961114511415,7.7272941673945486,0.3359693116258499,8.0,0.4073381620085399,0.37129442875379876,0.7021115693461931,0.7026043851562065,0.7043825180699526,0.7021115693461931,0.5269872109793492,12.91149810260618,-0.011608615087006058
18.05,13.05,88.33137575385518,0.9771596642309476,58.62957985385685,3517.774791231411,6.262574693712205,0.2722858562483568,7.725915970771371,0.33590939003353787,8.0,0.40833816200854006,0.37218793700354297,0.704020378385583,0.7045095897805126,0.7063265930115187,0.704020378385583,0.5282553889644058,12.916774315605899,-0.011361353235102456
18.06,13.059999999999999,88.24505711355003,0.9770472868848437,58.62283721309062,3517.370232785437,6.293067207016701,0.2736116176963783,7.724567442618124,0.335850758374701,8.0,0.40933816200853984,0.37308266682830454,0.7059065832405709,0.706390693206476,0.7082481460386779,0.7059065832405709,0.5295253007605879,12.922063219054523,-0.011114139865810557
18.07,13.07,88.15831948027933,0.9769373814336315,58.61624288601789,3516.9745731610737,6.323583415902452,0.27493840938706315,7.723248577203578,0.3357934164001556,8.0,0.41033816200854,0.3739786039474433,0.7077701358842543,0.7082540506862982,0.7101471276502604,0.7077701358842543,0.5307969260990356,12.927364830188823,-0.010866972976302236
18.080000000000002,13.080000000000002,88.07117217193044,0.9768299474253175,58.60979684551905,3516.587810731143,6.354123554002439,0.2762662414783669,7.721959369103809,0.33573736387407865,8.0,0.4113381620085401,0.37487573478753017,0.7096109880681858,0.7100937926002905,0.7120234909282427,0.7096109880681858,0.5320702457146511,12.932679166047892,-0.010619850373103645
18.09,13.09,87.98362450474352,0.9767249844261694,58.60349906557016,3516.2099439342096,6.38468785582883,0.27759512416647086,7.720699813114033,0.33568260057017535,8.0,0.41233816200853995,0.37577404645379037,0.7114290913934125,0.7119079976174574,0.7138771881403051,0.7114290913934125,0.5333452413055668,12.938006243482992,-0.010372770397012232
18.1,13.100000000000001,87.89568579348979,0.9766224920173773,58.59734952104264,3515.8409712625585,6.415276561075362,0.2789250678728418,7.719469904208527,0.33562912626993596,8.0,0.41333816200854007,0.37667352671143933,0.7132243973425634,0.7137022692735526,0.7157081702864482,0.7132243973425634,0.5346218955066556,12.943346079167053,-0.01012573122009286
18.11,13.11,87.80736535129377,0.9765224698017676,58.59134818810605,3515.480891286363,6.44588990595792,0.2802560828677357,7.71826963762121,0.3355769407661396,8.0,0.4143381620085399,0.37757416396708304,0.7149968572136622,0.7154735018887601,0.7175163892023346,0.7149968572136622,0.5359001918631315,12.948698689603901,-0.009878730778694944
18.12,13.120000000000001,87.71867248979368,0.9764249174018033,58.58549504410819,3515.1297026464918,6.476528125789494,0.28158817938215197,7.71709900882164,0.3355260438618104,8.0,0.41533816200854,0.37847594724258155,0.7167464221388717,0.7172200615373325,0.7193017966293855,0.7167464221388717,0.5371801147934535,12.954064091137186,-0.00963176733701232
18.13,13.129999999999999,87.62961651936808,0.9763298344550273,58.57979006730164,3514.7874040380984,6.507191460855888,0.28292136786329947,7.715958013460328,0.33547643536784033,8.0,0.4163381620085398,0.37937886615724775,0.718473043128441,0.718945528089146,0.7210643431338053,0.718473043128441,0.53846164956406,12.959442299958972,-0.009384839083161012
18.14,13.14,87.5402067489758,0.97623722062014,58.5742332372084,3514.4539942325036,6.537880148576253,0.28425565863375013,7.714846647441679,0.33542811510615994,8.0,0.41733816200853996,0.38028291091165756,0.7201766710107989,0.7206482694154713,0.722803979980379,0.7201766710107989,0.5397447822663899,12.964833332118125,-0.009137943901777135
18.150000000000002,13.150000000000002,87.4504524862444,0.9761470755769918,58.56882453461951,3514.1294720771707,6.56859442351002,0.28559106189174,7.7137649069239,0.3353810829097348,8.0,0.4183381620085401,0.38118807226426543,0.7218572564318384,0.7223259425209191,0.7245206587766525,0.7218572564318384,0.5410294997836932,12.970237203528377,-0.008891080007991548
18.16,13.16,87.36036303778252,0.9760593990199802,58.56356394119881,3513.8138364719284,6.599334525873543,0.28692758808145835,7.712712788239761,0.33533533861912007,8.0,0.41933816200853996,0.38209434151269234,0.7235147499187632,0.7239812140292534,0.7262143296572471,0.7235147499187632,0.5423157897644716,12.975653929976117,-0.008644245788183014
18.17,13.170000000000002,87.26994770911254,0.9759741906612281,58.55845143967369,3513.5070863804212,6.630100697439775,0.28826524771477285,7.711690287934738,0.33529088208411906,8.0,0.42033816200854013,0.38300171048205967,0.7251491018486083,0.7256163524655045,0.7278849425490239,0.7251491018486083,0.5436036406059211,12.98108352712797,-0.0083974391020476
18.18,13.18,87.17921580448107,0.9758914502379393,58.55348701427636,3513.2092208565814,6.660893172049814,0.2896040509586876,7.710697402855272,0.33524771316762053,8.0,0.4213381620085399,0.38391017150545026,0.7267602623757147,0.7272256874823257,0.7295324490895948,0.7267602623757147,0.5448930414261998,12.98652601053813,-0.008150657887568968
18.19,13.190000000000001,87.08817662728464,0.9758111775034769,58.548670650208614,3512.920239012517,6.691712187121087,0.29094400813569943,7.7097341300417215,0.3352058317409444,8.0,0.4223381620085401,0.38481971740134785,0.7283481815179733,0.7288089737275313,0.7311567997270778,0.7283481815179733,0.546183982032407,12.991981395655424,-0.007903900616071269
18.2,13.2,86.99683948016755,0.975733372225618,58.54400233353708,3512.640140012225,6.722557985899272,0.2922851298217075,7.708800466707415,0.3351652376829311,8.0,0.4233381620085399,0.38573034146612495,0.7299128091735669,0.7303728736268782,0.7327579433903528,0.7299128091735669,0.5474764529099212,12.997449697830135,-0.0076571654602943795
18.21,13.21,86.90521366481491,0.975658034194271,58.53948205165626,3512.3689230993755,6.753430807503443,0.29362742641319317,7.7078964103312515,0.33512593088396747,8.0,0.42433816200854,0.38664203745719133,0.731454095044942,0.7319146650477957,0.7343358302979263,0.731454095044942,0.5487704451984823,13.002930932320677,-0.0074104502700436115
18.22,13.219999999999999,86.81330848208837,0.9755851632202169,58.53510979321302,3512.106587592781,6.784330888550618,0.29497090819785293,7.707021958642603,0.33508791124533055,8.0,0.42533816200853986,0.38755479957406413,0.7329719886503331,0.7334296735770726,0.7358904108558617,0.7329719886503331,0.550065950665324,13.008425114299994,-0.007163753230337022
18.23,13.23,86.72113323228838,0.9755147591296643,58.53088554777986,3511.8531328667914,6.815258470181918,0.2963155856600834,7.706177109555972,0.3350511786763466,8.0,0.42633816200853997,0.38846862244642927,0.734466439376372,0.7349228154359766,0.7374216342991091,0.734466439376372,0.5513629616882288,13.013932258861763,-0.006917072602007579
18.240000000000002,13.240000000000002,86.6286972150679,0.9754468217681768,58.526809306090605,3511.6085583654362,6.846213792996371,0.2976614692607118,7.70536186121812,0.33501573309644,8.0,0.42733816200854013,0.38938350112234055,0.7359373964392428,0.7363938439445034,0.7389294500068183,0.7359373964392428,0.5526614712387793,13.0194523810264,-0.006670406364435166
18.25,13.25,86.53600972945681,0.9753813510023756,58.52288106014253,3511.372863608552,6.87719709485666,0.2990085693415939,7.704576212028506,0.334981574436022,8.0,0.4283381620085399,0.39029943105125003,0.7373848088673147,0.7378391947197767,0.7404138076974487,0.7373848088673147,0.5539614728582719,13.024985495746883,-0.006423752661000037
18.26,13.260000000000002,86.44308007411543,0.9753183467149568,58.519100802897405,3511.1460481738445,6.9082086173203034,0.3003568964052306,7.703820160579481,0.3349487026338905,8.0,0.4293381620085401,0.3912164080722066,0.7388086255491755,0.7392617700280744,0.7418746561913834,0.7388086255491755,0.5552629606409676,13.030531617914379,-0.0061771097541694076
18.27,13.27,86.34991754729359,0.9752578088072923,58.51546852843754,3510.9281117062524,6.93924860228527,0.3017064609689248,7.7030937056875075,0.3349171176385873,8.0,0.43033816200853986,0.39213442840370466,0.74020879520777,0.7406622233723564,0.7433119442567014,0.74020879520777,0.5565659292196836,13.036090762363681,-0.005930475605104846
18.28,13.280000000000001,86.25653144678651,0.9751997372028548,58.51198423217129,3510.7190539302774,6.970317287574496,0.3030572733728042,7.702396846434257,0.3348868194101851,8.0,0.43133816200854,0.39305348862841943,0.7415852663662782,0.7420369773237943,0.7447256212890832,0.7415852663662782,0.5578703737441277,13.041662943878501,-0.005683848297401539
18.29,13.29,86.16293107023746,0.9751441318413443,58.50864791048066,3510.5188746288395,7.001414914517618,0.30440934410946163,7.701729582096131,0.3348578079172231,8.0,0.4323381620085398,0.3939735856808032,0.7429379874047051,0.7433873913409801,0.7461156357644778,0.7429379874047051,0.5591762898632935,13.047248177196538,-0.005437226195503797
18.3,13.3,86.06912571516527,0.9750909926789446,58.505459560736675,3510.3275736442006,7.032541727622329,0.3057626838096665,7.701091912147335,0.33483008313684065,8.0,0.43333816200854,0.3948947168412137,0.7442669065570596,0.744717518879724,0.7474819354728279,0.7442669065570596,0.5604836737171266,13.052846477014441,-0.005190607319612184
18.31,13.309999999999999,85.97512467880603,0.9750403196949521,58.50241918169713,3510.1451509018275,7.063697966025119,0.30711730287065736,7.700483836339425,0.33480364505823584,8.0,0.43433816200853975,0.39581687972005936,0.7455719718459357,0.7460225427863485,0.7488244693310999,0.7455719718459357,0.5617925219140215,13.058457857992595,-0.004943989582820052
18.32,13.32,85.88093725836714,0.9749921128872882,58.49952677323729,3509.9716063942374,7.094883869286419,0.3084732117081052,7.699905354647457,0.33477849368032425,8.0,0.4353381620085399,0.3967400722462066,0.7468531311255695,0.747300075764175,0.7501431858415897,0.7468531311255695,0.5631028315143682,13.064082334759737,-0.00469737128597103
18.330000000000002,13.330000000000002,85.78657275120247,0.9749463722692326,58.496782336153956,3509.8069401692374,7.126099681610235,0.3098304209395754,7.699356467230791,0.3347546290100344,8.0,0.4363381620085401,0.39766429266048514,0.7481103321132555,0.7485557080541656,0.7514380323695926,0.7481103321132555,0.5644146000213333,13.069719921917416,-0.004450750696541661
18.34,13.34,85.69204045472135,0.9749030978733574,58.494185872401445,3509.6511523440868,7.157345646771107,0.3111889411639612,7.698837174480289,0.3347320510643604,8.0,0.43733816200853987,0.3985895395066009,0.749343522350501,0.7497907477928422,0.7527089564829494,0.749343522350501,0.5657278253679633,13.075370634044361,-0.004204125753652477
18.35,13.350000000000001,85.59734966639017,0.9748622897541596,58.49173738524957,3509.504243114974,7.188622004722503,0.3125487828140219,7.698347477049913,0.3347107598717354,8.0,0.43833816200854003,0.39951581161626065,0.7505526491765167,0.7509984036368391,0.7539559063500949,0.7505526491765167,0.5670425058960711,13.081034485700682,-0.003957494532720318
18.36,13.36,85.50250968399786,0.9748239479827029,58.489436878962174,3509.3662127377306,7.219928998517623,0.313909956457288,7.697887375792435,0.3346907554692363,8.0,0.4393381620085398,0.4004431081030363,0.7517376597799438,0.7521817006010738,0.7551788293008885,0.7517376597799438,0.5683586403475279,13.086711491431899,-0.003710855305278926
18.37,13.370000000000001,85.40752980565368,0.974788072648054,58.487284358883244,3509.2370615329946,7.251266872459405,0.3152724727156263,7.697456871776647,0.3346720379033325,8.0,0.44033816200854,0.4013714283553041,0.7528985011844131,0.7533437129250766,0.7563776723991225,0.7528985011844131,0.5696762278542412,13.09240166577291,-0.0034642061163268068
18.38,13.379999999999999,85.31241932975894,0.9747546638603763,58.48527983162258,3509.1167898973545,7.282635868115287,0.316636342091969,7.697055966324516,0.3346546072315007,8.0,0.44133816200853976,0.4023007720238652,0.7540351202176605,0.7544794809261649,0.7575523830416798,0.7540351202176605,0.5709952679205845,13.098105023251783,-0.0032175450403997274
18.39,13.39,85.21718755522177,0.974723721747246,58.48342330483476,3509.0053982900854,7.3140362290782335,0.3180015751773145,7.696684660966952,0.33463846352030224,8.0,0.4423381620085399,0.4032311390148616,0.7551474635468188,0.7555904989597432,0.7587029081008221,0.7551474635468188,0.572315760413343,13.103821578393454,-0.0029708703250435065
18.400000000000002,13.400000000000002,85.1218437814979,0.9746952464538755,58.481714787232534,3508.9028872339522,7.345468200683056,0.3193681826383938,7.696342957446506,0.33462360684550024,8.0,0.4433381620085401,0.40416252948420667,0.7562354776758275,0.756679680471242,0.7598291940931707,0.7562354776758275,0.5736377055538083,13.10955134572329,-0.002724180020528877
18.41,13.41,85.02639730853316,0.9746692381468353,58.48015428881011,3508.8092573286067,7.376932025210076,0.3207361750091337,7.696030857762024,0.334610037294001,8.0,0.44433816200853987,0.40509494382607397,0.7572991089084916,0.7577429380289328,0.7609311879103738,0.7572991089084916,0.5749611039014404,13.115294339770564,-0.002477472163462835
18.42,13.420000000000002,84.9308574369813,0.9746456970106063,58.47874182063638,3508.7245092381827,7.4084279463440925,0.3221055628845258,7.695748364127276,0.33459775496205546,8.0,0.44533816200854004,0.4060283826656952,0.7583383033813653,0.7587801996968375,0.762008836014902,0.7583383033813653,0.576285956343646,13.12105057507179,-0.002230745019751623
18.43,13.43,84.83523346828771,0.9746246232464403,58.47747739478642,3508.648643687185,7.439956210650575,0.3234763569848076,7.695495478957284,0.3345867599546645,8.0,0.4463381620085398,0.40696284685601386,0.7593530070745325,0.7597959716409105,0.7630620842880604,0.7593530070745325,0.5776122640910284,13.126820066173963,-0.001983996718195158
18.44,13.440000000000001,84.73953470462332,0.9746060170762424,58.476361024574544,3508.5816614744726,7.4715170625713725,0.32484856793788575,7.695272204914908,0.3345770523876047,8.0,0.44733816200854,0.40789833746704657,0.7603431657731097,0.7607877147958271,0.7640908789303688,0.7603431657731097,0.5789400286622884,13.13260282763773,-0.0017372252240335229
18.45,13.45,84.64377044899298,0.9745898787419596,58.475392724517576,3508.5235634710543,7.503110745223676,0.3262222063140729,7.695078544903515,0.3345686323871093,8.0,0.44833816200853976,0.40883485577788464,0.7613087250725368,0.7617510526374511,0.7650951661061465,0.7613087250725368,0.5802692518728713,13.138398874040403,-0.0014904286987444948
18.46,13.46,84.54795000543183,0.9745762085022674,58.47457251013605,3508.474350608163,7.534737504686849,0.32759728281247175,7.69491450202721,0.33456150008813956,8.0,0.44933816200853993,0.40977240327266484,0.762249630410281,0.7626896650910004,0.7660748913623373,0.762249630410281,0.5815999358292484,13.144208219978914,-0.0012436054069056013
18.47,13.469999999999999,84.4520826789939,0.9745650066338215,58.47390039802929,3508.4340238817576,7.5663975883912045,0.3289738081909219,7.694780079605857,0.33455565563503725,8.0,0.45033816200853977,0.4107109816365243,0.7631658270533557,0.7636085659563124,0.767029999971835,0.7631658270533557,0.5829320829231759,13.150030880072675,-0.000996753381507176
18.48,13.48,84.35617777573327,0.9745562734346374,58.473376406078245,3508.4025843646946,7.598091240766321,0.3303517930767966,7.694675281215648,0.33455109918328907,8.0,0.4513381620085399,0.41165059274323645,0.7640572600645239,0.7645001612553621,0.7679604375536161,0.7640572600645239,0.584265695814146,13.155866868966363,-0.0007498706614512685
18.490000000000002,13.490000000000002,84.26024460290309,0.9745500092205924,58.47300055323554,3508.3800331941325,7.629818707767696,0.3317312481638129,7.694600110647108,0.33454783089770035,8.0,0.45233816200854005,0.4125912386525223,0.7649238743358528,0.7653649640626232,0.7688661492889901,0.7649238743358528,0.5856007774255708,13.161716201332563,-0.0005029554619255805
18.5,13.5,84.16429246900734,0.9745462143253989,58.472772859523936,3508.366371571436,7.661580236918331,0.3331121842138405,7.694554571904787,0.33454585095238204,8.0,0.4533381620085399,0.4135329216061552,0.7657656145885663,0.766208519127233,0.7697470800633,0.7657656145885663,0.5869373309392538,13.167578891874387,-0.0002560058836280632
18.51,13.510000000000002,84.06833068379697,0.9745448891029198,58.47269334617519,3508.3616007705114,7.6933760743296,0.33449461192737395,7.694538669235037,0.3345451595319581,8.0,0.45433816200854,0.414475644019033,0.7665824253498361,0.7670258332756774,0.7706031747703426,0.7665824253498361,0.5882753597827182,13.173454955327998,-9.019990898195829e-06
18.52,13.52,83.97236855841201,0.9745460339255809,58.472762035534856,3508.3657221320914,7.725206466763736,0.33587854203320594,7.69455240710697,0.33454575683073784,8.0,0.4553381620085398,0.41541940847458086,0.7673742509676011,0.767816605473135,0.77143437805989,0.7673742509676011,0.589614867622682,13.179344406465024,0.00023800403742768594
18.53,13.530000000000001,83.8764154054583,0.9745496491836683,58.472978951020096,3508.378737061206,7.757071662548698,0.3372639853282043,7.694595790204018,0.33454764305234863,8.0,0.45633816200854,0.41636421772197946,0.7681410356170053,0.7685849577731084,0.7722406343210991,0.7681410356170053,0.5909558583611243,13.185247260094943,0.0004850680908177196
18.54,13.54,83.78048053900626,0.9745557352873973,58.47334411724383,3508.40064703463,7.788971908917192,0.33865095256161704,7.694668823448767,0.33455081841081596,8.0,0.4573381620085398,0.41731007466825865,0.7688827232796616,0.7693276478469939,0.7730218878632149,0.7688827232796616,0.5922983361240634,13.191163531067367,0.0007321741157610973
18.55,13.55,83.68457327471447,0.9745642926659835,58.473857559959015,3508.431453597541,7.820907453220987,0.340039454487869,7.694771511991803,0.3345552831300784,8.0,0.45833816200853994,0.418256982373298,0.7695992577520112,0.7700430189760741,0.7737780827935046,0.7695992577520112,0.5936423052544605,13.197093234274261,0.0009793239501689754
18.56,13.559999999999999,83.58870292993157,0.9745753217664006,58.47451930598404,3508.4711583590424,7.85287854454436,0.34142950193671134,7.694903861196806,0.3345610374433394,8.0,0.4593381620085397,0.4192049440479293,0.7702905826569743,0.7707350057200416,0.7745091629929249,0.7702905826569743,0.5949877703095273,13.20303638465208,0.0012265194398821677
18.57,13.57,83.49287882370704,0.9745888230547812,58.475329383286876,3508.5197629972126,7.884885431904837,0.3428211057349929,7.695065876657375,0.3345680815937989,8.0,0.4603381620085399,0.42015396304812486,0.7709566414298219,0.771403963501517,0.7752150722000164,0.7709566414298219,0.5963347360524771,13.208992997183891,0.0014737625401437526
18.580000000000002,13.580000000000002,83.39711027684739,0.9746047970172035,58.47628782103221,3508.5772692619325,7.916928363251255,0.34421427666309806,7.6952575642064405,0.33457641583506265,8.0,0.46133816200854005,0.4211040428682056,0.7715973773098885,0.7720441326912763,0.7758957539188536,0.7715973773098885,0.5976832074428844,13.214963086901369,0.001721055153296902
18.59,13.59,83.30140661207264,0.9746232441578471,58.477394649470824,3508.6436789682493,7.949007587861301,0.345609025559187,7.695478929894165,0.3345860404301811,8.0,0.46233816200853983,0.4220551871386744,0.7722127333578143,0.7726571285402931,0.7765511515085141,0.7722127333578143,0.5990331896336102,13.22094666888675,0.0019683990952543695
18.6,13.600000000000001,83.2057771540407,0.9746441649991087,58.47864989994652,3508.718993996791,7.981123356198548,0.3470053633129804,7.695729979989304,0.3345969556517089,8.0,0.46333816200854,0.4230073996245066,0.7728026524541984,0.7732497942759091,0.7771812082021547,0.7728026524541984,0.6003846879683756,13.22694375827476,0.0022157962701854217
18.61,13.61,83.11023122938491,0.9746675600832507,58.48005360499504,3508.8032162997024,8.013275917798403,0.3484033007738436,7.696010720999009,0.3346091617825656,8.0,0.4643381620085398,0.42396068421677185,0.7733670772828247,0.773816057966675,0.77778586693613,0.7733670772828247,0.6017377079698704,13.23295437025445,0.0024632486121234365
18.62,13.620000000000001,83.0147781668312,0.9746934299713512,58.48160579828107,3508.8963478968644,8.045465522641397,0.34980284881049556,7.696321159656215,0.3346226591154876,8.0,0.46533816200853995,0.42491504493014853,0.7739059503402783,0.7743536823088523,0.7783650704621684,0.7739059503402783,0.6030922553362251,13.238978520070981,0.0027107579854970254
18.63,13.629999999999999,82.9194272972661,0.9747217752429606,58.483306514577635,3508.998390874658,8.077692421606226,0.35120401833070547,7.696661302915525,0.33463744795284894,8.0,0.4663381620085397,0.42587048590114024,0.7744192139388355,0.7748687618201946,0.7789187614772456,0.7744192139388355,0.6044483359384799,13.245016223027354,0.0029583262735997096
18.64,13.64,82.82418795378098,0.9747525964968231,58.48515578980938,3509.109347388563,8.109956865551359,0.35260682024136347,7.697031157961876,0.3346535286070381,8.0,0.4673381620085399,0.4268270113827043,0.7749068101989416,0.7753582324017113,0.7794468823662329,0.7749068101989416,0.6058059558129606,13.251067494486113,0.003205955386341941
18.650000000000002,13.650000000000002,82.72906947176746,0.9747858943506874,58.48715366104125,3509.229219662475,8.142259105577851,0.3540112654599066,7.697430732208248,0.3346709014003586,8.0,0.46833816200854006,0.42778462574033704,0.7753686810503885,0.7758197634596009,0.7799493752781207,0.7753686810503885,0.6071651211557223,13.257132349870957,0.003453647209511246
18.66,13.66,82.63408118898757,0.9748216694410133,58.4893001664608,3509.358009987648,8.174599393420523,0.3554173649313271,7.6978600332921605,0.33468956666487654,8.0,0.46933816200853984,0.428743333450657,0.775804768234673,0.7762574057934157,0.7804261823876469,0.775804768234673,0.6085258383205385,13.263210804668338,0.00370140363130389
18.67,13.670000000000002,82.53923244562571,0.9748599224233134,58.49159534539881,3509.4957207239286,8.20697798101994,0.35682512960956264,7.698319069079761,0.3347095247425983,8.0,0.47033816200854,0.42970313909707386,0.7762150133012333,0.7766699437884416,0.780877245540789,0.7762150133012333,0.609888113812754,13.269302874429005,0.003949226553693563
18.68,13.68,82.44453258437971,0.9749006539720871,58.49403923832523,3509.6423542995135,8.239395120625119,0.3582345704619617,7.698807847665046,0.33473077598543677,8.0,0.4713381620085398,0.4306640473656183,0.7765993576074472,0.7770541986472627,0.7813025061909281,0.7765993576074472,0.6112519542833661,13.275408574769484,0.00419711787224486
18.69,13.690000000000001,82.34999095053527,0.9749438647807582,58.49663188684549,3509.7979132107293,8.271851064892079,0.3596456984735687,7.699326377369099,0.3347533207551782,8.0,0.47233816200853995,0.4316260630435888,0.7769577423186266,0.7774128887024616,0.7817019059516583,0.7769577423186266,0.612617366527104,13.281527921373538,0.0044450794856985
18.7,13.7,82.2556168920093,0.9749895555618011,58.499373333708064,3509.962400022484,8.304346066731046,0.3610585246404803,7.699874666741613,0.3347771594235484,8.0,0.47333816200853973,0.4325891910170467,0.7772901084064494,0.7777490204225986,0.7820753863502745,0.7772901084064494,0.6139843574788731,13.287660929993567,0.004693113285753725
18.71,13.71,82.16141975944728,0.9750377270464733,58.5022636227884,3510.135817367304,8.336880379669154,0.3624730599856154,7.70045272455768,0.33480229237207304,8.0,0.4743381620085399,0.43355343626565207,0.7775963966510134,0.7780564972306062,0.782422888080045,0.7775963966510134,0.6153529342064264,13.293807616451994,0.004941221164514786
18.72,13.719999999999999,82.06740890630577,0.9750883799850913,58.50530279910548,3510.3181679463287,8.369454257517656,0.363889315544246,7.701060559821096,0.3348287199922216,8.0,0.47533816200853973,0.4345188038609922,0.7778765476373626,0.7783348444188996,0.7827443519488149,0.7778765476373626,0.6167231039079909,13.299967996642565,0.005189405038855455
18.73,13.73,81.97359368888115,0.9751415151472506,58.508490908835036,3510.509454530102,8.402067954097626,0.36530730235207076,7.701698181767007,0.33485644268552206,8.0,0.4763381620085399,0.4354852989655941,0.7781305017530411,0.7785910232013411,0.7830397190936175,0.7781305017530411,0.6180948739108667,13.30614208653166,0.0054376668139042295
18.740000000000002,13.740000000000002,81.87998346640717,0.9751971333213694,58.51182799928216,3510.70967995693,8.434721723845826,0.3667270314715576,7.702365599856432,0.33488546086332316,8.0,0.47733816200854007,0.4364529268286564,0.778358199192034,0.7788221154079183,0.7833089299249828,0.778358199192034,0.6194682516653689,13.312329902159542,0.005686008368819273
18.75,13.75,81.78658760114683,0.9752552353146269,58.51531411887761,3510.9188471326565,8.467415821916351,0.3681485139963631,7.7030628237755225,0.33491577494676184,8.0,0.47833816200853985,0.4374216927832003,0.778559579954716,0.7790233174356863,0.783551924463158,0.778559579954716,0.6208432447407845,13.318531459641571,0.00593443161554319
18.76,13.760000000000002,81.69341545842775,0.9753158219536803,58.518949317220816,3511.136959033249,8.500150503272033,0.3695717610118276,7.703789863444163,0.33494738536713753,8.0,0.47933816200854,0.43839160224499857,0.7787345838403157,0.7791997977050055,0.783768643044966,0.7787345838403157,0.6222198608238512,13.324746775169395,0.006182938477714117
18.77,13.77,81.60047640672046,0.9753788940841813,58.52273364505088,3511.364018703053,8.532926023322071,0.3709967836226988,7.7045467290101755,0.3349802925656598,8.0,0.4803381620085398,0.4393626607100192,0.7788831504512472,0.7793515014164316,0.783959025657453,0.7788831504512472,0.6235981077151301,13.330975865012089,0.006431530832564647
18.78,13.780000000000001,81.50777981774458,0.9754444525703315,58.52666715421989,3511.6000292531935,8.565742638519975,0.3724235929791293,7.705333430843979,0.33501449699321645,8.0,0.48133816200853996,0.4403348737513909,0.7790052191968363,0.7794742761819673,0.7841230117147319,0.7790052191968363,0.6249779933246984,13.337218745517289,0.006680210590673141
18.79,13.79,81.41533506649901,0.9755124982959947,58.530749897759684,3511.844993865581,8.598600604944968,0.37385220021499865,7.7061499795519355,0.33504999911095373,8.0,0.48233816200853974,0.4413082470180009,0.7791007292818546,0.7795711753482918,0.7842605409485932,0.7791007292818546,0.626359525670159,13.343475433112262,0.0069289796971219175
18.8,13.8,81.32315153133236,0.9755830321642738,58.53498192985643,3512.0989157913855,8.631500178864535,0.37528261647237104,7.706996385971285,0.33508679939005587,8.0,0.4833381620085399,0.4422827862326254,0.7791696197102902,0.7796434500210577,0.7843715528985182,0.7791696197102902,0.6277427128739871,13.349745944304985,0.007177840016673542
18.81,13.809999999999999,81.23123859407278,0.9756560550963282,58.539363305779695,3512.3617983467816,8.664441618281522,0.37671485296876184,7.707872661155939,0.3351248983111278,8.0,0.4843381620085397,0.44325849718923327,0.779211829296341,0.7796868465653809,0.7844559861810135,0.779211829296341,0.629127563159704,13.356030295685152,0.007426793443592317
18.82,13.82,81.13960564004898,0.9757315680331456,58.54389408198874,3512.6336449193245,8.697425180672798,0.37814892089881735,7.708778816397747,0.33516429636511946,8.0,0.48533816200853985,0.4442353857511595,0.7792272966463949,0.7797026242804429,0.7845137798196833,0.7792272966463949,0.6305140848492834,13.362328503925198,0.007675841967738961
18.830000000000002,13.830000000000002,81.04826205812343,0.9758095719356831,58.548574316140986,3512.9144589684593,8.730451122816737,0.37958483142681465,7.7097148632281955,0.3352049940533998,8.0,0.48633816200854,0.44521345785006716,0.7792159601573647,0.7796953545198049,0.7845448731778583,0.7792159601573647,0.6319022863616789,13.368640585781254,0.007924987470502742
18.84,13.84,80.95721724086809,0.9758900677825556,58.553404066953334,3513.2042440172,8.763519703801888,0.3810225958174734,7.710680813390667,0.3352469918865507,8.0,0.4873381620085398,0.4461927194834509,0.7791777580387325,0.7796600527510089,0.7845492042321149,0.7791777580387325,0.6332921762092806,13.374966558094107,0.008174231786888697
18.85,13.850000000000001,80.86648058460138,0.975973056571421,58.55838339428526,3513.5030036571156,8.796631183265484,0.3824622253593689,7.711676678857051,0.3352902903850892,8.0,0.48833816200853997,0.4471731767127576,0.7791126282983298,0.7795941617649229,0.7845267108929097,0.7791126282983298,0.6346837629952474,13.38130643779013,0.00842357690108031
18.86,13.86,80.77606148938477,0.9760585393205772,58.56351235923463,3513.8107415540776,8.829785819346435,0.383903731275932,7.712702471846926,0.33533489008030115,8.0,0.48933816200853975,0.44815483566199005,0.7790205087262678,0.7795035736480702,0.7844773319361658,0.7790205087262678,0.6360770554115254,13.387660241882163,0.008673024800202711
18.87,13.870000000000001,80.68596935913942,0.9761465170674251,58.5687910240455,3514.1274614427302,8.862983870688128,0.3853471248125273,7.7137582048091,0.33538079151343914,8.0,0.4903381620085399,0.44913770251640395,0.7789013369095952,0.7793902006326036,0.7844010056055873,0.7789013369095952,0.6374720622369984,13.394027987470407,0.008922577301504475
18.88,13.879999999999999,80.59621360180981,0.9762369908666074,58.57421945199645,3514.453167119787,8.89622559886847,0.3867924173421074,7.714843890399289,0.3354279952347517,8.0,0.4913381620085397,0.4501217835207748,0.778755050249874,0.7792449249264974,0.784297668754538,0.778755050249874,0.638868792335028,13.400409691743265,0.009172236288414126
18.89,13.89,80.50680362932765,0.9763299617931934,58.5797977075916,3514.787862455496,8.929511264314087,0.38823962018756897,7.715959541518321,0.3354765018051444,8.0,0.49233816200853986,0.4511070849772873,0.7785815859313777,0.7790698727218577,0.7841672589762149,0.7785815859313777,0.6402672546504583,13.406805371978194,0.009422003804715473
18.900000000000002,13.900000000000002,80.41774885764876,0.9764254309427018,58.585525856562114,3515.131551393727,8.962841126280702,0.3896887446209001,7.717105171312421,0.33552631179619224,8.0,0.49333816200854,0.45209361324470393,0.7783808809205965,0.7788744533457281,0.7840097143472673,0.7783808809205965,0.6416674582084355,13.41321504554249,0.009671881740928256
18.91,13.91,80.32905870696328,0.9765233994280119,58.59140396568071,3515.484237940843,8.996215446872252,0.39113980203792403,7.718280793136143,0.33557742578852795,8.0,0.4943381620085398,0.4530813747371968,0.7781528719958472,0.7786498464288287,0.7838249714175479,0.7781528719958472,0.6430694121127499,13.419638729894094,0.009921871935397064
18.92,13.920000000000002,80.24074260170084,0.9766238683814098,58.59743210288459,3515.8459261730754,9.02963448842407,0.39259280384452483,7.719486420576917,0.33562984437290944,8.0,0.49533816200854,0.45407037592244587,0.777897495726644,0.7783941201159723,0.7836129668542259,0.777897495726644,0.6444731255431373,13.426076442582374,0.010171976396321725
18.93,13.93,80.15280997053482,0.9767268389559383,58.603610337356294,3516.2166202413778,9.063098511776422,0.39404776138158354,7.720722067471259,0.3356835681509243,8.0,0.4963381620085398,0.4550606233202119,0.7776146884600926,0.7781152457492602,0.783373637910211,0.7776146884600926,0.6458786077532523,13.432528201248855,0.010422197060478311
18.94,13.940000000000001,80.06527024656224,0.9768323123226192,58.609938739357155,3516.596324361429,9.096607779886584,0.3955046860820254,7.721987747871431,0.3357385977335405,8.0,0.49733816200854,0.45605212350189867,0.777304386347569,0.7778084175319245,0.783106920791356,0.777304386347569,0.6472858680700482,13.438994023627973,0.010672535777189296
18.95,13.95,79.97813286735412,0.9769402896714819,58.616417380288915,3516.985042817335,9.13016255652992,0.3969635894143443,7.723283476057784,0.33579493374164276,8.0,0.49833816200853975,0.4570448830888106,0.7769665253340302,0.7774716457729112,0.7828127514974684,0.7769665253340302,0.6486949158913033,13.445473927547779,0.010922994545587983
18.96,13.96,79.89140727493951,0.977050772213531,58.62304633281186,3517.3827799687115,9.163763103777077,0.39842448277291637,7.7246092665623705,0.3358525768070596,8.0,0.4993381620085399,0.45803890875045367,0.7766010411383344,0.7771097664747584,0.7824910666504133,0.7766010411383344,0.6501057606832098,13.451967930930653,0.01117357531418861
18.97,13.969999999999999,79.80510291598866,0.9771637611777657,58.629825670665944,3517.7895402399568,9.197409685867388,0.3998873776464082,7.725965134133188,0.3359115275710082,8.0,0.5003381620085398,0.4590342072046139,0.7762078692819372,0.7767200606241754,0.7821418018449726,0.7762078692819372,0.6515184119804847,13.458476051793971,0.01142427991449324
18.98,13.98,79.71922924188017,0.9772792578118209,58.636755468709254,3518.2053281225553,9.231102568412867,0.40135228558316816,7.72735109374185,0.3359717866844283,8.0,0.5013381620085399,0.46003078521582935,0.7757869450819872,0.7763005639753527,0.781764892264011,0.7757869450819872,0.6529328793842011,13.464998308250795,0.01167511035683333
18.990000000000002,13.990000000000002,79.63379570865321,0.9773972633849025,58.64383580309415,3518.630148185649,9.26484201462654,0.4028192180272409,7.72876716061883,0.33603335480951435,8.0,0.5023381620085401,0.4610286495931742,0.7753382036221486,0.7758549279058804,0.7813602740460931,0.7753382036221486,0.6543491725586438,13.47153471851051,0.011926068660748967
19.0,14.0,79.54881177717417,0.9775177791850359,58.65106675110216,3519.0640050661295,9.298628288899772,0.40428818647390313,7.73021335022043,0.3360962326182796,8.0,0.5033381620085399,0.4620278071905879,0.7748615797791067,0.7753828988331688,0.7809278825721884,0.7748615797791067,0.6557673012317756,13.47808530087946,0.012177156600948535
19.01,14.010000000000002,79.46428691330458,0.9776408065169215,58.65844839101529,3519.5069034609173,9.332461659603561,0.40575920259145914,7.731689678203058,0.3361604207914373,8.0,0.50433816200854,0.4630282649068787,0.774357008242962,0.774880093482476,0.7804676517464468,0.774357008242962,0.657187275195243,13.484650073761596,0.012428376102597838
19.02,14.02,79.38023058779675,0.9777663467070878,58.66598080242527,3519.958848145516,9.366342392461984,0.40723227793312977,7.733196160485054,0.3362259200210893,8.0,0.5053381620085398,0.46403002968205526,0.7738244234661721,0.7743484112035571,0.7799795166957862,0.7738244234661721,0.6586091042991687,13.491229055659067,0.012679729334010403
19.03,14.030000000000001,79.29665227633812,0.9778944011036017,58.673664066216105,3520.419843972966,9.400270750938729,0.4087074239538578,7.73473281324322,0.3362927310105748,8.0,0.50633816200854,0.4650331084969929,0.7732637596661588,0.7737935137538066,0.7794634133279571,0.7732637596661588,0.6600327984516792,13.497822265172822,0.012931218148516166
19.04,14.04,79.213561459874,0.978024971070058,58.68149826420348,3520.889895852209,9.434247004038037,0.4101846523494799,7.736299652840696,0.3363608544713346,8.0,0.5073381620085398,0.4660375083753914,0.7726749508834774,0.7732090721299109,0.7789192749155787,0.7726749508834774,0.6614583676216819,13.504429721003188,0.013182844290710705
19.05,14.05,79.13096762455048,0.9781580579894159,58.68948347936495,3521.369008761897,9.468271421381152,0.41166397484265876,7.7378966958729904,0.33643029112491263,8.0,0.50833816200854,0.46704323638095396,0.7720579309436764,0.7725915472829097,0.7783470348833361,0.7720579309436764,0.6628858218348629,13.511051441950471,0.013434609866799008
19.06,14.059999999999999,79.04888026164737,0.978293663267394,58.69761979604364,3521.857187762618,9.502344268839291,0.41314540299301267,7.739523959208728,0.3365010417047273,8.0,0.5093381620085398,0.4680502996147595,0.7714126334236538,0.771948577736664,0.7777466282578636,0.7714126334236538,0.6643151711699561,13.517687446915494,0.013686516972420293
19.07,14.07,78.96730886777162,0.9784317883288645,58.70590729973187,3522.3544379839122,9.536465813216658,0.4146289484007243,7.741181459946373,0.3365731069541901,8.0,0.5103381620085399,0.46905870521659304,0.7707389916865555,0.7712820058337763,0.7771179892300308,0.7707389916865555,0.6657464257606318,13.524337754900147,0.013938567363531718
19.080000000000002,14.080000000000002,78.8862629450749,0.9785724346146646,58.71434607687988,3522.8607646127925,9.570636326407644,0.41611462288728884,7.7428692153759755,0.3366464876250424,8.0,0.51133816200854,0.47006846036594446,0.77003693891232,0.7705818302981502,0.7764610500777267,0.77003693891232,0.6671795957969148,13.531002385007936,0.01419076294043009
19.09,14.09,78.8057520011049,0.9787156035876731,58.72293621526038,3523.376172915623,9.604856077574869,0.4176024381554291,7.744587243052076,0.33672118448052507,8.0,0.5123381620085399,0.47107957227768366,0.7693064080376738,0.769851768334284,0.7757757443463518,0.7693064080376738,0.6686146915190452,13.537681356444514,0.014443105861630556
19.1,14.100000000000001,78.72578554888472,0.9788612967318973,58.73167780391383,3523.90066823483,9.63912533434593,0.4190924058411274,7.746335560782767,0.3367971982949029,8.0,0.51333816200854,0.47209204820209066,0.7685473317647591,0.7690989972349744,0.7750620059479563,0.7685473317647591,0.6700517232175218,13.544374688518198,0.014695597994055731
19.11,14.11,78.64637310719294,0.9790095155475542,58.74057093285325,3524.434255971195,9.673444369208202,0.42058453779166094,7.74811418657065,0.33687452985089783,8.0,0.5143381620085398,0.4731058954271152,0.7677596426086308,0.7683147189116217,0.7743197668757138,0.7677596426086308,0.6714907012363089,13.551082400640466,0.014948241201331314
19.12,14.120000000000001,78.56752420046195,0.979160261555924,58.74961569335544,3524.9769416013264,9.707813453268797,0.4220788457942955,7.749923138671087,0.3369531799422212,8.0,0.5153381620085399,0.474121121274689,0.7669432728492227,0.7675003673052899,0.77354895980625,0.7669432728492227,0.6729316359676022,13.557804512326486,0.015201037605713452
19.13,14.129999999999999,78.48924835882018,0.9793135362996684,58.758812177980104,3525.5287306788064,9.742232855862769,0.42357534155925086,7.75176243559602,0.33703314937374,8.0,0.5163381620085398,0.4751377330999657,0.7660981545278611,0.7666605050839015,0.7727495178473425,0.7660981545278611,0.6743745378507502,13.564541043195577,0.015453989098567433
19.14,14.14,78.41155511836213,0.9794693413378952,58.768160480273714,3526.0896288164226,9.776702850969246,0.42507403699866286,7.7536320960547425,0.33711443895890186,8.0,0.5173381620085399,0.4761557382940007,0.7652242194950047,0.7657901140784508,0.7719213724132852,0.7652242194950047,0.6758194173760574,13.571292012971712,0.015707097553537608
19.150000000000002,14.150000000000002,78.33445402106459,0.9796276782507392,58.77766069504435,3526.659641702661,9.811223711323581,0.42657494397059054,7.75553213900887,0.33719704952212476,8.0,0.5183381620085401,0.4771751442800484,0.7643213993648219,0.7648898627872273,0.7710644554857176,0.7643213993648219,0.6772662850795294,13.578057441483992,0.01596036513102206
19.16,14.16,78.2579546147949,0.9797885486405157,58.78731291843094,3527.2387751058563,9.845795706949119,0.42807807421517907,7.757462583686188,0.3372809818993995,8.0,0.5193381620085399,0.4781959585123054,0.7633896255035637,0.7639632676137585,0.7701786998196267,0.7633896255035637,0.6787151515410885,13.584837348667094,0.01621379372004128
19.17,14.170000000000002,78.18206645363881,0.9799519541251399,58.797117247508396,3527.827034850504,9.88041911369719,0.4295834397259648,7.7594234495016785,0.33736623693485557,8.0,0.52033816200854,0.4792181884799517,0.762428829093417,0.7630065364760442,0.7692640359302572,0.762428829093417,0.6801660273903101,13.591631754561751,0.016467385110111366
19.18,14.18,78.10679909782533,0.9801178963427178,58.80707378056307,3528.4244268337843,9.915094207353079,0.4310910524936121,7.7614147561126146,0.33745281548315714,8.0,0.5213381620085399,0.4802418417034099,0.7614389410869394,0.7620187827523339,0.7683203946081896,0.7614389410869394,0.681618923301113,13.598440679315207,0.016721141504810078
19.19,14.190000000000001,78.03216211363973,0.9802863769552361,58.81718261731417,3529.03095703885,9.949821258887885,0.43260092429947333,7.763436523462833,0.3375407184114275,8.0,0.52233816200854,0.48126692573132923,0.7604198921706167,0.7610042885716618,0.7673477084124891,0.7604198921706167,0.6830738499874783,13.605264143181651,0.01697506498792478
19.2,14.2,77.95816507372442,0.9804573976424762,58.82744385854857,3529.646631512914,9.984600542356542,0.4341130670589801,7.765488771709714,0.33762994659607454,8.0,0.5233381620085398,0.48229344814435415,0.7593716128239265,0.7599622452443463,0.7663459082120304,0.7593716128239265,0.6845308182087992,13.612102166522632,0.017229157211943402
19.21,14.21,77.88481755726274,0.980630960099475,58.8378576059685,3530.2714563581103,10.019432338220506,0.435627492966109,7.7675715211937,0.3377205009214652,8.0,0.52433816200854,0.483321416556703,0.7582940333435989,0.7588870544268536,0.7653149227867062,0.7582940333435989,0.6859898387721209,13.618954769807537,0.017483420144266404
19.22,14.219999999999999,77.81212914974026,0.9808070660453615,58.84842396272169,3530.9054377633015,10.054316921962691,0.43714421399837794,7.7696847925443375,0.3378123822845364,8.0,0.5253381620085398,0.4843508386091944,0.7571870837565549,0.7577811211734027,0.764254683040582,0.7571870837565549,0.6874509225222432,13.625821973614007,0.017737856145451758
19.23,14.23,77.74010944301048,0.9809857172223841,58.859143033343045,3531.548582000583,10.08925456535754,0.438663241972067,7.771828606668609,0.33790559159428735,8.0,0.5263381620085399,0.4853817219697026,0.7560506938292251,0.7566512296618783,0.7631651211039976,0.7560506938292251,0.6889140803423661,13.63270379862833,0.017992467070556017
19.240000000000002,14.240000000000002,77.66876803574486,0.9811669153867726,58.870014923206355,3532.2008953923814,10.124245548334212,0.4401845890580092,7.774002984641271,0.33800012976701177,8.0,0.5273381620085401,0.4864140743392995,0.7548847931562517,0.75549030184726,0.7620461654597191,0.7548847931562517,0.6903793231628087,13.639600265645857,0.018247254659819134
19.25,14.25,77.59811453325699,0.9813506623155805,58.88103973893483,3532.8623843360897,10.159290150165832,0.4417082673985145,7.776207947786967,0.3380959977298681,8.0,0.5283381620085399,0.4874479034470414,0.7536893110930144,0.7542970479998446,0.7608977454070908,0.7536893110930144,0.6918466619536081,13.646511395571437,0.01850222112238953
19.26,14.260000000000002,77.52815854746534,0.9815369598092203,58.892217588553216,3533.533055313193,10.194388646217199,0.4432342889659652,7.778443517710643,0.33819319642220186,8.0,0.52933816200854,0.48848321704755,0.7524641767304565,0.7530774583949048,0.7597197914688376,0.7524641767304565,0.6933161077210876,13.653437209419812,0.018757368460100565
19.27,14.27,77.45890969722238,0.9817258096847826,58.90354858108696,3534.2129148652175,10.229541316619343,0.4447626659399715,7.780709716217391,0.3382917267920605,8.0,0.5303381620085398,0.48952002292587343,0.7512093189599232,0.7518275140239457,0.7585122323026736,0.7512093189599232,0.6947876715147555,13.66037772831599,0.019012698491422952
19.28,14.280000000000001,77.39037760829397,0.9819172137790486,58.915032826742916,3534.901969604575,10.264748442417028,0.4462934105398708,7.7830065653485825,0.33839158979776446,8.0,0.53133816200854,0.49055832889487394,0.7499246664430982,0.7505460404324402,0.7572749964924268,0.7499246664430982,0.6962613644235969,13.667332973495682,0.019268213392898303
19.29,14.29,77.32257191326377,0.9821111739526406,58.926670437158435,3535.600226229506,10.300010300228355,0.4478265347925372,7.785334087431687,0.33849278641007335,8.0,0.5323381620085398,0.4915981427915595,0.7486101475710036,0.7492368929519101,0.756008013985846,0.7486101475710036,0.6977371975708678,13.674302966305653,0.019523915189786578
19.3,14.3,77.25550225187497,0.9823076920828443,58.938461524970656,3536.3076914982394,10.335327171562257,0.44936205093748943,7.787692304994131,0.33859531760844047,8.0,0.5333381620085399,0.492639472482541,0.7472656905337479,0.7478976929791655,0.7547112127722128,0.7472656905337479,0.6992151821218404,13.681287728204119,0.019779805623016955
19.31,14.309999999999999,77.18917827107084,0.9825067700651009,58.950406203906056,3537.0243722343635,10.370699340932891,0.4508999713449083,7.79008124078121,0.33869918438179175,8.0,0.5343381620085398,0.49368232586266914,0.7458912233053057,0.7465264163792208,0.7533845201000202,0.7458912233053057,0.7006953292818684,13.688287280761136,0.020035886858799756
19.32,14.32,77.12360962480003,0.9827084098200202,58.96250458920121,3537.7502753520725,10.406127086823558,0.45244030812276337,7.792500917840242,0.3388043877321844,8.0,0.5353381620085399,0.494726710849049,0.7444866735744713,0.745126275499065,0.7520278653994269,0.7444866735744713,0.7021776502878913,13.695301645658986,0.02029216117249888
19.330000000000002,14.330000000000002,77.0588059742577,0.982912613288551,58.974756797313056,3538.4854078387834,10.441610687960436,0.4539830733895842,7.794951359462611,0.33891092867228745,8.0,0.53633816200854,0.495772635384587,0.7430519687917148,0.7436986331627228,0.7506411774533801,0.7430519687917148,0.7036621564134694,13.702330844692494,0.020548630210690533
19.34,14.34,76.99477698826345,0.983119382424234,58.98716294545404,3539.229776727242,10.477150433375307,0.4555282797119699,7.797432589090809,0.3390188082213395,8.0,0.5373381620085398,0.4968201074442828,0.7415870362443993,0.7422377157949286,0.7492243814901717,0.7415870362443993,0.7051488589777136,13.709374899769449,0.020805295819350533
19.35,14.350000000000001,76.93153234292615,0.9833287192049378,58.99972315229627,3539.983389137776,10.512746607277768,0.4570759394468594,7.799944630459254,0.3391280274112719,8.0,0.53833816200854,0.4978691350253664,0.7400918029413127,0.740744119186124,0.7477774048728599,0.7400918029413127,0.7066377693312871,13.716433832910996,0.021062160491958082
19.36,14.36,76.86908172162995,0.9835406256340732,59.01243753804439,3540.746252282663,10.548399487498962,0.4586260646738679,7.802487507608878,0.3392385872873425,8.0,0.5393381620085398,0.4989197261460897,0.7385661956005796,0.7392247038344549,0.7463001772731175,0.7385661956005796,0.7081288988546895,13.723507666251924,0.02131922622660909
19.37,14.370000000000001,76.80743481554514,0.98375510372947,59.0253062237682,3541.518373426092,10.584109359926337,0.46017866782288425,7.80506124475364,0.33935048890233216,8.0,0.5403381620085399,0.49997188885448507,0.7370101407578665,0.7376750711374497,0.7447926245476574,0.7370101407578665,0.7096222589706891,13.730596422041053,0.02157649467788758
19.38,14.379999999999999,76.74660132356087,0.983972155527631,59.038329331657856,3542.299759899471,10.619876513046455,0.4617337614368024,7.807665866331572,0.339463733318764,8.0,0.5413381620085397,0.5010256312250249,0.735423564724181,0.7360916509990041,0.7432546722810058,0.735423564724181,0.7111178611395806,13.737700122641604,0.021833968036965246
19.39,14.39,76.68659095210731,0.9841917830902092,59.05150698541255,3543.090419124753,10.655701229600055,0.46329135780869807,7.810301397082509,0.339578321612283,8.0,0.5423381620085399,0.5020809613527774,0.7338063935221005,0.7344799309971735,0.7416862480219132,0.7338063935221005,0.7126157168508914,13.744818790531557,0.02209164847136691
19.400000000000002,14.400000000000002,76.62741341548433,0.9844139884970583,59.0648393098235,3543.89035858941,10.691583795605421,0.4648514693741488,7.812967861964699,0.3396942548680304,8.0,0.54333816200854,0.5031378873591414,0.7321585529533112,0.732838240918483,0.740087277849873,0.7321585529533112,0.7141158376315205,13.751952448303971,0.02234953776842019
19.41,14.41,76.56907843598196,0.9846387738455775,59.07832643073465,3544.6995858440787,10.727524501254614,0.4664141087502006,7.81566528614693,0.3398115341803013,8.0,0.5443381620085399,0.5041964173924496,0.7304799686044093,0.7311637019774584,0.7384576867427465,0.7304799686044093,0.715618235046594,13.75910111866736,0.022607638063306013
19.42,14.420000000000002,76.51159574366724,0.9848661412583244,59.09196847549946,3545.518108529968,10.763523631103556,0.46797928830885027,7.818393695099892,0.33993016065651704,8.0,0.54533816200854,0.5052565596210611,0.7287705657719759,0.7294596920296548,0.7367974015038017,0.7287705657719759,0.7171229206896632,13.766264824446042,0.022865951573578513
19.43,14.43,76.45497507667126,0.9850960928770489,59.105765572622936,3546.3459343573763,10.799581471821432,0.4695470205139753,7.821153114524586,0.34005013541411244,8.0,0.5463381620085398,0.5063183222383769,0.7270302695205276,0.7277258291734202,0.7351063478205805,0.7270302695205276,0.7186299061898211,13.773443588580438,0.023124480017727933
19.44,14.440000000000001,76.39922618143248,0.9853286308586789,59.11971785152074,3547.1830710912445,10.835698317433788,0.47111731814929514,7.823943570304146,0.34017145957844114,8.0,0.54733816200854,0.5073817134664727,0.725259004721198,0.725958887831202,0.7333844491905651,0.725259004721198,0.7201392032168598,13.780637434127472,0.023383225446494293
19.45,14.45,76.34435881238629,0.9855637573859788,59.13382544315873,3548.029526589524,10.871874455579064,0.4726901937208289,7.8267650886317455,0.34029413428833677,8.0,0.5483381620085398,0.5084467415465038,0.7234566959469193,0.7241608453391997,0.7316316314533755,0.7234566959469193,0.7216508234676513,13.787846384260893,0.02364219034684112
19.46,14.46,76.29038273208292,0.9858014746656159,59.14808847993695,3548.885308796217,10.90811017003435,0.47426565956671085,7.829617695987389,0.3404181606951039,8.0,0.5493381620085399,0.5095134147401689,0.7216232674910465,0.7223351013451899,0.7298478213521564,0.7216232674910465,0.7231647786682253,13.795070462271575,0.0239013764650835
19.47,14.469999999999999,76.23730771176243,0.9860417849152805,59.16250709491683,3549.75042569501,10.944405757428978,0.47584372858386864,7.832501418983366,0.3405435399557985,8.0,0.5503381620085398,0.5105817413410791,0.7197586434927534,0.7204762066017436,0.7280329409052615,0.7197586434927534,0.7246810805899061,13.802309691567864,0.024160785482600033
19.48,14.48,76.1851435310242,0.9862846903752678,59.17708142251607,3550.624885350964,10.980761512315773,0.47742441357894666,7.8354162845032125,0.3406702732392701,8.0,0.5513381620085399,0.5116517296646175,0.7178627478231028,0.7185828587822569,0.7261869134631038,0.7178627478231028,0.7261997410349187,13.809564095675988,0.02442041991815813
19.490000000000002,14.490000000000002,76.13389997768306,0.9865301933136438,59.191811598818624,3551.5086959291175,11.017177720511262,0.4790077269787505,7.838362319763724,0.3407983617288576,8.0,0.5523381620085401,0.5127233880431205,0.715935504034202,0.7166612385378534,0.7243096655943251,0.715935504034202,0.727720771829551,13.81683369824031,0.024680282018309185
19.5,14.5,76.08358684823953,0.986778296015634,59.20669776093804,3552.4018656562826,11.053654672867761,0.4805936814290331,7.841339552187609,0.34092780661685257,8.0,0.5533381620085399,0.5137967248349862,0.7139768354625344,0.7147103203671774,0.722401121100861,0.7139768354625344,0.7292441848370806,13.824118523023643,0.024940373401300064
19.51,14.510000000000002,76.03421394805575,0.9870290007816697,59.22174004690018,3553.3044028140107,11.090192667857028,0.4821822899068273,7.844348009380036,0.34105860910347985,8.0,0.55433816200854,0.5148717484268011,0.7119866652474287,0.7127245648739038,0.7204612016020064,0.7119866652474287,0.7307699919607937,13.831418593907634,0.025200696146924884
19.52,14.52,75.98579109101117,0.9872823099385725,59.236938596314346,3554.216315778861,11.12679199713767,0.48377356509294217,7.847387719262869,0.34119077040273343,8.0,0.5553381620085398,0.515948467223016,0.709964916221189,0.7107080510240646,0.7184898312452888,0.709964916221189,0.7322982051293317,13.838733934893083,0.025461252625525788
19.53,14.530000000000001,75.9383280997637,0.9875382258341803,59.252293550050815,3555.137613003049,11.163452952544576,0.4853675196758511,7.850458710010162,0.3413242917395723,8.0,0.55633816200854,0.5170268896506381,0.7079115109612903,0.7086618945890346,0.7164869336682091,0.7079115109612903,0.7338288363033508,13.846064570100248,0.025722044644631126
19.54,14.54,75.89183480606542,0.987796750831465,59.2678050498879,3556.068302993274,11.200175833752102,0.486964166684874,7.85356100997758,0.3414591743468513,8.0,0.5573381620085398,0.5181070241648903,0.7058263718473125,0.7065819123026775,0.7144524301741317,0.7058263718473125,0.7353618974835543,13.853410523769181,0.025983074240713222
19.55,14.55,75.84632105045652,0.9880578873189945,59.28347323913967,3557.00839434838,11.236960934785145,0.488563518903702,7.856694647827934,0.3415954194707797,8.0,0.5583381620085399,0.5191888792393486,0.7037094209580814,0.7044703767958648,0.7123862439995424,0.7037094209580814,0.7368974006966948,13.860771820260084,0.026244343825581495
19.56,14.559999999999999,75.80179668243319,0.9883216377079767,59.2992982624786,3557.957895748716,11.273808547875262,0.4901655890380549,7.85985965249572,0.34173302836937913,8.0,0.5593381620085397,0.5202724633684939,0.7015605801002212,0.7023289074635057,0.7102882985165125,0.7015605801002212,0.7384353579991956,13.868148484053561,0.026505855169439485
19.57,14.57,75.75827156090583,0.9885880044223831,59.31528026534299,3558.9168159205797,11.310718976294853,0.4917703902736893,7.863056053068598,0.34187200230733034,8.0,0.5603381620085399,0.5213577850771804,0.6993797709042028,0.7001536783870064,0.7081585136071215,0.6993797709042028,0.7399757814905896,13.875540539751011,0.026767610180563395
19.580000000000002,14.580000000000002,75.71575555382924,0.988856989911588,59.33141939469528,3559.8851636817167,11.347692518057357,0.4933779355677112,7.866283878939056,0.34201234256256763,8.0,0.56133816200854,0.5224448529087768,0.697166914700088,0.6979454150135556,0.7059968112006825,0.697166914700088,0.7415186832966876,13.882948012074948,0.027029611477537685
19.59,14.59,75.67425853818638,0.9891285966519339,59.34771579911603,3560.862947946962,11.384729463915413,0.4949882375615397,7.8695431598232055,0.3421540504270959,8.0,0.5623381620085398,0.5235336754235058,0.6949219325019479,0.6957082664726021,0.7038031154302631,0.6949219325019479,0.7430640755672219,13.890370925869266,0.027291861009018703
19.6,14.600000000000001,75.6337904006394,0.9894028271317683,59.3641696279061,3561.850177674366,11.421830116781333,0.4966013094252754,7.872833925581219,0.3422971271991834,8.0,0.5633381620085399,0.5246242612123929,0.6926447451536515,0.6934383317308279,0.7015773456596264,0.6926447451536515,0.7446119704956438,13.897809306099582,0.027554360330789507
19.61,14.61,75.59436103736358,0.9896796838585497,59.38078103151298,3562.846861890779,11.458994782587554,0.4982171644603285,7.876156206302596,0.3424415741870694,8.0,0.5643381620085397,0.5257166188910251,0.6903352732587491,0.6911326773500961,0.6993194209553208,0.6903352732587491,0.7461623803102654,13.90526317785361,0.0278171118745405
19.62,14.620000000000001,75.55598035372951,0.9899591693692592,59.397550162155554,3563.8530097293333,11.496223756852427,0.4998358155153229,7.87951003243111,0.3425873927143961,8.0,0.5653381620085399,0.5268107570895643,0.6879934370781948,0.6887959751710387,0.6970292642362562,0.6879934370781948,0.7477153172600856,13.912732566341463,0.028080118180774605
19.63,14.629999999999999,75.51865826466411,0.9902412862221652,59.414477173329914,3564.8686303997947,11.533517335371325,0.5014572754509272,7.882895434665983,0.3427345841159123,8.0,0.5663381620085397,0.5279066844601881,0.6856191566105686,0.6864304487221972,0.694706797457901,0.6856191566105686,0.7492707936253502,13.920217496895889,0.028343380895819337
19.64,14.64,75.48240469512285,0.9905260369871756,59.431562219230536,3565.8937331538323,11.570875826771392,0.5030815576857127,7.886312443846107,0.34288314973243944,8.0,0.5673381620085398,0.5290044096865864,0.6832123516857475,0.6840294876055677,0.6923519382096864,0.6832123516857475,0.7508288217310315,13.927717994972673,0.028606901938680096
19.650000000000002,14.650000000000002,75.44722957960713,0.990813424260939,59.44880545565634,3566.9283273393803,11.608299533012282,0.5047086753483602,7.889761091131268,0.3430330909187508,8.0,0.56833816200854,0.5301039414696774,0.6807729418167021,0.6815952326946507,0.6899646068663571,0.6807729418167021,0.7523894139265545,13.935234086150961,0.028870683865598323
19.66,14.66,75.41314286230852,0.9911034506644876,59.46620703986925,3567.9724223921553,11.645788752472077,0.5063386414118294,7.89324140797385,0.3431844090423413,8.0,0.5693381620085398,0.5312052885295474,0.6783008462222092,0.6791312635827439,0.6875447245290318,0.6783008462222092,0.7539525825885492,13.942765796133536,0.02913472857157018
19.67,14.670000000000002,75.38015449760985,0.9913961188323703,59.48376712994222,3569.0260277965335,11.683343794071833,0.5079714693074711,7.896753425988444,0.3433371054777584,8.0,0.57033816200854,0.5323084596162847,0.6757959839325491,0.6766327793434691,0.6850922089162909,0.6757959839325491,0.7555183401362291,13.95031315074716,0.029399037977398734
19.68,14.68,75.34827444975399,0.9916914314240356,59.501485885442136,3570.0891531265283,11.720964962596721,0.509607172286814,7.900297177088428,0.34349118161254033,8.0,0.5713381620085398,0.533413463498948,0.6732582736776015,0.6741006938374012,0.6826069793599859,0.6732582736776015,0.7570866990157323,13.957876175942918,0.029663614630557333
19.69,14.690000000000001,75.31751269285637,0.9919893911249815,59.51936346749889,3571.1618080499334,11.758652557242813,0.5112457633583832,7.903872693499778,0.34364663884781643,8.0,0.57233816200854,0.5345203089642125,0.6706876338752534,0.6715381087628781,0.6800889566023337,0.6706876338752534,0.7586576716982006,13.965454897796489,0.029928460445340477
19.7,14.7,75.28787921150938,0.9922900006329425,59.537400037976546,3572.2440022785927,11.796406889551918,0.5128872560674747,7.90748000759531,0.34380347859110044,8.0,0.5733381620085398,0.5356290048301094,0.6680839827659619,0.668941311174257,0.6775380572518477,0.6680839827659619,0.7602312706992801,13.973049342508475,0.0301935771973163
19.71,14.71,75.25938400047518,0.9925932626689279,59.555595760135674,3573.3357456081403,11.83422826918847,0.5145316638777596,7.911119152027135,0.34396170226204936,8.0,0.5743381620085399,0.5367395599354443,0.6654472383041481,0.6663098350271947,0.67495419900854,0.6654472383041481,0.7618075085641023,13.980659536404792,0.030458967526342917
19.72,14.719999999999999,75.23203706450572,0.9928991799834693,59.57395079900816,3574.4370479404897,11.872116995882193,0.5161789998209649,7.9147901598016315,0.3441213112957231,8.0,0.5753381620085397,0.5378519831334759,0.6627773180967703,0.6636476692399068,0.6723373027806454,0.6627773180967703,0.763386397858313,13.988285505936902,0.03072463367425371
19.73,14.73,75.20584841895514,0.993207755342413,59.59246532054478,3575.547919232687,11.910073377876277,0.5178292772989685,7.918493064108956,0.344282307135172,8.0,0.5763381620085399,0.5389662833056829,0.6600741395417812,0.6609530472333293,0.6696872857502476,0.6600741395417812,0.7649679511876103,13.995927277682133,0.030990577130936003
19.740000000000002,14.740000000000002,75.18082808990904,0.9935189915260882,59.6111394915653,3576.668369493918,11.94809773306414,0.5194825101332234,7.922227898313059,0.3444446912310026,8.0,0.57733816200854,0.5400824693632015,0.6573376198356635,0.658221796579991,0.6670040625522897,0.6573376198356635,0.766552181199787,14.003584878344071,0.03125680014677101
19.75,14.75,75.15698611367793,0.9938328913453485,59.629973480720906,3577.7984088432545,11.986190368279296,0.5211387116643172,7.925994696144182,0.344608465049747,8.0,0.5783381620085398,0.5412005502309722,0.6545676758159802,0.6554568264492878,0.6642875519538016,0.6545676758159802,0.768139100562228,14.01125833475288,0.03152330554663507
19.76,14.760000000000002,75.13433253700506,0.994149457637021,59.64896745822126,3578.9380474932755,12.024351585211944,0.5227978950092149,7.9297934916442525,0.34477363007148926,8.0,0.57933816200854,0.5423205348519563,0.6517642240056458,0.6526627384486584,0.6615376739325646,0.6517642240056458,0.7697287219678957,14.018947673865531,0.03179009509646846
19.77,14.77,75.11287741780474,0.9944686932472778,59.66812159483667,3580.0872956902003,12.062581702014871,0.5244600740006465,7.933624318967334,0.34494018778118846,8.0,0.5803381620085398,0.5434424322036885,0.6489271807748542,0.6498330005166294,0.6587543422807594,0.6489271807748542,0.7713210581588232,14.026652922766162,0.03205717054643742
19.78,14.780000000000001,75.09263082463927,0.9947906010479498,59.68743606287699,3581.2461637726196,12.100881032235385,0.5261252622711037,7.937487212575398,0.34510813967719123,8.0,0.5813381620085399,0.5445662512826316,0.6460564621809987,0.6469677742253083,0.65593747325033,0.6460564621809987,0.7729161219039092,14.034374108666478,0.03232453455932216
19.79,14.79,75.07360283670636,0.9951151839384643,59.70691103630786,3582.4146621784716,12.139249882344355,0.5277934731454067,7.941382207261572,0.3452774872722423,8.0,0.5823381620085397,0.5456920011017932,0.6431519839493589,0.6440719226071907,0.6530869850273363,0.6431519839493589,0.7745139259955345,14.042111258905974,0.032592189203022315
19.8,14.8,75.05580354444609,0.9954424448320102,59.72654668992061,3583.5928013952366,12.177688569711309,0.5294647204222309,7.945309337984122,0.3454482320862662,8.0,0.5833381620085399,0.5468196907049017,0.6402136616078652,0.6411412147486033,0.6502027920501937,0.6402136616078652,0.7761144832696826,14.049864400952302,0.03286013630306428
19.81,14.809999999999999,75.03924304930533,0.9957723866645256,59.74634319987154,3584.7805919922926,12.216197411030034,0.531139017870871,7.949268639974307,0.34562037565105685,8.0,0.5843381620085397,0.5479493291576367,0.6372414103985897,0.6381751565319909,0.647284809449801,0.6372414103985897,0.7777178065934931,14.057633562401616,0.033128378441503514
19.82,14.82,75.02393146357008,0.9961050124008402,59.76630074405041,3585.9780446430245,12.25477671440579,0.5328163788872082,7.953260148810082,0.3457939195134818,8.0,0.5853381620085398,0.5490809255411322,0.6342351452173052,0.6351773137752355,0.6443329548070174,0.6342351452173052,0.7793239088560402,14.065418770978864,0.03339691776691467
19.830000000000002,14.830000000000002,75.0098789110013,0.996440325019864,59.786419501191844,3587.1851700715106,12.293426798590726,0.5344968173300315,7.957283900238368,0.3459688652277551,8.0,0.58633816200854,0.5502144889671436,0.6311947807578354,0.6321450143226337,0.6413471418844519,0.6311947807578354,0.78093280298986,14.073220054538094,0.03366575596480459
19.84,14.84,74.9970955267332,0.9967783275201362,59.80669965120817,3588.40197907249,12.332147985868318,0.536180347211666,7.961339930241634,0.3461452143583319,8.0,0.5873381620085398,0.5513500285728852,0.6281202314571601,0.6290766671714884,0.6383272839072222,0.6281202314571601,0.7825445019636227,14.08103744106286,0.03393489558564511
19.85,14.850000000000001,74.98559145690504,0.997119022931577,59.82714137589462,3589.6284825536773,12.370940586880115,0.5378669820382659,7.965428275178923,0.34632296848604016,8.0,0.5883381620085399,0.552487553508921,0.6250114113800477,0.6259755176647599,0.6352732979698003,0.6250114113800477,0.7841590187649466,14.088870958666503,0.034204339209146895
19.86,14.86,74.97537685914735,0.9974624143043191,59.84774485825915,3590.864691495549,12.409804915136903,0.5395567354407349,7.96954897165183,0.3465021292022535,8.0,0.5893381620085397,0.5536270729502614,0.621868234327871,0.6228419226715908,0.6321850992625575,0.621868234327871,0.7857763664161469,14.096720635592407,0.03447408834293242
19.87,14.870000000000001,74.96646190306271,0.9978085046984356,59.86851028190614,3592.1106169143686,12.448741300390742,0.5412496217561192,7.973702056381228,0.34668269810353164,8.0,0.5903381620085398,0.5547685961074761,0.6186906139384898,0.6196710810533328,0.6290625980585675,0.6186906139384898,0.7873965579900093,14.104586500214438,0.03474414500941947
19.88,14.879999999999999,74.95885676956703,0.9981572972045075,59.88943783227045,3593.366269936227,12.487750062066446,0.5429456548724542,7.97788756645409,0.3468646768023517,8.0,0.5913381620085397,0.5559121322058752,0.6154784634844368,0.6164642978767731,0.6259057086479248,0.6154784634844368,0.7890196065802405,14.112468581037287,0.03501454176390695
19.89,14.89,74.95257164619953,0.9985087955337137,59.91052773202283,3594.6316639213696,12.526829661290273,0.5446447678821857,7.982105546404564,0.34704806723498105,8.0,0.592338976704969,0.5570576772886334,0.6122316899996143,0.6132269862563231,0.6227143677352716,0.6122316899996143,0.7906455065708222,14.120366906603044,0.03528530922078943
19.900000000000002,14.900000000000002,74.94761675036447,0.9988630033889233,59.9317802033354,3595.906812200124,12.565984009005264,0.5463471308263158,7.986356040667079,0.3472328713333513,8.0,0.593325484221559,0.5582052808439558,0.6089502004315999,0.609954106689474,0.6194884536490828,0.6089502004315999,0.7922743282015673,14.128281505776908,0.03555592818989339
19.91,14.91,74.94400229779122,0.9992199140975117,59.953194845850696,3597.1916907510417,12.605027298541758,0.5480446651539895,7.990638969170139,0.347419085616093,8.0,0.5942077103118371,0.5593529868645816,0.6056340054990581,0.6066443231674723,0.6162280988989913,0.6056340054990581,0.793903295263809,14.136212393894233,0.03582502074515048
19.92,14.920000000000002,74.94173840823775,0.9995795038038262,59.97477022822957,3598.4862136937745,12.643419096451543,0.5497138737587628,7.994954045645914,0.34760669763677887,8.0,0.5948391464559417,0.5604951160875443,0.6022832883219043,0.6033021939559281,0.6129341259101017,0.6022832883219043,0.7955243470415243,14.14415953210576,0.036088688907867095
19.93,14.93,74.94083507334888,0.999941687875669,59.99650127254014,3599.790076352408,12.680391388285182,0.5513213647080514,7.999300254508027,0.3477956632394794,8.0,0.5952090729510007,0.5616231730559792,0.5988988405446145,0.5999253084294437,0.6096073387843823,0.5988988405446145,0.7971254257262129,14.152122780969597,0.03634112626514252
19.94,14.940000000000001,74.94130184691302,1.000306326329129,60.01837957974774,3601.1027747848643,12.715295975632046,0.5528389554622629,8.003675915949547,0.3479859093891107,8.0,0.5953357929265276,0.5627294245394802,0.5954820099088647,0.5965139142226302,0.606248559939352,0.5954820099088647,0.7986955553559212,14.160101885875008,0.03657747970493119
19.95,14.95,74.94314758098896,1.0006732374697676,60.040394248186054,3602.423654891163,12.74758823779683,0.5542429668607317,8.008078849637212,0.3481773412885744,8.0,0.5952329874735666,0.5638068729214537,0.5920345653931529,0.59307207836027,0.6028592537340148,0.5920345653931529,0.8002248040432667,14.168096487672003,0.03679350550164173
19.96,14.96,74.94638048195444,1.0010421964391618,60.06253178634971,3603.7519071809825,12.776823560554986,0.5555140678502168,8.012506357269942,0.3483698416204322,8.0,0.594913532374194,0.5648492008371818,0.5885587114127601,0.5895997145058106,0.5994406475233889,0.5885587114127601,0.8017042053988946,14.176106132719214,0.03698554280638433
19.97,14.969999999999999,74.95100782816603,1.0014129483258951,60.08477689955371,3605.0866139732225,12.802636069248583,0.5566363508368949,8.01695537991074,0.3485632773874235,8.0,0.5943896370109825,0.5658506893267429,0.585056958367446,0.5860986556813549,0.5959944303481881,0.585056958367446,0.8031256423639282,14.184130281958026,0.03715101203435012
19.98,14.98,74.95703580206875,1.0017852166798489,60.10711300079093,3606.426780047456,12.824716132634038,0.5575963535927843,8.021422600158186,0.3487575043547037,8.0,0.593666204348751,0.5668060751201824,0.5815320384827729,0.5825739235111869,0.5925227702435916,0.5815320384827729,0.8044816446513416,14.192168318393104,0.037287489695629006
19.990000000000002,14.990000000000002,74.96446956022199,1.0021586981198078,60.129521887188474,3607.7713132313083,12.842810312753647,0.5583830570762455,8.025904377437694,0.34895236423642145,8.0,0.5927627816786671,0.5677104957683677,0.5779869593171505,0.5790277337140963,0.5890279720126459,0.5779869593171505,0.8057653108688473,14.200219553170706,0.037393055405253506
20.0,15.0,74.97331311033537,1.002533077787954,60.15198466727724,3609.1190800366344,12.856901990800434,0.5589957387304537,8.030396933455448,0.3491476927589325,8.0,0.5917801845304032,0.5685614554392606,0.5744248499362473,0.5754604615236534,0.5855125019777938,0.5744248499362473,0.8069730986213458,14.208283245218155,0.03746783713953761
20.01,15.010000000000002,74.98356927892583,1.0029080548625986,60.17448329175592,3610.468997505355,12.867192308472246,0.5594431438466194,8.034896658351183,0.34934333297179054,8.0,0.5907813132035716,0.5693588517480608,0.5708487059671423,0.5718766062240539,0.5819786469638537,0.5708487059671423,0.8081048625916004,14.216358635024221,0.03751340394346414
20.02,15.02,74.99523974865619,1.0032833458668233,60.1970007520094,3611.820045120564,12.874057806537262,0.5597416437624897,8.03940015040188,0.34953913697399475,8.0,0.5897816329496557,0.5701045730229939,0.5672613562905444,0.5682832937205406,0.5784285528000148,0.5672613562905444,0.8091632829297778,14.224444975751826,0.037532136663905646
20.03,15.030000000000001,75.0083252165773,1.0036586975958768,60.2195218557526,3613.171311345156,12.877818694549799,0.5599051606326,8.043904371150521,0.34973497265871833,8.0,0.5887816329496556,0.5708002562687684,0.5636653328314667,0.5646796984690966,0.5748648438886844,0.5636653328314667,0.8101506830764653,14.232541545581858,0.03752675755702484
20.04,15.04,75.02282546064201,1.0040338810179636,60.24203286107782,3614.521971664669,12.878763114482231,0.5599462223687927,8.048406572215564,0.34993072053111146,8.0,0.5877816329496558,0.5714474719926006,0.5600629311546876,0.5610668127770123,0.5712900789561457,0.5600629311546876,0.811069292090743,14.240647645457692,0.037499490656323076
20.05,15.05,75.03873947671109,1.0044086874090032,60.26452124454019,3615.8712746724113,12.877157229635753,0.559876401288511,8.052904248908039,0.35012627169165383,8.0,0.5867816329496556,0.5720477799064965,0.5564562483054621,0.5574510636282903,0.5677064226077992,0.5564562483054621,0.8119213237097861,14.248762598536695,0.037452389935083374
20.06,15.059999999999999,75.05606547702418,1.0047829288166652,60.28697572899991,3617.218543739995,12.873240298947351,0.5597060999542327,8.057395145799983,0.3503215280782601,8.0,0.5857816329496558,0.5726026839759448,0.5528471781786702,0.553833077565597,0.5641161200000689,0.5528471781786702,0.812708912548383,14.256885749717984,0.03738740406435426
20.07,15.07,75.07480098566867,1.0051564354902902,60.30938612941741,3618.563167765045,12.867228009050395,0.5594446960456694,8.061877225883482,0.35051640112536875,8.0,0.5847816329496557,0.5731136351813577,0.5492374366539774,0.550212603463962,0.5605212697579993,0.5492374366539774,0.8134341180183138,14.265016464870818,0.03730619427648918
20.080000000000002,15.080000000000002,75.09494295666855,1.0055290527021952,60.33174316213171,3619.9045897279025,12.859316593429527,0.5591007214534578,8.066348632426342,0.3507108101054931,8.0,0.5837816329496555,0.5735820348966386,0.5456285926831212,0.5465941299742573,0.5569237224377036,0.5456285926831212,0.8140989291236349,14.27315413010653,0.03721026176864939
20.09,15.09,75.11648777481123,1.0059006407256632,60.35403844353979,3621.2423066123874,12.849682862597302,0.5586818635911871,8.070807688707959,0.35090468211773734,8.0,0.5827816329496557,0.5740092354117958,0.5420220685054071,0.5429793383878961,0.5533252015514796,0.5420220685054071,0.814705265202437,14.28129815107816,0.037101056060478754
20.1,15.100000000000001,75.13943129324153,1.0062710738234046,60.37626442940428,3622.575865764257,12.838485516533039,0.5581950224579583,8.075252885880856,0.3510979515600372,8.0,0.5817816329496556,0.5743965413998996,0.5384191495405969,0.539366654130137,0.5497273009971527,0.5384191495405969,0.8152549780089325,14.289447952294218,0.03697982116284493
20.11,15.11,75.16376894860348,1.00664023714892,60.3984142289352,3623.9048537361123,12.825869159677772,0.5576464852033814,8.07968284578704,0.35129055851248003,8.0,0.5807816329496557,0.5747452136790718,0.5348210146933885,0.5357588068263708,0.5461314587897903,0.5348210146933885,0.8157498570529395,14.297602976469525,0.036847629859707354
20.12,15.120000000000001,75.1894957731621,1.0070080264205987,60.420481585235926,3625.2288951141554,12.811964723812647,0.5570419445135933,8.084096317047184,0.35148244856726885,8.0,0.5797816329496556,0.5750564699029029,0.5312287395408348,0.5321601558747933,0.542538981105861,0.5312287395408348,0.8161916305798067,14.305762683907691,0.0367055475979825
20.13,15.129999999999999,75.2166063881786,1.0073743481008797,60.44246088605278,3626.5476531631666,12.79688923792761,0.5563864886055483,8.088492177210556,0.3516735729221981,8.0,0.5787816329496558,0.5753314849248696,0.5276432945803384,0.5285675114628239,0.5389510714276513,0.5276432945803384,0.816581966087641,14.313926551891027,0.03655453094155803
20.14,15.14,75.24509509151348,1.0077391170394299,60.46434702236579,3627.8608213419475,12.78074888181934,0.5556847339921452,8.09286940447316,0.3518638871510069,8.0,0.5777816329496557,0.5755713940086457,0.5240655682793234,0.5249806344954447,0.5353688224170194,0.5240655682793234,0.8169224748837791,14.322094074095887,0.03639536636980978
20.150000000000002,15.150000000000002,75.2749558964705,1.008102255428276,60.48613532569655,3629.168119541793,12.763640339975815,0.5549408843467746,8.097227065139311,0.3520533506582309,8.0,0.5767816329496555,0.575777294494852,0.5204963772941524,0.5214052899866397,0.531793228683741,0.5204963772941524,0.8172147144504469,14.330264760042558,0.03622880036851939
20.16,15.16,75.30618252272922,1.0084636930468003,60.50782158280802,3630.4692949684813,12.745650485307127,0.5541587167524838,8.101564316561603,0.3522419268070262,8.0,0.5757816329496557,0.5759502459852122,0.5169364640742028,0.5178417153522853,0.5282251990169167,0.5169364640742028,0.8174601887061353,14.33843813455834,0.03605555487009582
20.17,15.170000000000002,75.33876842374134,1.0088233665256778,60.52940199154067,3631.76411949244,12.726857333533447,0.5533416231971063,8.105880398308134,0.35242958253513623,8.0,0.5747816329496556,0.576091271721225,0.5133865040606052,0.5142852204310281,0.5246655633148836,0.5133865040606052,0.8176603499623846,14.346613737251683,0.03587623914227578
20.18,15.18,75.37270684314979,1.0091812178296458,60.550873069778746,3633.052384186725,12.707332008707354,0.5524926960307546,8.11017461395575,0.35261628756329344,8.0,0.5737816329496558,0.576201361212974,0.5098471205250031,0.5107394863664851,0.5211150800788853,0.5098471205250031,0.8178166026549168,14.354791122014769,0.035691383175432634
20.19,15.190000000000001,75.40799081735294,1.0095371941891864,60.57223165135119,3634.333899081071,12.687138832128394,0.5516147318316693,8.114446330270237,0.35280201435957553,8.0,0.5727816329496556,0.5762814706414882,0.5063188852377805,0.5072094199103058,0.5175744418938415,0.5063188852377805,0.8179303039147162,14.362969856547618,0.03550150907813787
20.2,15.2,75.44461317888377,1.0098912480112086,60.59347488067252,3635.608492840351,12.66633543897792,0.5507102364773009,8.118694976134503,0.35298673809280445,8.0,0.5717816329496558,0.5763325234744674,0.5028023193416261,0.5036893529953641,0.5140442840432808,0.5028023193416261,0.8180027644419442,14.3711495218894,0.035307079452245205
20.21,15.21,75.48256659736472,1.0102433357782314,60.61460014669389,3636.8760088016334,12.644974204330216,0.549781487144792,8.122920029338777,0.3531704360582077,8.0,0.5707816329496557,0.5763554126714119,0.4992979041178224,0.5001806474752006,0.5105251886392702,0.4992979041178224,0.8180352516357322,14.37932971196979,0.03510848815620449
20.22,15.219999999999999,75.52184358972433,1.0105934177743325,60.63560506645995,3638.1363039875973,12.623102598395096,0.5488305477563086,8.12712101329199,0.35335308753443434,8.0,0.5697816329496558,0.5763510014849595,0.49580608366663426,0.49668786802465115,0.5070176889528237,0.49580608366663426,0.8180289907315397,14.387510033181625,0.03490611419670131
20.23,15.23,75.56243652111083,1.0109414580621654,60.656487483729926,3639.3892490237954,12.60076321691217,0.5478592703005292,8.131297496745985,0.35353467377156456,8.0,0.5687816329496557,0.5763201238776187,0.4923272651320425,0.4932073839070825,0.5035222762382995,0.4923272651320425,0.8179851653926331,14.395690103962247,0.03470029976185174
20.240000000000002,15.240000000000002,75.60433763146054,1.0112874237695697,60.67724542617418,3640.634725570451,12.57799470534012,0.5468693350147878,8.135449085234836,0.35371517761890586,8.0,0.5677816329496554,0.5762635863088232,0.4888618256790463,0.48973973508273844,0.5000394023894437,0.4888618256790463,0.8179049202464964,14.403869554390443,0.03449133701661822
20.25,15.25,75.64753904620258,1.0116312848024978,60.697877088149866,3641.872625288992,12.554832130839978,0.5458622665582599,8.139575417629974,0.35389458337521623,8.0,0.5667816329496557,0.5761821686237649,0.4854101153014517,0.4862881733317389,0.4965694826262853,0.4854101153014517,0.8177893621463729,14.412048025802406,0.03427950515622058
20.26,15.260000000000002,75.69203277528993,1.0119730138726941,60.718380832361646,3643.102849941699,12.531306946897967,0.5448394324738247,8.143676166472329,0.3540728768031447,8.0,0.5657816329496554,0.5760766243061359,0.48197245655107335,0.4828503969778342,0.49311290207974295,0.48197245655107335,0.817639560529988,14.420225170415788,0.03406505909852342
20.27,15.27,75.73781073233893,1.0123125859844682,60.73875515906809,3644.3253095440855,12.507447658207683,0.5438020720959862,8.147751031813618,0.35425004486146167,8.0,0.5647816329496557,0.5759476820447398,0.4785491495574641,0.4794261527661292,0.489670016820044,0.4785491495574641,0.8174565496430791,14.428400650966653,0.03384821322165976
20.28,15.280000000000001,75.78486474572678,1.0126499781371272,60.758998688227635,3645.539921293658,12.483280206140378,0.5427513133104512,8.151799737645526,0.35442607554980543,8.0,0.5637816329496556,0.575796046731679,0.4751404749384147,0.4760185309340311,0.48624115442255833,0.4751404749384147,0.8172413299561474,14.43657414036465,0.03362917001553711
20.29,15.29,75.83318655642553,1.012985169384779,60.779110163086735,3646.746609785204,12.458827891641905,0.541688169201822,8.155822032617348,0.35460095793988466,8.0,0.5627816329496557,0.5756223996163461,0.47174669321498586,0.4726266081430251,0.4828266209502173,0.47174669321498586,0.8169948683830206,14.444745321356343,0.03340812298700513
20.3,15.3,75.88276782697137,1.0133181405968672,60.79908843581203,3647.945306148722,12.434111685581478,0.5406135515470207,8.159817687162406,0.35477468205053936,8.0,0.5617816329496556,0.5754273992438894,0.46836804715361774,0.46924809950737134,0.4794267026990537,0.46836804715361774,0.8167180996128406,14.452913886196324,0.03318523375185123
20.31,15.309999999999999,75.93360015632864,1.013648874059816,60.818932443588956,3649.135946615337,12.409150744685707,0.5395282932472047,8.163786488717792,0.35494723863990396,8.0,0.5607816329496558,0.5752116829520304,0.46500476566258314,0.4658852852812609,0.4760416636288669,0.46500476566258314,0.8164119282345327,14.461079536335559,0.03296064394275078
20.32,15.32,75.98567507997129,1.0139773534757222,60.83864120854333,3650.3184725126,12.383962413364012,0.538433148407131,8.167728241708666,0.3551186192047246,8.0,0.5597816329496555,0.574975867072004,0.46165706380477944,0.4625414499502477,0.47267174884916857,0.46165706380477944,0.8160772290220052,14.469241982121844,0.03273449668334649
20.330000000000002,15.330000000000002,76.03898406880606,1.014303563993483,60.85821383960898,3651.4928303765387,12.358562183735788,0.5373287905972082,8.171642767921796,0.3552888159965998,8.0,0.5587816329496554,0.5747205471712963,0.45832514249313655,0.45921186225767996,0.46931719299443736,0.45832514249313655,0.8157148472786726,14.477400942503348,0.03250691896997182
20.34,15.34,76.09351854238585,1.0146274918551217,60.877649511307304,3652.6589706784384,12.332964153654203,0.5362158327675741,8.17552990226146,0.3554578218374547,8.0,0.5577816329496557,0.5744462995256114,0.45500919195009554,0.45589594035771214,0.4659782143747424,0.45500919195009554,0.8153256009266543,14.485556144744372,0.03227801436996458
20.35,15.350000000000001,76.14926987321793,1.0149491242808824,60.89694745685294,3653.8168474111767,12.307181175560059,0.5350948337200025,8.17938949137059,0.3556256300595908,8.0,0.5567816329496554,0.5741536817487506,0.45170939283163103,0.45259945254330985,0.46265501485734717,0.45170939283163103,0.8149102814007771,14.493707324156011,0.03204788321071561
20.36,15.36,76.20622938496558,1.015268449519336,60.91610697116016,3654.9664182696097,12.281224791812173,0.5339662952961814,8.183221394232032,0.35579223453182746,8.0,0.5557816329496557,0.5738432329009564,0.44842591573705626,0.4493204627027365,0.4593477878666717,0.44842591573705626,0.8144696538023509,14.501854223832025,0.031816621589022986
20.37,15.370000000000001,76.26438835753099,1.0155854567126628,60.93512740275977,3656.107644165586,12.255105409263948,0.5328306699679978,8.187025480551952,0.3559576295892153,8.0,0.5547816329496555,0.5735154742795374,0.4451589225267442,0.44605509717241837,0.45605671758899796,0.4451589225267442,0.8140044580213215,14.509996594391144,0.031584309940733135
20.38,15.379999999999999,76.32373803374429,1.0159001357181507,60.95400814308904,3657.2404885853425,12.228832530428445,0.5316883708881932,8.190801628617809,0.3561218099399047,8.0,0.5537816329496558,0.5731709104271859,0.44190856806833684,0.44280762895052145,0.4527819755016204,0.44190856806833684,0.8135154101674,14.518134193732086,0.03135102036370796
20.39,15.39,76.38426961897599,1.0162124771199368,60.97274862719621,3658.3649176317726,12.202414738395198,0.5305397712345739,8.194549725439241,0.35628477067127134,8.0,0.5527816329496555,0.5728100292913519,0.4386750001218548,0.43957884307861006,0.4495237250720496,0.4386750001218548,0.8130032027962674,14.526266786796906,0.03111682318380815
20.400000000000002,15.400000000000002,76.44597428296956,1.016522472181827,60.99134833090962,3659.480899854577,12.175859758060252,0.5293852068721849,8.198269666181922,0.35644650722530097,8.0,0.5517816329496554,0.5724333027162459,0.4354583598011277,0.43636520894860026,0.44628212418721824,0.4354583598011277,0.8124685056078843,14.53439414533893,0.030881779287923905
20.41,15.41,76.50884316516475,1.0168301127056953,61.00980676234172,3660.5884057405033,12.149174639509384,0.528224984326495,8.201961352468345,0.3566070153247106,8.0,0.5507816329496555,0.5720411873894282,0.4322587829591263,0.43316917457150156,0.4430573211579245,0.4322587829591263,0.8119119667900101,14.542516047700918,0.030645942244326818
20.42,15.420000000000002,76.57286737492376,1.0171353910267134,61.0281234616028,3661.687407696168,12.122365764280081,0.5270593810556558,8.20562469232056,0.35676629097045914,8.0,0.5497816329496554,0.5716341250613451,0.42907640023460475,0.4299915403257585,0.4398494580239646,0.42907640023460475,0.8113342133297946,14.550632278601519,0.030409364271640982
20.43,15.43,76.63803799243352,1.0174382999911282,61.0462979994677,3662.777879968062,12.09543887425427,0.5258886467067074,8.209259599893539,0.35692433043015387,8.0,0.5487816329496557,0.5712125429132495,0.42591133726938,0.4268300738496107,0.4366586734117273,0.42591133726938,0.810735851535977,14.558742628925847,0.030172090820364872
20.44,15.440000000000001,76.70434607297796,1.0177388328431207,61.064329970587245,3663.859798235235,12.068399218185617,0.5247130094863312,8.212865994117449,0.3570811301790195,8.0,0.5477816329496555,0.5707768544599797,0.4227637158153492,0.4236861961823882,0.4334850981599697,0.4227637158153492,0.8101174683202224,14.56684689552513,0.029934161191455644
20.45,15.45,76.77178264734852,1.0180369832149574,61.082218992897445,3664.933139573847,12.041251564511489,0.5235326767178908,8.216443798579489,0.35723668689476035,8.0,0.5467816329496556,0.5703274597847904,0.4196336538308262,0.4205613228094091,0.430328857549369,0.4196336538308262,0.8094796315304222,14.574944881024381,0.029695614807486947
20.46,15.46,76.84033872146227,1.0183327451392705,61.09996470835623,3665.997882501374,12.01400018557299,0.5223478341553474,8.219992941671247,0.35739099746396724,8.0,0.5457816329496555,0.5698647456924192,0.416521265360242,0.41745306638560764,0.42719007664341385,0.416521265360242,0.8088228901679462,14.583036393632874,0.029456486521318936
20.47,15.469999999999999,76.9100052802963,1.0186261129453837,61.117566776723024,3667.0540066033814,11.986648991879983,0.5211586518208688,8.223513355344604,0.35754405892802626,8.0,0.5447816329496558,0.5693890866621143,0.4134266615486124,0.41436174844871015,0.4240688741890441,0.4134266615486124,0.8081477757402968,14.591121246962413,0.02921680472788779
20.48,15.48,76.98077328886761,1.0189170812338284,61.1350248740297,3668.1014924417823,11.959201565130579,0.51996528544046,8.22700497480594,0.3576958684698235,8.0,0.5437816329496555,0.5689008451462674,0.4103499508909172,0.4112903845501236,0.4209653620489379,0.4103499508909172,0.8074548026849668,14.59919925985454,0.028976598039058388
20.490000000000002,15.490000000000002,77.05263369120111,1.019205644906165,61.1523386943699,3669.1403216621943,11.931661119719228,0.5187678747704012,8.23046773887398,0.35784642342930345,8.0,0.5427816329496554,0.568400371633293,0.4072912389401854,0.40823716976380053,0.41787965345855826,0.4072912389401854,0.8067444684586856,14.60727025621026,0.028735894158856468
20.5,15.5,77.12557741218983,1.0194917991170054,61.16950794702032,3670.1704768212194,11.904030564907275,0.5175665463003163,8.233901589404065,0.3579957212784376,8.0,0.5417816329496556,0.5678880052115578,0.40425062877692675,0.4051996899692718,0.4148118597168602,0.40425062877692675,0.8060172543378167,14.615334064824241,0.028494715257906478
20.51,15.510000000000002,77.19959535998717,1.0197755392113232,61.18653235267939,3671.1919411607637,11.876312586005914,0.5163614167828658,8.237306470535879,0.35814375958851646,8.0,0.5407816329496554,0.5673640742565694,0.4012282216226749,0.40218072048560066,0.411762085144125,0.4012282216226749,0.8052736263937029,14.6233905192279,0.0282530809353716
20.52,15.52,77.27467842562561,1.0200568607357128,61.20341164414277,3672.204698648566,11.848509629850712,0.5151525926022049,8.240682328828553,0.35829053603602407,8.0,0.5397816329496556,0.5668288964831054,0.39822411672978886,0.39918282112530606,0.4087304312356075,0.39822411672978886,0.8045140355666536,14.6314394575377,0.028011011898655624
20.53,15.530000000000001,77.35081748270821,1.0203357594492963,61.22014556695778,3673.208734017467,11.820623890788912,0.5139401691647353,8.244029113391555,0.3584360484083285,8.0,0.5387816329496555,0.5662827791686283,0.395238411274586,0.39620162474839377,0.40571700223861845,0.395238411274586,0.8037389179830428,14.63948072230545,0.027768526352232925
20.54,15.54,77.42800338973545,1.0206122312627575,61.236733875765445,3674.2040325459266,11.792657389620523,0.5127242343313271,8.24734677515309,0.3585802945718735,8.0,0.5377816329496558,0.5657260198244929,0.3922712009540693,0.39323823167378114,0.4027218974141698,0.3922712009540693,0.8029486959079704,14.647514160374904,0.027525639202096386
20.55,15.55,77.50622699033875,1.0208862722333383,61.253176334000294,3675.1905800400177,11.76461198011714,0.5115048687007452,8.25063526680006,0.3587232724695678,8.0,0.5367816329496555,0.5651589064077709,0.3893225800349003,0.3902952156930874,0.39974521298118837,0.3893225800349003,0.8021437780459103,14.655539622744675,0.027282365643429785
20.56,15.559999999999999,77.58547911295827,1.021157878575626,61.26947271453756,3676.1683628722535,11.736489335137978,0.5102821450059991,8.25389454290751,0.3588649801264135,8.0,0.5357816329496558,0.5645817174643322,0.38639264124771705,0.3873699104197576,0.39678704640228,0.38639264124771705,0.8013245597437888,14.66355696443362,0.027038719506293774
20.57,15.57,77.66575057233167,1.021427046623464,61.28562279740785,3677.1373678444706,11.708290995974036,0.5090561302597406,8.257124559481568,0.3590054156296334,8.0,0.5347816329496555,0.5639947226872506,0.3834814761599902,0.38446293052651975,0.39384749198093705,0.3834814761599902,0.8004914237835431,14.671566044351259,0.02679471223726182
20.580000000000002,15.580000000000002,77.74703216989624,1.0216937728203712,61.30162636922228,3678.0975821533366,11.68001838478298,0.5078268862949121,8.260325273844455,0.3591445771236719,8.0,0.5337816329496553,0.5633981831533394,0.3805891752698311,0.38157606121929105,0.3909266410831998,0.3805891752698311,0.7996447407178426,14.679566725173768,0.02655035562393948
20.59,15.59,77.82931469325383,1.0219580537359427,61.31748322415656,3679.0489934493935,11.65167278343446,0.5065944688449765,8.263496644831314,0.35928246281875276,8.0,0.5327816329496555,0.5627923513900993,0.37771582784531943,0.3787074438267345,0.38802458732639405,0.37771582784531943,0.7987848689651094,14.68755887322218,0.026305660624196037
20.6,15.600000000000001,77.91258891748035,1.022219886032855,61.3331931619713,3679.991589718278,11.623255376261337,0.5053589294026668,8.266638632394262,0.35941907097366355,8.0,0.5317816329496554,0.5621774719221213,0.3748615222475421,0.3758570215173558,0.38514142182443833,0.3748615222475421,0.7979121555850412,14.695542358344932,0.02606063577926676
20.61,15.61,77.99684560573617,1.022479266451528,61.348755987091685,3680.9253592255013,11.594767269935707,0.5041203160841612,8.269751197418337,0.3595543998877538,8.0,0.5307816329496556,0.5615537815399521,0.3720263460807793,0.3730270654875107,0.3822772314285533,0.3720263460807793,0.7970269366602188,14.703517053806157,0.02581528981654202
20.62,15.620000000000001,78.0820755086293,1.022736191829186,61.36417150975116,3681.8502905850696,11.566209468866392,0.5028786725594083,8.272834301950232,0.3596884479108796,8.0,0.5297816329496554,0.5609215093336338,0.369210386005821,0.37021668021259607,0.3794321053634367,0.369210386005821,0.7961295373437094,14.71148283617618,0.025569631982996555
20.63,15.629999999999999,78.16826936461732,1.0229906590911881,61.379439545471286,3682.766372728277,11.537582886473999,0.5016340385423478,8.275887909094259,0.3598212134388808,8.0,0.5287816329496556,0.5602808769876195,0.3664137278247862,0.367423692902575,0.376606133938913,0.3664137278247862,0.7952202722776475,14.719439585224285,0.02532366949092335
20.64,15.64,78.25541790126948,1.0232426652190043,61.394559913140256,3683.6735947884154,11.508888386670552,0.5003864515943719,8.278911982628053,0.3599526948968718,8.0,0.5277816329496555,0.559632099288166,0.3636364567947351,0.3646498009164138,0.37379940259102323,0.3636364567947351,0.7942994463133902,14.72738718381724,0.025077408200310458
20.650000000000002,15.650000000000002,78.34351183511097,1.0234922072551944,61.40953243531166,3684.5719461186995,11.480126777438496,0.49913594684515206,8.281906487062333,0.3600828907418406,8.0,0.5267816329496553,0.5589753841631191,0.3608786575788999,0.36189787151506364,0.37101199443224814,0.3608786575788999,0.7933673545679848,14.735325517821648,0.024830855191957824
20.66,15.66,78.4325418710029,1.0237392823228435,61.42435693937061,3685.461416362237,11.451298785765962,0.4978825559028679,8.284871387874123,0.3602117994727879,8.0,0.5257816329496555,0.5583109327764179,0.3581404140562978,0.3591643685227745,0.36824399740450214,0.3581404140562978,0.7924242825583014,14.743254476007278,0.024584017064938735
20.67,15.670000000000002,78.52249870328751,1.023983887596493,61.43903325578958,3686.341995347375,11.422405095291808,0.49662630849094813,8.287806651157917,0.3603394196155616,8.0,0.5247816329496554,0.5576389399642984,0.35542180960638137,0.3564493658123038,0.36549549639189544,0.35542180960638137,0.7914705068201477,14.751173949954172,0.024336898713734456
20.68,15.68,78.61337301602333,1.0242260202971183,61.4535612178271,3687.213673069626,11.39344635283433,0.4953672327319274,8.29071224356542,0.3604657497202356,8.0,0.5237816329496556,0.5569595944207505,0.3527229271582446,0.35375572744657885,0.3627665738152151,0.3527229271582446,0.7905062951714916,14.759083833964128,0.02408950547287958
20.69,15.690000000000001,78.70515548254838,1.0244656777059507,61.46794066235704,3688.0764397414223,11.364423150566855,0.494105354372472,8.293588132471408,0.3605907883683221,8.0,0.5227816329496554,0.5562730787546853,0.3500438490551812,0.3510813059337091,0.3600573142203407,0.3500438490551812,0.7895319067936009,14.766984024973954,0.02384184263539879
20.7,15.7,78.79783676610319,1.0247028571498262,61.482171428989574,3688.9302857393745,11.335336045018764,0.49284069760951144,8.296434285797915,0.3607145341651267,8.0,0.5217816329496556,0.5555795698238697,0.34738465719816536,0.34842595705015317,0.35736780089844294,0.34738465719816536,0.7885475927050042,14.774874422471445,0.023593914304655073
20.71,15.71,78.89140752021974,1.0249375559920437,61.496253359522626,3689.7752015713577,11.3061855689323,0.49157328560575214,8.299250671904524,0.3608369857349793,8.0,0.5207816329496555,0.5548792389468009,0.3447454331354025,0.3457916867852809,0.35469811458185124,0.3447454331354025,0.7875535960622106,14.782754928415283,0.023345724855936112
20.72,15.719999999999999,78.98585838825045,1.025169771646945,61.5101862988167,3690.6111779290018,11.276972212451179,0.49030313967179046,8.30203725976334,0.3609581417288409,8.0,0.5197816329496557,0.5541722519301479,0.3421262579194554,0.34317718200211456,0.35204833825011556,0.3421262579194554,0.7865501521986572,14.790625447156586,0.023097278905616747
20.73,15.73,79.0811800038158,1.025399501570156,61.52397009420936,3691.4382056525615,11.24769643579546,0.48903027981719394,8.304794018841871,0.36107800081921176,8.0,0.5187816329496555,0.5534587693527657,0.3395272122027952,0.3405817593123942,0.34941855456370235,0.3395272122027952,0.7855374890278174,14.79848588536272,0.02284857987555
20.740000000000002,15.740000000000002,79.17736299138261,1.0256267432444561,61.53760459466737,3692.256275680042,11.218358687569921,0.4877547255465184,8.307520918933474,0.3611965616927597,8.0,0.5177816329496554,0.5527389468223948,0.3369483763762233,0.338007272371627,0.3468088426728704,0.3369483763762233,0.7845158274075408,14.806336151944897,0.02259963102234508
20.75,15.75,79.2743979659215,1.025851494190603,61.55108965143618,3693.0653790861707,11.188959390801195,0.4864764952522259,8.310217930287235,0.36131382305596677,8.0,0.5167816329496555,0.552012935008261,0.33438983046280374,0.33545406101444775,0.3442192825989909,0.33438983046280374,0.7834853811863234,14.814176157987866,0.022350436557516673
20.76,15.760000000000002,79.372275532681,1.0260737519756065,61.56442511853639,3693.8655071121834,11.159498932289477,0.4851956057517164,8.312885023707278,0.36142978363944683,8.0,0.5157816329496554,0.5512808797359185,0.331851654036737,0.33291959905711455,0.3416499574029522,0.331851654036737,0.7824463573379201,14.82200581668049,0.0221009999645716
20.77,15.77,79.47098628812036,1.0262935141898943,61.57761085139366,3694.6566510836196,11.129977692186602,0.4839120735733305,8.315522170278733,0.3615444421860319,8.0,0.5147816329496556,0.5505429223695852,0.3293339264470317,0.33040465502508637,0.33910094670463414,0.3293339264470317,0.7813989565040026,14.829825043249697,0.021851323571084436
20.78,15.780000000000001,79.5705208199474,1.0265107784470282,61.590646706821694,3695.438802409302,11.100396044379446,0.4826259149730194,8.318129341364338,0.3616577974506234,8.0,0.5137816329496554,0.5497991998721989,0.326836726820278,0.32791245498783855,0.3365723272842912,0.326836726820278,0.7803433730793989,14.837633754897615,0.021601410608710125
20.79,15.79,79.67086970653023,1.0267255424020687,61.60353254412412,3696.211952647447,11.070754332798009,0.4813371449042612,8.320706508824824,0.3617698482097749,8.0,0.5127816329496556,0.5490498448306771,0.32436013388067353,0.3254404538792641,0.33406418014305533,0.32436013388067353,0.7792797952479449,14.845431870739251,0.021351264571350725
20.8,15.8,79.7720235174603,1.0269378037384551,61.616268224307305,3696.9760934584383,11.04105288842464,0.480045777757593,8.323253644861461,0.3618805932548461,8.0,0.5117816329496555,0.5482949857092044,0.3219042260784952,0.322987707636628,0.33157658512855387,0.3219042260784952,0.7782084053419817,14.853219311742201,0.021100887895883602
20.81,15.809999999999999,79.87397281390291,1.0271475601599864,61.62885360959918,3697.731216575951,11.011292039692801,0.4787518278127305,8.325770721919838,0.36199003138781904,8.0,0.5107816329496556,0.5475347470224864,0.3194690816686555,0.32055696532152866,0.3291096196198787,0.3194690816686555,0.7771293800882583,14.860996000669351,0.02085028319386595
20.82,15.82,79.97670814823856,1.0273548094023324,61.64128856413994,3698.4773138483965,10.98147209764287,0.47745530859316826,8.328257712827988,0.3620981614273038,8.0,0.5097816329496555,0.5467692493591008,0.3170547785978637,0.3181469926185161,0.3266633625302117,0.3170547785978637,0.7760428906410755,14.868761862022998,0.020599453463127304
20.830000000000002,15.830000000000002,80.08022006428781,1.027559549229249,61.653572953754946,3699.2143772252966,10.951593360861681,0.4761562330809426,8.33071459075099,0.3622049822065648,8.0,0.5087816329496554,0.5459986095591938,0.31466139454163355,0.31575697112461626,0.3242378928126834,0.31466139454163355,0.7749491028344936,14.876516821990377,0.020348401017692197
20.84,15.84,80.18449909773526,1.0277617774226862,61.66570664536117,3699.94239872167,10.921656128305425,0.47485461427414893,8.333141329072234,0.36231049256835796,8.0,0.5077816329496555,0.5452229408973237,0.3122890070011912,0.3133886957481909,0.32183328709443415,0.3122890070011912,0.7738481774418478,14.884260808391756,0.020097128188425017
20.85,15.850000000000001,80.28953577581325,1.0279614917930175,61.67768950758105,3700.661370454863,10.891660686107825,0.4735504646133837,8.335537901516211,0.36241469137027005,8.0,0.5067816329496554,0.5444423531017708,0.3099376932031743,0.31104164046739435,0.31944962324960346,0.3099376932031743,0.7727402702031542,14.891993750629982,0.019845637846998443
20.86,15.86,80.39532061736557,1.0281586901796262,61.68952141077757,3701.371284646654,10.861607306868635,0.47224379595081023,8.337904282155515,0.3625175774850224,8.0,0.5057816329496556,0.5436569524838701,0.3076075300938177,0.308714709455802,0.31708698012852865,0.3076075300938177,0.7716255320086757,14.89971557964104,0.019593932223585853
20.87,15.870000000000001,80.50184413341324,1.0283533704374892,61.70120222624935,3702.072133574961,10.831496267034751,0.4709346203058587,8.34024044524987,0.3626191497934726,8.0,0.5047816329496554,0.5428668421522785,0.3052985944703541,0.30640919079151124,0.3147454337475399,0.3052985944703541,0.7705041092030361,14.907426227847099,0.019342013136487424
20.88,15.879999999999999,80.60909682701062,1.028545530442356,61.712731826541365,3702.763909592482,10.801327840230542,0.469622949575241,8.342546365308273,0.3627194071873162,8.0,0.5037816329496556,0.542072122045423,0.3030109629302343,0.30412624276390954,0.31242505964721373,0.3030109629302343,0.7693761436312749,14.91512562911127,0.019089883332547686
20.89,15.89,80.71706919283214,1.0287351681041401,61.72411008624841,3703.4466051749046,10.77110227999069,0.46830879478220394,8.344822017249681,0.3628183485760731,8.0,0.5027816329496555,0.5412728889491816,0.30074471173981926,0.3018634844538443,0.3101259369037944,0.30074471173981926,0.7682417726639423,14.922813718692748,0.018837545380698373
20.900000000000002,15.900000000000002,80.82575171789193,1.02892228134997,61.735336880998204,3704.1202128598925,10.740819841716817,0.46699216703116603,8.347067376199641,0.3629159728782453,8.0,0.5017816329496553,0.5404692367514723,0.2984999170003577,0.29962095126919547,0.30784814231923385,0.2984999170003577,0.7671011295584432,14.930490433203861,0.01858500083145742
20.91,15.91,80.93513488170434,1.0291068681207693,61.74641208724616,3704.7847252347697,10.710480787116111,0.4656730777007005,8.349282417449231,0.36301227901953176,8.0,0.5007816329496555,0.539661256515513,0.29627665468148123,0.297401592778654,0.3055917497658594,0.29627665468148123,0.7659543435630171,14.938155710569466,0.018332251787931853
20.92,15.920000000000002,81.0452091558276,1.0292889263857288,61.75733558314373,3705.440134988624,10.680085365534271,0.4643515376319248,8.351467116628745,0.36310726594038023,8.0,0.4997816329496554,0.5388490364809062,0.2940750004793071,0.2952041230418446,0.30335683598352264,0.2940750004793071,0.7648015399182772,14.945809489986875,0.018079300888409477
20.93,15.93,81.15596500408947,1.0294684541385375,61.76810724831225,3706.0864348987348,10.64963381887093,0.46302755734221435,8.35362144966245,0.36320093259401953,8.0,0.49878163294965555,0.5380326621971886,0.29189502985325644,0.2930268692093833,0.30114347801842856,0.29189502985325644,0.7636428400467613,14.953451711886698,0.01782615007735444
20.94,15.940000000000001,81.26739288302142,1.029645449387276,61.77872696323656,3706.7236177941936,10.61912639467367,0.46170114759450737,8.35574539264731,0.36329327794118743,8.0,0.4977816329496554,0.5372122166723388,0.2897368181250378,0.29087206864931725,0.29895175054902084,0.2897368181250378,0.7624783617637116,14.961082317895752,0.01757280119589666
20.95,15.95,81.3794832416205,1.0298199101624554,61.78919460974733,3707.3516765848394,10.588563335774921,0.46037231894673575,8.357838921949465,0.36338430095432456,8.0,0.4967816329496556,0.5363877803875555,0.2876004403997965,0.28873951952509264,0.29678172890384125,0.2876004403997965,0.7613082192980508,14.96870125080106,0.017319256605908606
20.96,15.96,81.49222652134895,1.0299918345193941,61.799510071163645,3707.9706042698185,10.55794487726518,0.4590410816202252,8.35990201423273,0.36347400061881435,8.0,0.49578163294965544,0.535559431379465,0.28548597154270255,0.2866279011879162,0.2946334892760867,0.28548597154270255,0.7601325234090598,14.976308454514596,0.017065518281867753
20.97,15.969999999999999,81.60561315657588,1.0301612205280928,61.809673231685565,3708.580393901134,10.527271259609138,0.45770744606996255,8.361934646337113,0.3635623759277006,8.0,0.4947816329496556,0.5347272453871111,0.28339348627809735,0.28453859556822625,0.29250710588050777,0.28339348627809735,0.7589513815950051,14.983903874039616,0.016811587978907028
20.98,15.98,81.71963357442104,1.0303280662789722,61.81968397673833,3709.1810386043,10.49654272125824,0.4563714226634018,8.363936795347666,0.36364942588468113,8.0,0.49378163294965544,0.5338912958734578,0.281323059133192,0.2824718639083659,0.2904026531271388,0.281323059133192,0.7577648981236579,14.991487455438211,0.01655746805018765
20.990000000000002,15.990000000000002,81.8342781946077,1.0304923698890966,61.8295421933458,3709.772531600748,10.465759490646313,0.4550330213324484,8.365908438669159,0.36373514950735475,8.0,0.49278163294965527,0.5330516540700841,0.27927476437695087,0.28042634805663924,0.28832020708366407,0.27927476437695087,0.7565731740957302,14.99905914579931,0.016303160547245454
21.0,16.0,81.94953742999917,1.030654129489917,61.839247769395016,3710.354866163701,10.434921802068047,0.4536922522638281,8.367849553879005,0.36381954582082626,8.0,0.4917816329496555,0.5322083891416514,0.2772486761400975,0.2784027953468493,0.286259841697665,0.2772486761400975,0.7553763076783078,15.006618893208179,0.016048666963975222
21.01,16.01,82.06540168659686,1.0308133432283761,61.84880059370257,3710.9280356221543,10.404029894269822,0.45234912583781833,8.369760118740514,0.3639026138582832,8.0,0.4907816329496553,0.5313615682173949,0.2752448684042308,0.27640283680303895,0.2842216295841663,0.2752448684042308,0.7541743941495465,15.01416664671732,0.01579398952892319
21.02,16.02,82.181861363124,1.0309700092804954,61.85820055682973,3711.4920334097837,10.373083992930143,0.45100365186652797,8.371640111365945,0.36398435266808454,8.0,0.4897816329496555,0.5305112563880389,0.27326341486854644,0.27442452936817924,0.28220564646652485,0.27326341486854644,0.7529675258942939,15.021702356317537,0.015539130613184682
21.03,16.03,82.29890685151234,1.0311241258406398,61.86744755043839,3712.0468530263033,10.342084324573515,0.44965584019884847,8.373489510087678,0.3640647613081599,8.0,0.4887816329496554,0.5296575168517311,0.27130438905488535,0.2724672864974038,0.2802119669785674,0.27130438905488535,0.751755792611218,15.029225972910066,0.015284091749215634
21.04,16.04,82.41652853717429,1.0312756911154797,61.87654146692878,3712.5924880157268,10.31103112439382,0.44830570106060086,8.375308293385757,0.364143838842859,8.0,0.48778163294965554,0.5288004109959442,0.26936786436684584,0.2705335301661764,0.27824066306482154,0.26936786436684584,0.7505392814290514,15.036737448280265,0.015028874658874258
21.05,16.05,82.53471679870272,1.0314247033338173,61.88548220002904,3713.128932001742,10.279924623585252,0.4469532445037066,8.377096440005808,0.3642215843480786,8.0,0.4867816329496554,0.5279399983932037,0.2674539139933842,0.2686232187558586,0.27629180800340236,0.2674539139933842,0.7493180769005278,15.044236735071914,0.01477348169969872
21.06,16.06,82.65346200785854,1.0315711607494735,61.89426964496841,3713.6561786981047,10.248765045653006,0.4455984802457828,8.378853928993681,0.36429799691276876,8.0,0.4857816329496556,0.527076336859942,0.26556261088035316,0.26673420030074624,0.27436547642142717,0.26556261088035316,0.7480922610859159,15.051723786761844,0.014517914827202105
21.07,16.07,82.77275453004196,1.0317150616303614,61.902903697821685,3714.174221869301,10.217552620561813,0.44424141828529623,8.380580739564337,0.364373075633232,8.0,0.4847816329496554,0.526209482575533,0.26369402783747564,0.26486802817743765,0.2724617408798262,0.26369402783747564,0.7468619137219668,15.059198557635884,0.014262175673337651
21.080000000000002,16.080000000000002,82.892584724181,1.0318564042629403,61.91138425577642,3714.683055346585,10.186287579001952,0.4428820686522588,8.382276851155284,0.3644468196154471,8.0,0.48378163294965526,0.5253394900981189,0.26184823749460706,0.26302546144314126,0.27058067378306205,0.26184823749460706,0.7456271122443785,15.066661002765718,0.014006266387873723
21.09,16.09,83.01294294260032,1.0319951869581188,61.91971121748713,3715.1826730492276,10.154970144800428,0.4415204410782795,8.383942243497426,0.36451922797814895,8.0,0.4827816329496555,0.5244664123938888,0.26002531224371106,0.26120487743404947,0.26872234878828516,0.26002531224371106,0.7443879318293511,15.074111077986085,0.013750188959150478
21.1,16.1,83.13381953143636,1.0321314080421233,61.9278844825274,3715.6730689516444,10.123600546749683,0.4401565455108558,8.38557689650548,0.36459029984806435,8.0,0.4817816329496553,0.5235903009461673,0.2582253243282199,0.25940715384041557,0.2668868380583901,0.2582253243282199,0.7431444455484192,15.081548739872975,0.013493945013159703
21.11,16.11,83.25520483061801,1.032265065858382,61.93590395150292,3716.1542370901752,10.092179016196921,0.4387903920085618,8.387180790300585,0.364660034360895,8.0,0.4807816329496555,0.5227112057804917,0.2564483458244887,0.25763320318439376,0.26507421318917834,0.2564483458244887,0.741896724404044,15.088973945722737,0.0132375366950086
21.12,16.12,83.37708917363426,1.0323961587760235,61.94376952656141,3716.626171593685,10.06070577609541,0.4374219902650178,8.388753905312281,0.36472843066575134,8.0,0.4797816329496553,0.5218291754713207,0.254694448558324,0.2558816034787474,0.2632845475133694,0.254694448558324,0.740644837339136,15.096386653531454,0.01298096609146171
21.13,16.13,83.49946288798246,1.0325246851802112,61.95148111081267,3717.0888666487604,10.029181053529236,0.43605135015344504,8.390296222162535,0.3647954879201102,8.0,0.47878163294965553,0.5209442572544921,0.25296370419954595,0.25415263266646515,0.2615179129942631,0.25296370419954595,0.7393888513966684,15.103786821975131,0.012724234721844141
21.14,16.14,83.62231629526995,1.0326506434704603,61.959038608227615,3717.542316493657,9.997605081903579,0.4346784818218947,8.391807721645524,0.3648612052889358,8.0,0.4777816329496554,0.5200564970617306,0.25125618427841634,0.25244800688485863,0.25977437999671427,0.25125618427841634,0.7381288317686548,15.111174410390959,0.012467344568754868
21.150000000000002,16.150000000000002,83.74563971089195,1.0327740320715864,61.96644192429518,3717.986515457711,9.965978086832429,0.43330339507967086,8.393288384859037,0.36492558195039293,8.0,0.47678163294965525,0.5191659395130234,0.2495719600781576,0.2507664802958316,0.2580540209804335,0.2495719600781576,0.7368648417853281,15.118549378758729,0.012210297940995929
21.16,16.16,83.86942344428341,1.0328948494292802,61.973690965756816,3718.421457945409,9.93430029188994,0.4319260996473887,8.394738193151362,0.36498861709353747,8.0,0.4757816329496554,0.5182726279899377,0.24791110267812938,0.2491069664577145,0.25635690836023084,0.24791110267812938,0.7355969430192014,15.12591168768275,0.011953096542214325
21.17,16.17,83.99365779926815,1.0330130940024307,61.98078564014584,3718.84713840875,9.90257192855374,0.4305466055892931,8.396157128029168,0.36505030991431164,8.0,0.4747816329496553,0.5173766047137898,0.24627368302895292,0.24747123174354604,0.2546831123272896,0.24627368302895292,0.7343251953960156,15.133261298374828,0.011695741967557183
21.18,16.18,84.11833307390229,1.0331287642686313,61.987725856117876,3719.2635513670725,9.870793229108077,0.429164923004699,8.397545171223577,0.3651106596184164,8.0,0.4737816329496555,0.5164779107439175,0.24465977189844157,0.24586030192892128,0.25303270313914683,0.24465977189844157,0.7330496571922873,15.140598172637768,0.011438236431196458
21.19,16.19,84.24343956032207,1.0332418587310546,61.994511523863274,3719.6706914317965,9.838964417802737,0.4277810616435973,8.398902304772655,0.36516966542489804,8.0,0.4727816329496553,0.5155765859955427,0.2430694398039891,0.24427182249838442,0.25140575289073397,0.2430694398039891,0.7317703850606614,15.147922272849033,0.01118058198631644
21.2,16.2,84.36896754518872,1.0333523759083576,62.001142554501456,3720.0685532700872,9.807085723919426,0.42639503147475766,8.400228510900291,0.3652273265608822,8.0,0.4717816329496555,0.5146726693277613,0.24150275711135585,0.24270660986610074,0.24980233206593117,0.24150275711135585,0.7304874341547977,15.15523356194511,0.010922780253238784
21.21,16.21,84.49490730968576,1.0334603143361194,62.00761886016716,3720.4571316100296,9.775157379932411,0.425006842605757,8.401523772033432,0.3652836422623231,8.0,0.47078163294965536,0.5137661985621895,0.2399597940204793,0.2411661819663697,0.2482225104710052,0.2399597940204793,0.7292008581558355,15.162532003406664,0.010664833273828833
21.22,16.22,84.62124912934709,1.0335656725738342,62.013940354430055,3720.8364212658034,9.743179612507841,0.4236165048916453,8.402788070886011,0.36533861177765264,8.0,0.4697816329496555,0.512857210488469,0.23844062049671053,0.23964883779467505,0.24666635912239265,0.23844062049671053,0.727910709280208,15.169817561243843,0.010406743097767901
21.23,16.23,84.74798327439302,1.0336684491980748,62.020106951884486,3721.206417113069,9.711152651364236,0.4222240283201842,8.404021390376897,0.3653922343642129,8.0,0.4687816329496554,0.5119457409367935,0.23694530633764638,0.23815494660603656,0.24513394807853028,0.23694530633764638,0.7266170383825803,15.177090199982159,0.010148511390447368
21.240000000000002,16.240000000000002,84.87510000981051,1.0337686428016433,62.026118568098596,3721.567114085916,9.679076730384608,0.4208294230602004,8.40522371361972,0.36544450928781386,8.0,0.4677816329496552,0.511031824804989,0.23547392118134403,0.23668583049987618,0.24362534648609058,0.23547392118134403,0.7253198949942855,15.184349884649045,0.009890140169851236
21.25,16.25,85.00258959514261,1.0338662520014719,62.03197512008831,3721.9185072052987,9.64695207744236,0.41943269901923314,8.406395024017662,0.3654954358268549,8.0,0.4667816329496554,0.5101154960543777,0.2340265344286702,0.23524023331188662,0.2421406248087018,0.2340265344286702,0.7240193273174539,15.191596580760603,0.009631631561092036
21.26,16.26,85.13044228479295,1.033961275432865,62.037676525971904,3722.2605915583144,9.614778921868172,0.41803386616818144,8.407535305194381,0.36554501326932093,8.0,0.46578163294965524,0.5091967877753163,0.23260321529951983,0.23381801506012484,0.24067985286605198,0.23260321529951983,0.7227153823180335,15.198830254308781,0.009372987223308371
21.27,16.27,85.2586483282057,1.034053711745938,62.04322270475628,3722.5933622853768,9.58255749906702,0.4166329347420444,8.408644540951258,0.36559324091092427,8.0,0.46478163294965547,0.5082757322248406,0.23120403286762695,0.23242072915222703,0.23924309899945684,0.23120403286762695,0.7214081057792193,15.206050871749266,0.009114209004366103
21.28,16.28,85.38719796966808,1.0341435596129525,62.04861357677715,3722.916814606629,9.550288041067802,0.4152299148290349,8.409722715355429,0.36564011805893165,8.0,0.4637816329496553,0.5073523608207233,0.2298290559884637,0.23104791522200754,0.23783043254605285,0.2298290559884637,0.7200975422930204,15.213258399989629,0.008855299150845042
21.29,16.29,85.51608144837455,1.034230817728955,62.053849063737296,3723.230943824238,9.517970775727868,0.41382481633599427,8.41076981274746,0.36568564403249826,8.0,0.4627816329496555,0.5064267041702557,0.22847835329274513,0.22969813222363433,0.2364419234547409,0.22847835329274513,0.7187837353011092,15.220452806377597,0.008596259545612384
21.3,16.3,85.64528899879986,1.0343154848038647,62.058929088231885,3723.535745293913,9.485605936977526,0.41241764943380554,8.411785817646376,0.36572981815853806,8.0,0.46178163294965535,0.5054987921371306,0.2271519932638099,0.22837248814396208,0.23507764003719922,0.2271519932638099,0.7174667271897511,15.227634058690052,0.00833709178551345
21.31,16.31,85.77481085065253,1.0343975595646653,62.06385357387992,3723.831214432795,9.45319376200099,0.41100842443482566,8.412770714775984,0.3657726397728689,8.0,0.4607816329496556,0.5045686538440445,0.225850044216045,0.2270727430736735,0.23373764992495027,0.225850044216045,0.7161465592934977,15.234802125122467,0.008077797971964173
21.32,16.32,85.9046372286892,1.034477040763304,62.06862244579823,3724.117346747894,9.42073448106869,0.40959715135081265,8.413724489159648,0.3658141082243325,8.0,0.4597816329496554,0.5036363176720825,0.22457257421715776,0.22579667818994809,0.23242202243929777,0.22457257421715776,0.7148232718943129,15.241956974278407,0.007818380223532984
21.330000000000002,16.330000000000002,86.03475835306838,1.034553927169136,62.07323563014816,3724.39413780889,9.38822832731648,0.40818384031810784,8.414647126029632,0.36585422287085356,8.0,0.45878163294965524,0.5027018113191263,0.22331965116205316,0.22454442192407734,0.23113082585588995,0.22331965116205316,0.7134969043044738,15.249098575159403,0.007558840242758436
21.34,16.34,86.16516443943112,1.0346282175681591,62.07769305408955,3724.661583245373,9.355675537751917,0.4067685016413877,8.41553861081791,0.36589298307903956,8.0,0.4577816329496554,0.5017651618212867,0.22209134278021422,0.2233178359915363,0.22986412760688335,0.22209134278021422,0.7121674948969898,15.25622689715541,0.0072991799940353985
21.35,16.35,86.29584569876182,1.0346999107690167,62.081994646141,3724.91967876846,9.32307634552659,0.4053511454576779,8.416398929228201,0.3659303882273131,8.0,0.4567816329496553,0.5008263955499419,0.22088771657660727,0.22211551513348107,0.22862199592289278,0.22088771657660727,0.7108350811013993,15.263341910035402,0.007039401557776159
21.36,16.36,86.42679233761116,1.0347690055993146,62.08614033595887,3725.1684201575326,9.290430984716599,0.40393178194419993,8.417228067191775,0.36596643770399023,8.0,0.45578163294965546,0.4998855382540922,0.2197088398675553,0.22093732865916588,0.22740449858860534,0.2197088398675553,0.7094996994638844,15.270443583938228,0.006779506705825611
21.37,16.37,86.55799455824229,1.0348355009031331,62.09013005418799,3725.4078032512793,9.257739693554118,0.4025104214588747,8.418026010837597,0.36600113090598246,8.0,0.4547816329496553,0.49894261508815685,0.21855477980500393,0.21978468414002544,0.2262117024838204,0.21855477980500393,0.7081613856867239,15.277531889363981,0.006519497370732097
21.38,16.38,86.68944255849487,1.0348993955467292,62.09396373280375,3725.637823968225,9.225002707083009,0.40108707422100043,8.41879274656075,0.36603446724177174,8.0,0.4537816329496555,0.49799765060645007,0.21742560332038433,0.21865675876168825,0.22504367515506474,0.21742560332038433,0.7068201746204534,15.284606797165516,0.006259375676684442
21.39,16.39,86.82112653194667,1.0349606884166669,62.09764130500001,3725.8584783000006,9.192220259600342,0.39966175041740615,8.419528261000004,0.36606644613043493,8.0,0.45278163294965534,0.4970506687955217,0.21632137714267868,0.21755302256061104,0.22390048404041107,0.21632137714267868,0.705476100309766,15.291668278540168,0.005999143438749854
21.400000000000002,16.400000000000002,86.95303666813386,1.0350193784155042,62.10116270493025,3726.069762295815,9.159392590242952,0.3982344604453458,8.42023254098605,0.36609706699939343,8.0,0.4517816329496552,0.4961016931104304,0.21524216784056402,0.21647472033828366,0.22278219544684552,0.21524216784056402,0.704129196044997,15.298716305021943,0.005738802452086134
21.41,16.41,87.08516315246827,1.0350754644657085,62.10452786794251,3726.2716720765507,9.126519937948029,0.3968052146933926,8.420905573588502,0.3661263292864566,8.0,0.4507816329496554,0.4951507464727937,0.21418804178383122,0.21542214042687535,0.22168887583309682,0.21418804178383122,0.7027794943593554,15.305750848473963,0.005478354881823577
21.42,16.42,87.21749616619685,1.0351289455131407,62.107736730788446,3726.4642038473066,9.093602536979576,0.3953740233469381,8.421547346157688,0.3661542324416386,8.0,0.44978163294965523,0.4941978512754023,0.21315906510894617,0.21439365798467608,0.2206205924141853,0.21315906510894617,0.7014270270354734,15.312771881080938,0.0052178027344780276
21.43,16.43,87.35002588673909,1.0351798205203981,62.11078923122389,3726.6473538734335,9.060640625546238,0.3939408967628799,8.422157846244778,0.366180775923686,8.0,0.44878163294965545,0.4932430294337543,0.212155303784081,0.21338980427791238,0.21957741136498554,0.212155303784081,0.7000718251785506,15.319779375342007,0.004957147685622942
21.44,16.44,87.48274248771817,1.0352280884668532,62.11368530801119,3726.8211184806714,9.027634445760855,0.39250584546786327,8.422737061602238,0.3662059592000973,8.0,0.4477816329496553,0.49228630239369486,0.21117682360864803,0.21241276525663821,0.21855939799988877,0.21117682360864803,0.6987139192271964,15.326773304064037,0.004696391741227046
21.45,16.45,87.61563613881422,1.0352737483552226,62.11642490131335,3726.985494078801,8.994584235184092,0.3910688797906128,8.423284980262672,0.36622978175055093,8.0,0.44678163294965545,0.491327691123182,0.21022369014857414,0.21146078059345919,0.21756661868095006,0.21022369014857414,0.6973533389417433,15.33375364035488,0.004435537063315564
21.46,16.46,87.7486970059775,1.0353167992081196,62.11900795248717,3727.1404771492303,8.961490231296816,0.3896300100563833,8.423801590497435,0.36625224306510584,8.0,0.4457816329496553,0.4903672161443913,0.20929596876984716,0.21053264309659658,0.2165991394406278,0.20929596876984716,0.6959901134498145,15.340720357616838,0.004174585475702486
21.47,16.47,87.88191525161278,1.0353572400647366,62.121434403884194,3727.2860642330515,8.92835267579765,0.38818924677381084,8.42428688077684,0.3662733426424713,8.0,0.4447816329496555,0.4894048975624535,0.20839372467089248,0.2096307669198802,0.21565702535101405,0.20839372467089248,0.6946242712871106,15.347673429540523,0.003913538811552542
21.48,16.48,88.01528103451027,1.0353950699843506,62.12370419906104,3727.422251943662,8.895171810093636,0.3867466004388537,8.424740839812207,0.3662930799918351,8.0,0.44378163294965534,0.4884407550616402,0.207517022847996,0.20875542186011184,0.21474034159192212,0.207517022847996,0.693255840391997,15.354612830098919,0.0036523991726937766
21.490000000000002,16.490000000000002,88.148784509873,1.0354302880481905,62.12581728289143,3727.549036973486,8.861947872910857,0.38530208143090683,8.425163456578286,0.3663114546338385,8.0,0.44278163294965517,0.4874748079142326,0.2066659280766715,0.20790433650814177,0.21384915364608226,0.2066659280766715,0.691884848118091,15.36153853354147,0.003391168532566269
21.5,16.5,88.28241582955414,1.0354628933550019,62.12777360130011,3727.666416078007,8.828681106038992,0.38385570026256494,8.425554720260022,0.3663284660982618,8.0,0.4417816329496554,0.4865070750149543,0.2058405049549635,0.20707893950199233,0.21298352627235217,0.2058405049549635,0.6905113212831333,15.368450514388474,0.0031298487228070826
21.51,16.51,88.41616514205133,1.0354928850226466,62.129573101358794,3727.7743860815276,8.795371752277209,0.38240746749031346,8.425914620271758,0.36634411392485905,8.0,0.4407816329496552,0.4855375748833883,0.2050408178875872,0.20628016687363598,0.2121435240142473,0.2050408178875872,0.6891352861724184,15.375348747425752,0.0028684417825246555
21.52,16.52,88.55002259250456,1.0355202621906523,62.13121573143914,3727.8729438863484,8.762020052164468,0.38095739357236824,8.426243146287828,0.36635839766468814,8.0,0.43978163294965544,0.4845663256670346,0.2042669310606026,0.2055063723108506,0.21132921162765095,0.2042669310606026,0.6877567685431342,15.38223320769933,0.0026069497029155286
21.53,16.53,88.68397832290452,1.0355450240167048,62.13270144100229,3727.9620864601375,8.728626248525106,0.379505489066309,8.426540288200457,0.36637131687828073,8.0,0.4387816329496553,0.48359334517143204,0.20351890847560197,0.20475836022924299,0.21054065333853156,0.20351890847560197,0.686375793667115,15.38910387051038,0.0023453743416581574
21.54,16.54,88.81802247211547,1.0355671696774855,62.134030180649134,3728.041810838948,8.695190585398432,0.3780517645825406,8.426806036129825,0.36638287113607937,8.0,0.4377816329496555,0.4826186508652367,0.20279681394132099,0.20403685013823672,0.20977791311455063,0.20279681394132099,0.684992386338049,15.395960711410405,0.0020837177340169433
21.55,16.55,88.95214517586228,1.035586698371385,62.1352019022831,3728.112114136986,8.661713304555526,0.37659623063284897,8.42704038045662,0.36639306001985306,8.0,0.43678163294965533,0.48164225987966014,0.2021007110467038,0.20334073513206657,0.2090410550960623,0.2021007110467038,0.6836065708706817,15.40280370619645,0.0018219818867066806
21.56,16.56,89.08633656693961,1.0356036093152197,62.136216558913176,3728.1729935347907,8.62819464975534,0.37513889781544957,8.427243311782636,0.36640188312098415,8.0,0.4357816329496555,0.48066418903816804,0.2014306631928638,0.20267040442656759,0.20833014295918761,0.2014306631928638,0.6822183711429666,15.409632830906515,0.001560168638967241
21.57,16.57,89.22058677525958,1.0356179017441645,62.13707410464987,3728.224446278992,8.594634866840167,0.37367977681913767,8.427414820929974,0.36640934004043363,8.0,0.4347816329496554,0.47968445486384503,0.20078673359359936,0.20202696390186062,0.2076452399892359,0.20078673359359936,0.6808278106065196,15.416448061815263,0.0012982800095855396
21.580000000000002,16.580000000000002,89.35488592780379,1.0356295749154114,62.137774494924685,3728.266469695481,8.561034199031807,0.3722188782187742,8.427554898984937,0.36641543039064944,8.0,0.4337816329496552,0.4787030735727739,0.20016898523917215,0.20140928184407367,0.206986409714632,0.20016898523917215,0.6794349122772215,15.423249375429682,0.001036318070802622
21.59,16.59,89.48922414881335,1.0356386281055805,62.13831768633483,3728.2990611800897,8.52739289029083,0.3707562126213404,8.427663537266966,0.3664201537942159,8.0,0.4327816329496554,0.4777200610994501,0.19957748092141703,0.20081705098621647,0.20635371534519642,0.19957748092141703,0.6780396987712889,15.430036748484923,0.0007742846837501816
21.6,16.6,89.62359155990058,1.0356450606090863,62.13870363654518,3728.322218192711,8.493711187434085,0.3692917907580037,8.427740727309036,0.36642350988300154,8.0,0.43178163294965527,0.4767354331126879,0.19901228324962777,0.2002517485824184,0.20574721957439257,0.19901228324962777,0.676642192327851,15.43681015794042,0.0005121817559583519
21.61,16.61,89.7579782800236,1.0356488717406995,62.13893230444197,3728.3359382665185,8.459989336843282,0.3678256233410123,8.427786460888395,0.36642549829949544,8.0,0.4307816329496555,0.4757492050114587,0.1984734546251649,0.19971353307240583,0.20516698509600895,0.1984734546251649,0.6752424148030424,15.443569580976073,0.0002500113835282036
21.62,16.62,89.89237442553336,1.035650060836757,62.13900365020542,3728.340219012325,8.426227582918042,0.3663577209964366,8.427800730041083,0.3664261186974384,8.0,0.4297816329496553,0.47476139192817823,0.1979610572292304,0.19920045360814936,0.20461307460480638,0.1979610572292304,0.6738403876746686,15.450314994988462,-1.2224437568875146e-05
21.63,16.63,90.02677011038041,1.035648627251948,62.13891763511688,3728.335058107013,8.392426172239544,0.3648880944451976,8.427783527023376,0.36642537074014675,8.0,0.4287816329496555,0.47377200875726494,0.19747515305416413,0.1987132250635518,0.2040855503818899,0.19747515305416413,0.6724361320827398,15.457046377587247,-0.0002745238589767496
21.64,16.64,90.16115544613865,1.0356445703595774,62.13867422157464,3728.3204532944783,8.358585353237975,0.3634167544886076,8.427734844314928,0.366423254100649,8.0,0.4277816329496554,0.4727810701580673,0.1970158039007594,0.19825433636558637,0.2035844743968669,0.1970158039007594,0.6710296688336259,15.46376370659183,-0.0005368848739237819
21.650000000000002,16.650000000000002,90.29552054199931,1.0356378895544696,62.13827337326818,3728.296402396091,8.32470537245961,0.36194371184607,8.427654674653635,0.3664197684632015,8.0,0.4267816329496552,0.47178859054917993,0.19658307134933994,0.19782156480801233,0.20310990864306822,0.19658307134933994,0.6696210183919888,15.47046696002796,-0.0007993054238468744
21.66,16.66,90.42985550492361,1.0356285842511004,62.137715055066025,3728.2629033039616,8.290786476993196,0.36046897726057375,8.427543011013205,0.36641491352231326,8.0,0.4257816329496554,0.4707945841273897,0.1961770167778437,0.19741407846979278,0.2026619148409009,0.1961770167778437,0.6682102009076734,15.477156116124457,-0.001061783589108245
21.67,16.67,90.56415043973371,1.0356166538826874,62.136999232961244,3728.219953977675,8.256828915651681,0.3589925615500731,8.427399846592248,0.36640868898227164,8.0,0.4247816329496552,0.46979906488049616,0.19579770137058544,0.19703445825072183,0.20224055446513656,0.19579770137058544,0.6667972362339035,15.483831153310165,-0.001324317413683218
21.68,16.68,90.69839544912487,1.0356020979028266,62.1361258741696,3728.167552450176,8.222832936873013,0.357514475516218,8.42722517483392,0.3664010945579965,8.0,0.42378163294965543,0.46880204658375396,0.19544518610188974,0.19668183163304023,0.2018458888165353,0.19544518610188974,0.665382143922233,15.490492050210944,-0.0015869048698462507
21.69,16.69,90.8325806337666,1.0355849157852905,62.13509494711743,3728.105696827046,8.188798788992147,0.35603472995618024,8.427018989423487,0.36639212997493426,8.0,0.42278163294965526,0.4678035428093947,0.19511953173773602,0.19635508736561058,0.20147797897425235,0.19511953173773602,0.6639649432360605,15.497138785646737,-0.0018495439925629853
21.7,16.7,90.96669609240462,1.0355651070229754,62.133906421378526,3728.034385282712,8.154726721612022,0.35455333572226183,8.426781284275705,0.3663817949685089,8.0,0.4217816329496554,0.4668035669412208,0.19482079884592432,0.19605579857071814,0.20113688585202827,0.19482079884592432,0.662545653171342,15.503771338628772,-0.0021122328196270246
21.71,16.71,91.10073192189208,1.035542671128898,62.13256026773388,3727.9536160640328,8.12061698432394,0.35307030366625825,8.426512053546777,0.36637008928464243,8.0,0.4207816329496553,0.4658021321727213,0.19454904778600132,0.1957835788970924,0.20082267012900035,0.19454904778600132,0.6611242924539172,15.510389688356899,-0.002374969338681865
21.72,16.72,91.234678217282,1.0355176076362018,62.13105645817211,3727.8633874903267,8.08646982671381,0.35158564463973085,8.426211291634422,0.36635701267975745,8.0,0.4197816329496555,0.4647992515143114,0.19430433870885033,0.19553776956237837,0.2005353922298293,0.19430433870885033,0.659700879549785,15.516993814216915,-0.0026377515764295367
21.73,16.73,91.36852507192334,1.0354899160973694,62.12939496584217,3727.76369795053,8.052285499387434,0.35009936953858406,8.425878993168432,0.3663425649203666,8.0,0.4187816329496553,0.4637949378072888,0.19408673156425593,0.19531937273753838,0.2002751124987283,0.19408673156425593,0.6582754326849113,15.52358369577809,-0.0029005775654908916
21.740000000000002,16.740000000000002,91.50226257749989,1.035459596084892,62.127575765093525,3727.6545459056115,8.018064253114051,0.34861148926582836,8.425515153018704,0.3663267457834219,8.0,0.4177816329496552,0.4627892037224367,0.19389628609404488,0.19512836013803844,0.2000418910254762,0.19389628609404488,0.6568479698432469,15.530159312790731,-0.0031634452950015657
21.75,16.75,91.63588082411441,1.0354266471914693,62.125598831488155,3727.5359298892895,7.983806338580552,0.3471220147208936,8.42511976629763,0.3663095550564187,8.0,0.41678163294965537,0.4617820617630915,0.19373306182974953,0.194963903187795,0.19983578750688946,0.19373306182974953,0.655418508771081,15.536720645183802,-0.003426352777722741
21.76,16.76,91.76936990039601,1.0353910690293375,62.12346414176025,3727.407848505615,7.949512007267312,0.3456309568377093,8.42469282835205,0.36629099253704567,8.0,0.4157816329496552,0.46077352428168683,0.1935971180989986,0.19482661484656671,0.19965686167391505,0.1935971180989986,0.6539870670005232,15.543267673062662,-0.0036892980488616445
21.77,16.77,91.90271989353427,1.035352861230492,62.12117167382952,3727.2703004297714,7.915181511166862,0.3441383265724723,8.424234334765906,0.36627105803330023,8.0,0.4147816329496554,0.4597636034810758,0.193488514023171,0.1947175952867153,0.19950517320275118,0.193488514023171,0.6525536618513796,15.54980037670692,-0.003952279109533663
21.78,16.78,92.03592088935844,1.035312023447147,62.11872140682881,3727.1232844097285,7.880815102201098,0.34264413487830864,8.423744281365764,0.36624975136372884,8.0,0.41378163294965525,0.4587523114100197,0.19340730851239768,0.19463538627418653,0.19938078105378387,0.19340730851239768,0.65111831042475,15.5563187365683,-0.004215293958964139
21.79,16.79,92.16896297244605,1.0352685553513128,62.11611332107877,3726.9667992647264,7.846413032775608,0.34114839272937425,8.423222664215753,0.36622707235720664,8.0,0.4127816329496555,0.45773965997874433,0.19335356026945705,0.19457960999186236,0.19928374412184668,0.19335356026945705,0.6496810296251075,15.562822733268549,-0.004478340615044374
21.8,16.8,92.30183622616985,1.035222456634846,62.11334739809076,3726.8008438854454,7.811975555721919,0.33965111111834434,8.422669479618152,0.36620302085296313,8.0,0.41178163294965536,0.45672566096646194,0.19332732778917766,0.19455209802128076,0.19921412155671547,0.19332732778917766,0.6482418361709745,15.56931234759753,-0.004741417086783883
21.81,16.81,92.4345307327628,1.035173727009577,62.11042362057463,3726.625417234478,7.777502924137717,0.338152301049466,8.422084724114924,0.36617759670064887,8.0,0.41078163294965553,0.4557103260181659,0.19332866935681686,0.19455279398529926,0.1991719720179529,0.19332866935681686,0.6468007465903733,15.575787560511335,-0.005004521384314842
21.82,16.82,92.56703657342564,1.0351223662071598,62.10734197242959,3726.440518345775,7.742995391591631,0.33665197354746224,8.421468394485917,0.3661507997602572,8.0,0.40978163294965536,0.45469366664861777,0.19335764304911582,0.19458010403472645,0.19915735362189335,0.19335764304911582,0.6453577772264848,15.58224835313042,-0.005267651512937732
21.830000000000002,16.830000000000002,92.6993438283843,1.0350683739793183,62.1041024387591,3726.246146325546,7.708453211810185,0.3351501396439211,8.420820487751818,0.36612262990225297,8.0,0.40878163294965525,0.4536756942543823,0.1934143067317471,0.1946352149050063,0.19917032469838192,0.1934143067317471,0.6439129442547307,15.588694706737828,-0.0055308054694975795
21.84,16.84,92.83144257695162,1.0350117500977698,62.10070500586619,3726.0423003519713,7.673876638782846,0.3336468103818629,8.420141001173238,0.3660930870075321,8.0,0.4077816329496554,0.45265642011379,0.19349871805979815,0.19471859350888754,0.1992109433549777,0.19349871805979815,0.6424662636827194,15.595126602777514,-0.005793981273754412
21.85,16.85,92.96332289763502,1.0349524943538433,62.097149661230596,3725.828979673836,7.639265927259805,0.3321419968373828,8.41942993224612,0.3660621709672226,8.0,0.4067816329496553,0.45163585538822676,0.19361093448108185,0.19482913504793448,0.19927926710617316,0.19361093448108185,0.6410177513520777,15.60154402285269,-0.006057176931463459
21.86,16.86,93.09497486818935,1.0348906065591406,62.09343639354843,3725.6061836129056,7.604621331907942,0.330635710082954,8.418687278709687,0.36602988168302986,8.0,0.40578163294965547,0.45061401113241706,0.1937510132294712,0.1949675333888705,0.19937535365375103,0.1937510132294712,0.6395674229530446,15.607946948724214,-0.006320390421102218
21.87,16.87,93.22638856567715,1.0348260865454213,62.089565192725274,3725.3739115635162,7.569943107460218,0.3291279611939225,8.417913038545056,0.36599621906717633,8.0,0.40478163294965536,0.44959089829562054,0.19391901132578326,0.19513431608881593,0.19949926058754497,0.19391901132578326,0.6381152940261705,15.614335362309111,-0.006583619775035743
21.88,16.88,93.35755406659183,1.0347589341636398,62.08553604981839,3725.132162989103,7.535231509965521,0.3276187613028487,8.417107209963678,0.36596118304189906,8.0,0.4037816329496555,0.4485665277209249,0.1941149855867699,0.19532851578915666,0.19965104460319671,0.1941149855867699,0.6366613799613136,15.620709245679047,-0.006846863012221149
21.89,16.89,93.48846144690559,1.0346891492851769,62.08134895711061,3724.8809374266366,7.500486795205434,0.32610812153067104,8.416269791422122,0.3659247735400923,8.0,0.40278163294965535,0.44754091015590314,0.19433899261281704,0.19555040460656045,0.19983076267272115,0.19433899261281704,0.6352056960127654,15.627068581058918,-0.00711011807651829
21.900000000000002,16.900000000000002,93.61910078209817,1.0346167318021096,62.07700390812657,3724.620234487594,7.465709218348503,0.3245960529716741,8.415400781625316,0.3658869905054485,8.0,0.40178163294965524,0.4465140562551103,0.19459108878516662,0.19580121954260846,0.2000384721271401,0.19459108878516662,0.6337482573027952,15.633413350825496,-0.007373382985583987
21.91,16.91,93.74946214731382,1.0345416816254651,62.07250089752791,3724.3500538516746,7.430899036206802,0.3230825667916001,8.41450017950558,0.36584783389154696,8.0,0.4007816329496554,0.4454859765776531,0.19487133028251255,0.19607997245375236,0.20027422905637948,0.19487133028251255,0.6322890788181996,15.6397435375061,-0.007636655810692616
21.92,16.92,93.87953561742792,1.0344639986858957,62.06783992115374,3724.0703952692243,7.396056506370464,0.3215676741900202,8.413567984230749,0.3658073036622065,8.0,0.39978163294965524,0.444456681594053,0.19517977307408838,0.1963858543634996,0.20053808925455674,0.19517977307408838,0.6308281754200447,15.646059123777292,-0.007899934510035678
21.93,16.93,94.00931126705326,1.0343836829352644,62.063020976115865,3723.7812585669517,7.361181885165505,0.3200513863115437,8.412604195223173,0.3657653997923119,8.0,0.39878163294965546,0.44342618169308073,0.19551647290398594,0.19672021842306864,0.20083010933450918,0.19551647290398594,0.629365561853365,15.652360092463658,-0.008163217013290591
21.94,16.94,94.13877917062686,1.0343007343456299,62.05804406073779,3723.4826436442677,7.326275428965067,0.318533714302829,8.41160881214756,0.3657221222672852,8.0,0.3977816329496553,0.44239448718091307,0.1958814853008381,0.19708397886921258,0.2011503456344721,0.1958814853008381,0.6279012527459681,15.658646426536656,-0.008426501388029806
21.95,16.95,94.26792940258636,1.0342151529075039,62.052909174450235,3723.1745504670143,7.291337396440575,0.3170146694104598,8.410581834890046,0.3656774710821759,8.0,0.3967816329496555,0.4413616082816784,0.19627486559432267,0.19747521363594203,0.20149885310657645,0.19627486559432267,0.6264352626092079,15.664918109113431,-0.008689785668295258
21.96,16.96,94.39675203735098,1.034126938632264,62.04761631793584,3722.8569790761503,7.25636804545171,0.3154942628457265,8.409523263587168,0.3656314462429203,8.0,0.39578163294965535,0.4403275551452556,0.19669666889140386,0.19789450462377448,0.20187568727477356,0.19669666889140386,0.6249676058490542,15.671175123455724,-0.00895306777515259
21.97,16.97,94.52523714938027,1.0340360915520008,62.04216549312005,3722.5299295872032,7.221367633247311,0.31397250579336133,8.408433098624009,0.36558404776626124,8.0,0.39478163294965557,0.4392923378486173,0.19714695007760377,0.1983431237848415,0.20228090379377017,0.19714695007760377,0.6234982967679994,15.677417452968808,-0.0092163457429848
21.98,16.98,94.65337481334521,1.0339426117174044,62.03655670304427,3722.193402182656,7.186336419189692,0.31244940952998657,8.407311340608853,0.3655352756786458,8.0,0.3937816329496554,0.4382559663959425,0.19762576383721323,0.1988197226662018,0.20271455721348508,0.19762576383721323,0.622027349565218,15.683645081200474,-0.00947961761042393
21.990000000000002,16.990000000000002,94.78115510413703,1.0338464991997922,62.03078995198753,3721.8473971192516,7.151274662143503,0.3109249853105871,8.406157990397507,0.3654851300172829,8.0,0.39278163294965523,0.4372184507242961,0.19813316463319836,0.19932456475402538,0.20317670234550755,0.19813316463319836,0.6205547783446279,15.689857991840025,-0.009742881289440675
22.0,17.0,94.9085680969001,1.0337477540916156,62.02486524549693,3721.491914729816,7.116182619824023,0.3093992443401749,8.404973049099386,0.3654336108304081,8.0,0.39178163294965546,0.4361798007057152,0.19866920670205301,0.19985870555283788,0.20366739435092707,0.19866920670205301,0.6190805971178512,15.696056168717336,-0.01000613481487278
22.01,17.01,95.0356038672281,1.0336463765034947,62.01878259020968,3721.126955412581,7.081060552618284,0.3078721979399254,8.403756518041936,0.36538071817573636,8.0,0.3907816329496553,0.43514002614704017,0.19923394408234996,0.20042116080102026,0.2041866870243756,0.19923394408234996,0.6176048198039752,15.702239595801945,-0.010269376265540586
22.02,17.02,95.1622524911804,1.0335423665663048,62.01254199397829,3720.7525196386973,7.045908720897845,0.3063438574303411,8.402508398795657,0.3653264521215503,8.0,0.3897816329496555,0.43409913679474516,0.1998274305940188,0.20101178437328618,0.20473463424633698,0.1998274305940188,0.6161274602364074,15.708408257202146,-0.010532603529973983
22.03,17.03,95.28850404526816,1.033435724432895,62.00614346597371,3720.368607958422,7.010727382802717,0.30481423403490077,8.401228693194742,0.3652708127475975,8.0,0.3887816329496554,0.43305714233759746,0.20044971982138454,0.2016318258224706,0.20531129082628097,0.20044971982138454,0.6146485321666508,15.714562137164162,-0.010795814560793815
22.04,17.04,95.41434860664252,1.033326450275089,61.99958701650534,3719.9752209903204,6.975516798108234,0.3032833390481841,8.399917403301068,0.36521380014352467,8.0,0.38778163294965556,0.4320140524067083,0.20110086514210102,0.20228103015776344,0.20591671043394866,0.20110086514210102,0.613168049264376,15.720701220071316,-0.011059007513473773
22.05,17.05,95.53977625322516,1.0332145442826255,61.99287265695753,3719.572359417452,6.940277229587512,0.3017511838951092,8.398574531391507,0.3651554144083264,8.0,0.3867816329496554,0.4309698765778058,0.2017809197371035,0.20295805726400368,0.20655094550741349,0.2017809197371035,0.6116860251206464,15.726825490443241,-0.01132218037965771
22.06,17.06,95.66477706363167,1.0331000066674958,61.98600040004975,3719.1600240029848,6.905008937422865,0.3002177798879507,8.397200080009949,0.36509565565260643,8.0,0.3857816329496556,0.4299246243754864,0.20248993654795822,0.20366371131068062,0.20721404971208468,0.20248993654795822,0.6102024732539537,15.732934932935112,-0.011585330967911034
22.07,17.07,95.78934111722904,1.0329828376632673,61.978970259796036,3718.738215587762,6.869712180075082,0.298683138264134,8.395794051959207,0.3650345239982264,8.0,0.38478163294965545,0.4288783052736545,0.2032279682833213,0.20439975257514434,0.20790607726501364,0.2032279682833213,0.6087174071108405,15.739029532336938,-0.011848457354545872
22.080000000000002,17.080000000000002,95.9134584944219,1.0328630375204049,61.97178225122429,3718.306935073457,6.834387220311303,0.29714727044831757,8.394356450244858,0.3649720195758634,8.0,0.3837816329496553,0.42783092869662487,0.20399506746411944,0.20516429162027724,0.20862708006179598,0.20399506746411944,0.6072308400674661,15.74510927357283,-0.01211155765956562
22.09,17.09,96.03711927658728,1.032740606510076,61.964436390604554,3717.8661834362733,6.799034320300733,0.2956101878391623,8.392887278120911,0.3649081425269961,8.0,0.3827816329496555,0.42678250402229795,0.20479128638610733,0.2059571598041717,0.20937711052080854,0.20479128638610733,0.6057427854341124,15.751174141700336,-0.01237462975002046
22.1,17.1,96.16031354608324,1.0326155449254044,61.956932695524266,3717.415961731456,6.763653739994704,0.2940719017389002,8.391386539104854,0.36484289300455885,8.0,0.38178163294965534,0.42573304058354566,0.20561667710739737,0.20678009722818608,0.21015622177502302,0.20561667710739737,0.6042532564571518,15.757224121909793,-0.012637671623032531
22.11,17.11,96.28303138647487,1.0324878530776151,61.94927118465691,3716.9562710794144,6.728245742093762,0.292532423569294,8.38985423693138,0.3647762711709296,8.0,0.3807816329496555,0.4246825476694594,0.20647129148574225,0.20763200377025878,0.2109644656008215,0.20647129148574225,0.6027622663208172,15.763259199523683,-0.01290068138124667
22.12,17.12,96.40526288256001,1.0323575312977795,61.94145187786677,3716.4871126720063,6.692810589795258,0.29099176477370686,8.388290375573355,0.3647082771988415,8.0,0.37978163294965533,0.42363103452757356,0.20735518116111443,0.20851257488766364,0.2118018936548942,0.20735518116111443,0.6012698281503592,15.76927935999604,-0.013163656914606747
22.13,17.13,96.5269981203326,1.032224579939323,61.933474796359384,3716.008487781563,6.657348543558635,0.2894499366764624,8.386694959271876,0.36463891127269027,8.0,0.37878163294965556,0.42257851036508187,0.2082683975309929,0.20942305633666802,0.21266855848634225,0.2082683975309929,0.5997759550137718,15.775284588911859,-0.013426596193056639
22.14,17.14,96.64822718721109,1.0320889993739184,61.9253399624351,3715.520397746106,6.621859866393824,0.28790695071277494,8.38506799248702,0.36456817358639215,8.0,0.3777816329496554,0.42152498435033864,0.20921099179013417,0.21036287469032097,0.213564511327914,0.20921099179013417,0.5982806599239231,15.781274871986549,-0.013689497372233461
22.150000000000002,17.150000000000002,96.76894017211744,1.0319507899918783,61.9170473995127,3715.0228439707616,6.586344823352103,0.2863628184066132,8.38340947990254,0.36449606434358867,8.0,0.3767816329496552,0.4204704656148166,0.21018301492633826,0.21133139860480588,0.21448980271543971,0.21018301492633826,0.5967839558413345,15.787250195065376,-0.01395235836771036
22.16,17.16,96.88912716537989,1.0318099522065642,61.90859713239385,3714.515827943631,6.550803675838891,0.28481755112343005,8.38171942647877,0.3644225837599466,8.0,0.3757816329496554,0.41941496325389993,0.21118451767712249,0.21232963610920622,0.21544448457716348,0.21118451767712249,0.5952858556753058,15.793210544122958,-0.014215177001780432
22.17,17.17,97.00877825888618,1.0316664864518428,61.89998918711056,3713.9993512266337,6.515236684889854,0.28327116021260235,8.379997837422113,0.364347732061831,8.0,0.3747816329496553,0.4183584863280776,0.21221555055430918,0.21335818376981652,0.21642860851158918,0.21221555055430918,0.5937863722856094,15.799155905262763,-0.014477951477907425
22.18,17.18,97.12788354636395,1.031520393177006,61.89122359062036,3713.473415437222,6.479644117709386,0.28172365729171245,8.378244718124073,0.36427150948365533,8.0,0.37378163294965544,0.41730104386561423,0.2132761638932308,0.21441537454521928,0.21744222360698062,0.2132761638932308,0.5922855184862806,15.805086264716621,-0.014740679904981846
22.19,17.19,97.24643312321719,1.0313716728537432,61.882300371224595,3712.938022273476,6.44402623868066,0.28017505385568087,8.376460074244918,0.36419391627151815,8.0,0.3727816329496553,0.4162426448628087,0.21436640778424498,0.2155014070307017,0.2184853802386204,0.21436640778424498,0.5907833070459856,15.811001608844283,-0.015003359995866106
22.2,17.2,97.36441708652346,1.0312203259770887,61.87321955862532,3712.3931735175192,6.408383308142655,0.2786253612235937,8.374643911725064,0.3641149526836984,8.0,0.3717816329496555,0.4151832982842231,0.21548633206333395,0.2166183754007808,0.2195581302728261,0.21548633206333395,0.5892797506883449,15.816901924132953,-0.015265989753018516
22.21,17.21,97.4818255353804,1.0310663530586828,61.86398118352096,3711.8388710112577,6.372715591065624,0.27707459091589676,8.372796236704193,0.36403461898713885,8.0,0.3707816329496554,0.4141230130657253,0.21663598637751008,0.21776508039629225,0.22066052302965877,0.21663598637751008,0.5877748620962532,15.822787197196877,-0.015528567399961446
22.22,17.22,97.59864857090767,1.0309097546290895,61.85458527774537,3711.275116664722,6.33702335405685,0.2755227545242109,8.370917055549075,0.36395291545865543,8.0,0.36978163294965555,0.41306179811545896,0.2178154201617945,0.2189404955566841,0.22179260750399898,0.2178154201617945,0.5862686539132554,15.828657414776924,-0.015791090828841448
22.23,17.23,97.71487629614784,1.030750531242106,61.845031874526356,3710.701912471581,6.301306859803933,0.27396986346973623,8.369006374905272,0.3638698423871857,8.0,0.3687816329496554,0.41199966231329666,0.2190246825968692,0.22014634225740787,0.22295443405088788,0.2190246825968692,0.5847611387427707,15.834512563740205,-0.016053557934526452
22.240000000000002,17.240000000000002,97.83049881629685,1.030588683470399,61.83532100822394,3710.1192604934367,6.265566372689963,0.2724159292473897,8.367064201644787,0.3637854000715125,8.0,0.3677816329496552,0.4109366145131906,0.22026382265139277,0.22138230087791022,0.22414605199167914,0.22026382265139277,0.5832523291514286,15.840352631079677,-0.01631596688144299
22.25,17.25,97.94550623883656,1.030424211904477,61.82545271426862,3709.5271628561172,6.229802160109472,0.2708609634830205,8.365090542853725,0.36369958881972714,8.0,0.36678163294965543,0.40987266354496715,0.22153288909163724,0.2226474080470821,0.22536750963448138,0.22153288909163724,0.5817422376716164,15.846177603913791,-0.016578315616712302
22.26,17.26,98.05988867340322,1.0302571171580648,61.815427029483885,3708.925621769033,6.194014485536307,0.2693049776320134,8.363085405896777,0.3636124089520338,8.0,0.36578163294965527,0.40880781821307854,0.22283193042868965,0.22394276802966992,0.22661885658901326,0.22283193042868965,0.5802308767997072,15.851987469486149,-0.01684060198709858
22.27,17.27,98.17363623197417,1.030087399864735,61.805243991884105,3708.314639513046,6.158203612857768,0.2677479831677291,8.361048798376821,0.3635238607989922,8.0,0.3647816329496555,0.4077420872986502,0.22416099495108238,0.22526855236745602,0.2279001418727119,0.22416099495108238,0.5787182589989659,15.857782215165141,-0.017102824199959343
22.28,17.28,98.28673902910243,1.0299150606740657,61.79490364044394,3707.6942184266363,6.122369811314419,0.26618999179627906,8.358980728088788,0.3634339446995125,8.0,0.3637816329496553,0.4066754795624271,0.22552013076193608,0.22662364626155407,0.22921141259654687,0.22552013076193608,0.5772043967037308,15.863561828443656,-0.01736498028619593
22.29,17.29,98.39918718172684,1.0297401002590112,61.78440601554067,3707.06436093244,6.086513345994813,0.26463101504325276,8.356881203108134,0.3633426610047015,8.0,0.3627816329496555,0.4056080037424293,0.22690938570657404,0.2280086461929478,0.23055271741500982,0.22690938570657404,0.5756893023160864,15.869326296938754,-0.017627067936210494
22.3,17.3,98.5109708092345,1.0295625193153415,61.77375115892049,3706.4250695352293,6.050634478554002,0.26307106428495663,8.354750231784099,0.3632500100775695,8.0,0.3617816329496554,0.4045396685545303,0.22832880737782552,0.22942488901905553,0.23192410586925494,0.22832880737782552,0.5741729882066836,15.875075608391368,-0.01788908531213451
22.31,17.31,98.6220800338872,1.0293823185527686,61.76293911316612,3705.776346789967,6.014733478630607,0.261510151244809,8.352587822633224,0.363155992288401,8.0,0.36078163294965554,0.4034704826978268,0.22977844320228613,0.23087076648834776,0.2333256241090801,0.22977844320228613,0.5726554667223623,15.880809750666012,-0.01815103068359747
22.32,17.32,98.73250498066277,1.0291994987016695,61.75196992210017,3705.11819532601,5.9788106151768465,0.25994828761638467,8.350393984420034,0.36306060801826234,8.0,0.35978163294965537,0.4024004548524514,0.23125834037423518,0.23234576442757462,0.23475731886289408,0.23125834037423518,0.5711367501830453,15.88652871175054,-0.01841290176887611
22.330000000000002,17.330000000000002,98.84223577714504,1.029014060517391,61.74084363104346,3704.4506178626075,5.9428661509062435,0.25838548482201057,8.34816872620869,0.3629638576612474,8.0,0.35878163294965526,0.40132959367775906,0.23276854581335113,0.23385187005453734,0.2362192391716862,0.23276854581335113,0.5696168508791659,15.892232479755851,-0.018674696403920166
22.34,17.34,98.95126255384119,1.028826004773591,61.72956028641546,3703.773617184928,5.906900350861254,0.25682175438527194,8.345912057283094,0.3628657416210041,8.0,0.3577816329496554,0.40025790781629056,0.2343091062294642,0.23538907899797845,0.23771143237414272,0.2343091062294642,0.5680957810772924,15.897921042915632,-0.018936412888962195
22.35,17.35,99.05957544438009,1.0286353322596118,61.71811993557671,3703.0871961346024,5.870913485782393,0.25525710807749535,8.343623987115341,0.36276626030936265,8.0,0.3567816329496553,0.3991854058963963,0.2358800681477758,0.23695551195145317,0.23923394383777885,0.2358800681477758,0.5665735530238523,15.90359438958614,-0.019198049243179582
22.36,17.36,99.16716458527345,1.0284420437887276,61.70652262732366,3702.3913576394193,5.834905821475998,0.2536915574554782,8.341304525464732,0.3626654141506405,8.0,0.3557816329496555,0.3981120965282475,0.23748147782796028,0.2385524313068682,0.24078682077573998,0.23748147782796028,0.5650501789394708,15.909252508245954,-0.019459603221605448
22.37,17.37,99.27402011608235,1.0282461401951797,61.69476841171078,3701.686104702647,5.798877622623508,0.2521251140271091,8.338953682342156,0.36256320358009375,8.0,0.3547816329496553,0.3970379883058418,0.2391133812928971,0.24018065766032123,0.2423701103091752,0.2391133812928971,0.5635256710218179,15.914895387495761,-0.01972107300809256
22.38,17.38,99.38013217971951,1.0280476223285657,61.68285733971394,3700.9714403828366,5.76282915999518,0.2505577895650078,8.33657146794279,0.3624596290409908,8.0,0.35378163294965553,0.39596308981126294,0.2407758243830649,0.24183861807660637,0.24398385739824247,0.2407758243830649,0.5620000414516538,15.920523016058128,-0.019982456681461258
22.39,17.39,99.48549092224269,1.0278464910615506,61.67078946369303,3700.247367821582,5.726760700504114,0.24898959567409193,8.334157892738606,0.36235469098863504,8.0,0.35278163294965537,0.39488740961065977,0.24246885268084176,0.243526971608251,0.24562810834056215,0.24246885268084176,0.5604733023871217,15.926135382777323,-0.02024375196845085
22.400000000000002,17.400000000000002,99.59008649293034,1.0276427472891967,61.658564837351804,3699.513890241108,5.690672508063187,0.24742054382883424,8.33171296747036,0.3622483898900156,8.0,0.3517816329496552,0.3938109562548927,0.24419251151681937,0.24524677725010516,0.24730291002082305,0.24419251151681937,0.5589454659646657,15.931732476619082,-0.02050495705295674
22.41,17.41,99.69390904468602,1.0274363919204914,61.64618351522948,3698.771010913769,5.654564854479742,0.2458506458469453,8.329236703045897,0.3621407262193868,8.0,0.3507816329496554,0.3927337382856305,0.24594684605219452,0.24699661673329523,0.24900830639182503,0.24594684605219452,0.557416544307684,15.937314286670443,-0.02076607013226095
22.42,17.42,99.79694873382515,1.0272274258865515,61.63364555319309,3698.0187331915854,5.618438008874524,0.24427991342932712,8.326729110638617,0.36203170046254857,8.0,0.34978163294965525,0.39165576423086174,0.24773190119818028,0.24877656165103776,0.25074434249750754,0.24773190119818028,0.5558865495201581,15.942880802139582,-0.02102708885422544
22.43,17.43,99.89919572001348,1.0270158501434068,61.62095100860441,3697.2570605162646,5.582292234090394,0.24270835800393017,8.324190201720882,0.36192131311829917,8.0,0.3487816329496554,0.39057704260325654,0.24954772158861252,0.2505882837865198,0.25251106535628853,0.24954772158861252,0.5543554936843279,15.948432012355603,-0.021288011222409864
22.44,17.44,100.00064016672191,1.0268016656621033,61.608099939726195,3696.4859963835715,5.546127799420176,0.24113599127913807,8.32161998794524,0.3618095646932713,8.0,0.34778163294965525,0.38949758190705785,0.25139435167627844,0.25243084173728947,0.2543085189407922,0.25139435167627844,0.552823388870472,15.953967906768378,-0.021548835649149112
22.45,17.45,100.10127224125205,1.026584873430424,61.59509240582543,3695.705544349526,5.509944978375014,0.23956282514673974,8.319018481165088,0.3616964557028299,8.0,0.34678163294965547,0.38841739063786207,0.2532718357156892,0.2543029050305287,0.2561367460702936,0.2532718357156892,0.5512902471365969,15.959488474948412,-0.021809560000683348
22.46,17.46,100.20108211446508,1.0263654744620896,61.581928467725376,3694.9157080635227,5.4737440368227315,0.23798887116620573,8.316385693545076,0.3615819866758729,8.0,0.3457816329496553,0.3873364772767789,0.2551802176728398,0.2562059465320602,0.25799579238343173,0.2551802176728398,0.5497560805201481,15.964993706586696,-0.022070181870837757
22.47,17.47,100.30005996096564,1.0261434697930072,61.56860818758043,3694.1164912548256,5.437525237811449,0.23641414077441084,8.313721637516085,0.36146615815287325,8.0,0.34478163294965547,0.3862548502930032,0.25711954126167574,0.2581417314147887,0.25988570385823284,0.25711954126167574,0.5482209010416595,15.970483591494505,-0.02233069958921874
22.48,17.48,100.39819595961592,1.0259188604703051,61.555131628218305,3693.3078976930983,5.401288855664841,0.23483864589847137,8.311026325643661,0.3613489706801592,8.0,0.34378163294965536,0.3851725181520139,0.25908985005076546,0.26010723086809723,0.2618065219779673,0.25908985005076546,0.5466847207163914,15.975958119603296,-0.0225911114538917
22.490000000000002,17.490000000000002,100.49548029318507,1.0256916475639293,61.541498853835755,3692.4899312301454,5.365035161036278,0.23326239830592516,8.308299770767151,0.36123042481596307,8.0,0.3427816329496552,0.3840894893082283,0.26109118734960035,0.26210229692368203,0.2637582900172786,0.26109118734960035,0.5451475515439037,15.9814172809646,-0.022851415052677737
22.5,17.5,100.59190314829712,1.0254618321692515,61.52770993015509,3691.6625958093055,5.328764417541075,0.23168540945830765,8.305541986031017,0.3611105211317833,8.0,0.34178163294965536,0.38300577220315757,0.26312359618289727,0.26413035512997884,0.26574105350949573,0.26312359618289727,0.5436094055054386,15.986861065749846,-0.023111608362299307
22.51,17.51,100.68745471590348,1.0252294153966832,61.51376492380099,3690.8258954280595,5.292476895110131,0.2301076910917448,8.302752984760199,0.36098926020696515,8.0,0.34078163294965524,0.3819213752730642,0.2651871193917147,0.26618961744996367,0.267754854920662,0.2651871193917147,0.5420702945747884,15.992289464250248,-0.02337168974878523
22.52,17.52,100.78212519127533,1.0249943983742758,61.49966390245655,3689.979834147393,5.256172866624064,0.22852925507061153,8.299932780491309,0.3608666426300569,8.0,0.3397816329496554,0.3808363069478853,0.26728179960762954,0.2682783892074992,0.26979973606549645,0.26728179960762954,0.540530230716768,15.997702466876705,-0.02363165706908177
22.53,17.53,100.87590477378245,1.0247567822553016,61.485406935318096,3689.1244161190857,5.219852598137217,0.2269501129624877,8.29708138706362,0.3607426690027661,8.0,0.33878163294965524,0.3797505756457598,0.2694076791783594,0.27039927833774513,0.2718757409169116,0.2694076791783594,0.5389892258794466,16.003100064159685,-0.02389150816235741
22.54,17.54,100.96878366722896,1.0245165682110287,61.47099409266172,3688.259645559703,5.183516358168053,0.22537027644208923,8.294198818532344,0.36061733993618883,8.0,0.33778163294965546,0.37866418977855415,0.27156480023808105,0.27255184673230204,0.2739829120172447,0.27156480023808105,0.5374472920019908,16.008482246749093,-0.024151241316623384
22.55,17.55,101.06075208001197,1.024273757428969,61.45642544573815,3687.3855267442887,5.14716441992925,0.22378975738822823,8.291285089147628,0.3604906560498969,8.0,0.3367816329496553,0.3775771577538181,0.2737532047241092,0.2747346049449302,0.27612129049913936,0.2737532047241092,0.5359044410174404,16.01384900541419,-0.024410854476215604
22.56,17.56,101.15180022486632,1.0240283511215043,61.44170106729025,3686.502064037415,5.1107970502113,0.2222085674004913,8.288340213458051,0.360362617976437,8.0,0.3357816329496555,0.37648948796836695,0.27597293429229874,0.27694913186419384,0.27829091944311,0.27597293429229874,0.5343606848435994,16.019200331043496,-0.024670345453614573
22.57,17.57,101.24191831915037,1.0237803505198968,61.42682103119381,3685.6092618716284,5.074414517074518,0.22062671813367474,8.28536420623876,0.360233226358207,8.0,0.33478163294965535,0.37540118881296874,0.2782240303752785,0.2791954124107944,0.28049184093546675,0.2782240303752785,0.5328160353896891,16.024536214644662,-0.024929712569338847
22.580000000000002,17.580000000000002,101.33109658509278,1.0235297568701174,61.411785412207045,3684.707124732423,5.038017095199189,0.2190442215303995,8.282357082441408,0.3601024818452786,8.0,0.3337816329496552,0.37431226867615264,0.28050653422281646,0.28147221736329475,0.282724094995204,0.28050653422281646,0.531270504561753,16.02985664734442,-0.025188953825008298
22.59,17.59,101.41932524947414,1.0232765714433967,61.3965942866038,3683.795657196228,5.001605052284793,0.21746108922977364,8.27931885732076,0.3599703851009026,8.0,0.3327816329496554,0.3732227359361927,0.2828204867983377,0.28378052219859434,0.2849877239202053,0.2828204867983377,0.5297241042512788,16.035161620388486,-0.025448066850245254
22.6,17.6,101.5065945437951,1.0230207955331125,61.381247731986754,3682.8748639192054,4.965178653043005,0.21587733274100024,8.27624954639735,0.35983693679988477,8.0,0.33178163294965524,0.3721325989634857,0.2851659288091084,0.2861212688608611,0.28728277034936944,0.2851659288091084,0.5281768463385745,16.040451125141438,-0.025707050016329447
22.61,17.61,101.5928947048017,1.02276243044307,61.3657458265842,3681.944749595052,4.928738174260938,0.21429296409830167,8.273149165316841,0.35970213762247133,8.0,0.3307816329496554,0.3710418661301987,0.28754290082037803,0.28849263762020644,0.28960927264496805,0.28754290082037803,0.5266287427064603,16.04572515308666,-0.02596590161800094
22.62,17.62,101.67821597408567,1.0225014775007526,61.35008865004516,3681.0053190027097,4.892283887719919,0.21270799511825733,8.27001773000903,0.3595659882612622,8.0,0.3297816329496553,0.36995054580026004,0.2899514431254174,0.2908947111025582,0.29196727117375976,0.2899514431254174,0.5250798052260631,16.050983695826325,-0.026224619125628124
22.63,17.63,101.7625485979997,1.0222379380605575,61.33427628363345,3680.056577018007,4.8558160560230315,0.21112243721839266,8.26685525672669,0.3594284894228995,8.0,0.3287816329496555,0.36885864632675575,0.29239159571372725,0.29332980873973274,0.2943568092964636,0.29239159571372725,0.523530045753121,16.05622674508122,-0.02648320051919484
22.64,17.64,101.84588282824555,1.0219718134903688,61.31830880942213,3679.098528565328,4.819334949850916,0.20953630216743113,8.263661761884425,0.35928964182106193,8.0,0.32778163294965534,0.3677661760624599,0.2948633984018746,0.29579692157997073,0.2967779263483249,0.2948633984018746,0.5219794761429293,16.0614542926907,-0.0267416444109827
22.650000000000002,17.650000000000002,101.92820892193231,1.0217031051723378,61.30218631034027,3678.131178620416,4.782840846935223,0.20794960204066187,8.260437262068052,0.35914944617687183,8.0,0.3267816329496552,0.3666731433600145,0.2973668908254529,0.2982937123375253,0.29923065974608853,0.2973668908254529,0.5204281082505958,16.06666633061267,-0.02699994871883149
22.66,17.66,102.00951714116262,1.0214318145159922,61.28590887095953,3677.154532257572,4.746334015164536,0.20636234848541463,8.257181774191906,0.35900790322573506,8.0,0.3257816329496554,0.3655795565614764,0.2999021123105914,0.3008220402431784,0.30171505050337777,0.2999021123105914,0.5188759539162048,16.0718628509235,-0.02725811095542241
22.67,17.67,102.08979775325638,1.0211579429532294,61.269476577193764,3676.1685946316256,4.709814719018904,0.2047745530008219,8.253895315438752,0.35886501371472834,8.0,0.32478163294965523,0.36448542400219824,0.3024691019227257,0.30338407190742156,0.30423114019750197,0.3024691019227257,0.517323024970325,16.077043845817936,-0.027516129418572177
22.68,17.68,102.16904103126596,1.0208814919276208,61.252889515657245,3675.173370939435,4.6732832332994,0.20318622753475651,8.25057790313145,0.35872077839701955,8.0,0.3237816329496554,0.3633907540197085,0.30506789857059546,0.3059771602191303,0.3067789661477932,0.30506789857059546,0.5157693332466132,16.08220930760902,-0.02777402064283052
22.69,17.69,102.24723725611548,1.020602462540373,61.236147752422376,3674.1688651453424,4.636725324638042,0.2015967532451323,8.247229550484475,0.3585751978471511,8.0,0.3227717551278735,0.36229540508542324,0.3076985445341817,0.308602030006514,0.30935858192053356,0.3076985445341817,0.5142146778701089,16.087359227664603,-0.028031739679342138
22.7,17.7,102.32437670046681,1.0203208571340339,61.21925142804203,3673.1550856825215,4.60026573918742,0.20001155387771394,8.243850285608406,0.358428273287322,8.0,0.32188278526632597,0.3612006511261107,0.310361069722626,0.3112586573355696,0.31196985959877244,0.310361069722626,0.5126608669560505,16.092493605388732,-0.02828775745939538
22.71,17.71,102.40044971257169,1.020036707391185,61.202202443471094,3672.1321466082654,4.564516654792077,0.1984572458605251,8.240440488694219,0.35828002124757474,8.0,0.32122912124388076,0.36011293871619493,0.3130552101940542,0.313947003562562,0.31461196210808917,0.3130552101940542,0.5111170502842706,16.097612494974936,-0.02853797310407913
22.72,17.72,102.47544683338572,1.0197500976719522,61.18500586031713,3671.100351619028,4.530145149704024,0.19696283259582714,8.237001172063426,0.35813048574188805,8.0,0.32079064318496175,0.35903971210255503,0.3157801740920698,0.31666670765674565,0.3172840909253083,0.3157801740920698,0.5095937936553758,16.102716049194633,-0.028777407984811987
22.73,17.73,102.54935900512243,1.0194611592314886,61.16766955388932,3670.060173233359,4.49768611742865,0.19555157032298479,8.233533910777863,0.35797973525121146,8.0,0.3205571640634087,0.35798745862567133,0.3185346982455739,0.31941693631677986,0.3199854964462179,0.3185346982455739,0.5081003047094537,16.107804519686457,-0.02900201218396603
22.740000000000002,17.740000000000002,102.62217783719673,1.019170057428273,61.15020344569638,3669.0122067417824,4.467598853109025,0.19424342839604455,8.230040689139276,0.3578278560495337,8.0,0.3205172824132725,0.3569621503083915,0.3213171745225671,0.32219610267686605,0.3227149049978245,0.3213171745225671,0.5066450596837453,16.112878246508423,-0.029208165350858906
22.75,17.75,102.6938954878208,1.0188769959244715,61.13261975546828,3667.957185328097,4.440253541446521,0.19305450180202263,8.226523951093657,0.3576749543953764,8.0,0.3206602793270481,0.35596915426600706,0.32412560852640226,0.32500266686505785,0.32547117466881603,0.32412560852640226,0.5052356762554884,16.117937650188118,-0.029392586021103284
22.76,17.76,102.76450488684999,1.0185822057078509,61.11493234247105,3666.895940548263,4.415949110195234,0.19199778739979279,8.22298646849421,0.357521150804096,8.0,0.32097600589041225,0.3550133034042814,0.3269577280699967,0.32783474831093196,0.32825290611128954,0.3269577280699967,0.5038790138853481,16.122983223638823,-0.029553208701095457
22.77,17.77,102.83400002754394,1.0182859317504496,61.09715590502697,3665.8293543016184,4.394934763195427,0.1910841201389316,8.219431181005394,0.35736657308719105,8.0,0.32145474552475156,0.35409897808136515,0.32981111487567283,0.3306897828519662,0.3310581448543692,0.32981111487567283,0.5025812897221587,16.128015525156858,-0.02968857393082658
22.78,17.78,102.90237592575326,1.0179884342292345,61.07930605375407,3664.758363225244,4.377408109496323,0.19032209171723147,8.215861210750813,0.3572113569891658,8.0,0.32208722718221067,0.3532301015264662,0.33268319261014095,0.3335647571340373,0.3338845281274184,0.33268319261014095,0.5013480721005306,16.13303517196597,-0.029796926006874003
22.79,17.79,102.96962842882026,1.017689993230312,61.06139959381872,3663.6839756291233,4.363508208292036,0.18971774818661022,8.212279918763745,0.3570556486419019,8.0,0.322864677392861,0.35241012911139363,0.3355711809760955,0.336457367765638,0.3367299831816624,0.3355711809760955,0.5001842653136918,16.138042833653042,-0.029876932134833112
22.8,17.8,103.03575450587971,1.0173908955865378,61.04345373519227,3662.607224111536,4.353337037455878,0.18927552336764691,8.208690747038453,0.35689959769732404,8.0,0.3237781005645914,0.351642130347786,0.33847222563024243,0.33936469430786925,0.33959208509653543,0.33847222563024243,0.499094225994148,16.143039226109583,-0.029928054218828493
22.81,17.81,103.10075223922203,1.0170914321459354,61.025485928756126,3661.5291557253677,4.3469074277915345,0.18899597512137106,8.205097185751224,0.35674335590222717,8.0,0.3247741277399029,0.3509282420699952,0.34138342555452955,0.3422836416518476,0.3424683035165561,0.34138342555452955,0.4980809870028533,16.148025102174568,-0.029950339485083077
22.82,17.82,103.16462076761927,1.0167918887968364,61.00751332781018,3660.4507996686107,4.343984257368644,0.18886888075515842,8.201502665562035,0.35658707241574067,8.0,0.32577539468172295,0.3502679927795346,0.3443019231428529,0.34521131291381807,0.34535637261573937,0.3443019231428529,0.49714387913054087,16.153001226505236,-0.02994551859102046
22.830000000000002,17.830000000000002,103.22736030009821,1.016492521774115,60.9895513064469,3659.373078386814,4.344225789897449,0.1888793821694543,8.19791026128938,0.3564308809256252,8.0,0.3267751554038008,0.34965951772845033,0.3472251510635343,0.3481447129996301,0.34825391528071714,0.3472251510635343,0.4962802556950973,16.157968347179363,-0.029916195479145813
22.84,17.84,103.28897195714569,1.0161935648872533,60.9716138932352,3658.2968335941123,4.347329161715565,0.18901431137893762,8.19432277864704,0.3562749034194365,8.0,0.3277751554038006,0.34910110371833775,0.3501507609149548,0.3510812382143365,0.35115853290997,0.3501507609149548,0.4954876851123694,16.1629271868834,-0.029864635110989468
22.85,17.85,103.34945769271026,1.0158952290718952,60.95371374431372,3657.222824658823,4.3530213768270185,0.18926179899247908,8.190742748862743,0.356119249950554,8.0,0.32877515540380076,0.3485911022947732,0.3530766281744382,0.35401847558697963,0.3540678752979511,0.3530766281744382,0.4947638276909105,16.167878444447418,-0.029792913636924823
22.86,17.86,103.40882014890438,1.0155977066145148,60.93586239687089,3656.1517438122532,4.361052719693573,0.18961098781276406,8.187172479374176,0.35596402084235546,8.0,0.32977515540380054,0.34812791306470947,0.3560008108122159,0.3569543534954699,0.3569799269960579,0.3560008108122159,0.4941064119539542,16.17282279564564,-0.029702976381017265
22.87,17.87,103.46706271854,1.0153011695442749,60.91807017265649,3655.0842103593895,4.371199550808897,0.19005215438299555,8.183614034531299,0.3558093058491869,8.0,0.3307751554038007,0.3477099916332274,0.3589215650018338,0.3598869025219218,0.3598925845444953,0.3589215650018338,0.4935132459042388,16.17776089393493,-0.029596849380247647
22.88,17.88,103.52418954536574,1.01500576962691,60.900346177614594,3654.020770656876,4.38326431779169,0.19057670946920394,8.180069235522918,0.3556551841531703,8.0,0.3317751554038005,0.34733584905824205,0.3618373451794927,0.36281417678943734,0.36280374424000067,0.3618373451794927,0.4929822162500586,16.1826933712457,-0.029476131575826514
22.89,17.89,103.58020520463599,1.0147116469127584,60.882698814765504,3652.9619288859303,4.397064557749754,0.19117671990216326,8.176539762953102,0.3555017288240479,8.0,0.33277515540380065,0.3470040438727115,0.3647467204563219,0.365734578772472,0.3657116214561527,0.3647467204563219,0.4925112770821909,16.187620838712363,-0.029341977530691565
22.900000000000002,17.900000000000002,103.63511469042267,1.014418930076296,60.86513580457776,3651.9081482746656,4.412432460435061,0.1918448895841331,8.173027160915552,0.3553490069963284,8.0,0.3337751554038008,0.34671318176788835,0.3676483712982227,0.36864687112511735,0.36861475758473605,0.3676483712982227,0.492098449424327,16.192543887344897,-0.029195534237871357
22.91,17.91,103.68892342265036,1.014127736228001,60.84766417368006,3650.8598504208035,4.429215110567913,0.1925745700246919,8.169532834736012,0.35519707977113096,8.0,0.3347751554038006,0.3464619156343934,0.37054109136544106,0.3715501915487623,0.37151198429113963,0.37054109136544106,0.4917418212913693,16.197463088698473,-0.02903812657315541
22.92,17.92,103.74163737310298,1.013838167544833,60.830290052689975,3649.8174031613985,4.447278828764735,0.1933599490767276,8.166058010537995,0.3550460004581737,8.0,0.33577515540380076,0.34624894624178654,0.3734238204594609,0.3744433585443083,0.374401813752273,0.3734238204594609,0.4914395486539625,16.2023789955482,-0.028871023012257524
22.93,17.93,103.79326289736822,1.013550315767756,60.813018946065355,3648.7811367639215,4.46650338412567,0.19419579930981173,8.16260378921307,0.3548958169223074,8.0,0.3367751554038006,0.34607301863952705,0.3762956005438422,0.3773242193742013,0.37728293474602426,0.3762956005438422,0.49118985033028933,16.20729214254312,-0.028695118217427762
22.94,17.94,103.84380662356034,1.0132642651804844,60.79585591082906,3647.751354649744,4.486778161009044,0.1950773113482193,8.159171182165814,0.3547465731376441,8.0,0.3377751554038007,0.34593291869664133,0.3791555466155949,0.3801922065707886,0.38015426955094256,0.3791555466155949,0.4909910030747366,16.212203046810146,-0.02851117960543803
22.95,17.95,103.89327546855837,1.012980092175647,60.778805530538826,3646.7283318323293,4.508002718149667,0.19600011818042032,8.155761106107764,0.35459830896120714,8.0,0.3387751554038005,0.3458274728782813,0.3820028509468801,0.383048325023,0.38301484455853657,0.3820028509468801,0.49084134126075923,16.217112208531823,-0.0283200127437766
22.96,17.96,103.94167665037102,1.0126978649256089,60.76187189553653,3645.712313732192,4.530087213774423,0.19696031364236624,8.152374379107307,0.35445105996118725,8.0,0.33977515540380065,0.34575554797500363,0.3848367863030445,0.3858905348218823,0.38586375608951357,0.3848367863030445,0.49073925649663963,16.22202011152061,-0.02812236940738444
22.97,17.97,103.98901763568912,1.0124176447874993,60.74505868724996,3644.7035212349974,4.552950598099896,0.19795437383043027,8.149011737449992,0.3543048581499997,8.0,0.3407751554038005,0.3457160490126849,0.38765669220249416,0.38871627707505546,0.38870018948460927,0.38765669220249416,0.4906831946589794,16.226927223776386,-0.027918863326391374
22.98,17.98,104.03530608927383,1.012139487659081,60.72836925954486,3643.702155572692,4.576518868821293,0.1989790812530997,8.145673851908972,0.35415973269169443,8.0,0.3417751554038006,0.34570791686871977,0.3904619616570555,0.3915267555592537,0.39152339798577745,0.3904619616570555,0.4906716525093117,16.231833998012227,-0.027710043386392158
22.990000000000002,17.990000000000002,104.08054987618878,1.0118634439197713,60.71180663518628,3642.708398111177,4.600725147399273,0.20003152814779449,8.142361327037257,0.3540157098711851,8.0,0.34277515540380077,0.3457301280794712,0.39325204174831524,0.3943238127941808,0.39433270100384227,0.39325204174831524,0.4907031774208102,16.236740872161878,-0.027496458338163166
23.0,18.0,104.12475705958184,1.0115895584923178,60.69537350953907,3641.722410572344,4.625509600740077,0.20110911307565552,8.139074701907813,0.35387281312642666,8.0,0.34377515540380055,0.34578169414465953,0.39602643302344664,0.397103299141717,0.3971274852831987,0.39602643302344664,0.4907763663909922,16.241648269880937,-0.027278591576312294
23.01,18.01,104.1679358542052,1.0113178720882452,60.67907232529471,3640.744339517683,4.650817838455455,0.2022094712371937,8.135814465058942,0.3537310636982149,8.0,0.3447751554038007,0.3458616592278936,0.3987846773152584,0.3998649470910593,0.39990718854415785,0.3987846773152584,0.49088986277802577,16.246556601026782,-0.027056849580411324
23.02,18.02,104.21009461551571,1.0110484215007096,60.66290529004257,3639.7743174025545,4.6766005362507626,0.20333045809785924,8.132581058008515,0.35359048078297894,8.0,0.34577515540380055,0.3459690992700601,0.40152635487772936,0.40261136244444934,0.4026712945892347,0.40152635487772936,0.4910423550423424,16.251466262115883,-0.026831623675874994
23.03,18.03,104.25124183936397,1.0107812396147278,60.646874376883666,3638.8124626130198,4.702813423320241,0.2044701488400105,8.129374875376733,0.3534510815381188,8.0,0.34677515540380066,0.3461031215969263,0.4042510842851895,0.4053396854580829,0.40541933800329005,0.4042510842851895,0.49123257618969773,16.256377636772044,-0.026603270614778296
23.04,18.04,104.29138613661533,1.010516356088414,60.63098136530484,3637.8588819182905,4.729416405827756,0.20562680025338068,8.12619627306097,0.35331288143743345,8.0,0.3477751554038005,0.3462628631874424,0.4069585157694123,0.40804916276423236,0.40815089234542073,0.4069585157694123,0.4914593013133309,16.261291096159557,-0.026372094163178872
23.05,18.05,104.33053621905566,1.010253797731464,60.615227863887846,3636.9136718332707,4.756373079917639,0.20679882956163648,8.123045572777569,0.35317589446858993,8.0,0.34877515540380066,0.34644748956058213,0.40964832751764974,0.4107418985005416,0.41086556359961524,0.40964832751764974,0.4917213460140302,16.266206999396193,-0.026138380266559125
23.06,18.06,104.3687009002827,1.0099935884830828,60.59961530898497,3635.9769185390983,4.7836507605034955,0.20798481567406504,8.119923061796994,0.3530401331216084,8.0,0.34977515540380044,0.3466561945210464,0.4123202258877736,0.413416181523751,0.41356299589792567,0.4123202258877736,0.49201756603920477,16.271125693956456,-0.025902395361789843
23.07,18.07,104.40588908038632,1.0097357498242283,60.5841449894537,3635.048699367222,4.8112199508919,0.2091834761257348,8.116828997890739,0.35290560860394515,8.0,0.3507751554038006,0.3468881988363943,0.4149739413757854,0.4160704793286503,0.4162428643840059,0.4149739413757854,0.49234685540530365,16.27604751606368,-0.025664364266759776
23.080000000000002,18.080000000000002,104.44210973031018,1.0094803011977476,60.568818071864854,3634.1290843118913,4.8390538020875615,0.2103936435690244,8.11376361437297,0.35277233105969436,8.0,0.3517751554038008,0.3471427488358264,0.41760922450623145,0.41870660550241307,0.4189048657222781,0.41760922450623145,0.4927081444090351,16.28097279106275,-0.02542449082670828
23.09,18.09,104.47737189193103,1.0092272600076941,60.55363560046165,3633.2181360276986,4.867128113867613,0.21161426582033102,8.11072712009233,0.3526403095692317,8.0,0.35277515540380056,0.34741911613837356,0.4202258458382656,0.42132525826791944,0.42154872230794443,0.4202258458382656,0.4931003992415788,16.285901833781004,-0.025182974752368636
23.1,18.1,104.51168467502585,1.0089766417027002,60.53859850216201,3632.3159101297206,4.895421227735797,0.2128444012059042,8.107719700432401,0.35250955219271307,8.0,0.3537751554038007,0.3477165971818585,0.4228235951494903,0.4239228631043861,0.42417418508771654,0.4228235951494903,0.4935226213200288,16.290834948883813,-0.02493998816066778
23.11,18.11,104.54505723985649,1.0087284602444808,60.52370761466885,3631.422456880131,4.923913423896202,0.21408319234331313,8.10474152293377,0.35238006621451173,8.0,0.3547751554038005,0.3480345113827579,0.42540227685281834,0.42649974722792067,0.4267810201797283,0.42540227685281834,0.49397384467564187,16.29577243121379,-0.024695675791420513
23.12,18.12,104.57749879424787,1.0084827281868718,60.50896369121231,3630.5378214727384,4.952586819560409,0.21532986172001778,8.101792738242462,0.35225185818445487,8.0,0.35577515540380067,0.3483722007138693,0.42796170922306953,0.42905997083259884,0.4293690078598615,0.42796170922306953,0.49445313535440905,16.300714566113943,-0.024450179996840404
23.13,18.13,104.60901859484437,1.008239456644544,60.494367398672644,3629.6620439203584,4.981425409454891,0.21658371345456048,8.098873479734529,0.35212493390150124,8.0,0.35677515540380045,0.34872902948989337,0.4305017247020567,0.43160056842195954,0.4319379509817489,0.4305017247020567,0.4949595911127279,16.30566162974628,-0.024203632757597404
23.14,18.14,104.63962593827408,1.00799865553172,60.4799193319032,3628.795159914192,5.010414758585098,0.21784411993848252,8.095983866380639,0.35199929853828865,8.0,0.3577751554038006,0.34910438327273674,0.43302216756292966,0.43411825274585225,0.43448766767984026,0.43302216756292966,0.49549233986367225,16.31061388940116,-0.023956143831817656
23.150000000000002,18.150000000000002,104.66933015352726,1.0077603337679075,60.465620026074454,3627.937201564467,5.039541737415708,0.21911051032242207,8.09312400521489,0.35187495674847347,8.0,0.3587751554038008,0.3494976677505841,0.4355228918970723,0.4366169972695581,0.43701798478951215,0.4355228918970723,0.4960505380860315,16.31557160379091,-0.02370781286177248
23.16,18.16,104.69814060213562,1.0075244992744845,60.45146995646907,3627.088197388144,5.068794526352081,0.22038237071096,8.090293991293814,0.35175191266494843,8.0,0.35977515540380056,0.34990830856734373,0.43800376164696986,0.4390982978962838,0.43952874209550125,0.43800376164696986,0.4966333705822388,16.32053502333425,-0.02345873619926664
23.17,18.17,104.72606667568118,1.0072911590439222,60.437469542635334,3626.24817255812,5.098162526739516,0.22165924029302245,8.087493908527065,0.35163016993595936,8.0,0.36077515540380073,0.35033575078498524,0.4404646499281951,0.44155693318164646,0.4420197941005099,0.4404646499281951,0.497240049715254,16.32550439043574,-0.02320899737606652
23.18,18.18,104.75311778887713,1.0070603193269632,60.423619159617786,3625.417149577067,5.127636119893962,0.22294070086495488,8.084723831923558,0.3515097318227634,8.0,0.3617751554038005,0.35077945769869484,0.4429054371975787,0.44399484547611295,0.4444910019402455,0.4429054371975787,0.49786981372688455,16.330479939752948,-0.02295866912371025
23.19,18.19,104.77930337853995,1.006831985661448,60.409919139686885,3624.595148381213,5.1572066300304815,0.2242263752187166,8.081983827937377,0.35139060121466853,8.0,0.3627751554038007,0.35123891051856215,0.445326010970687,0.4464146671502869,0.4469422348771602,0.445326010970687,0.498521926285996,16.335461898453012,-0.022707820991861638
23.2,18.2,104.80463290237834,1.006606162907126,60.396369774427555,3623.7821864656535,5.186866279526087,0.2255159251967864,8.079273954885512,0.35127278064719614,8.0,0.3637751554038005,0.35171360800314955,0.4477262654804726,0.44881253892709044,0.4493733733885687,0.4477262654804726,0.49919567596842795,16.340450486464285,-0.02245651450243713
23.21,18.21,104.82911583437476,1.0063828553713994,60.382971322283964,3622.9782793370377,5.216608027032498,0.22680904465358687,8.076594264456793,0.3511562723676866,8.0,0.3647751554038006,0.35220306543999397,0.4501061004461887,0.4511893696041006,0.4517843030909764,0.4501061004461887,0.4998903748099955,16.345445916718177,-0.02220480315305906
23.22,18.22,104.85276166353808,1.0061620668440647,60.369724010643885,3622.1834406386333,5.2464255227697105,0.22810545751172653,8.073944802128777,0.3510410783534251,8.0,0.36577515540380046,0.3527068142634266,0.4524654207329541,0.453547151534821,0.4541749149978729,0.4524654207329541,0.5006053577640514,16.350448395381047,-0.021952737722287452
23.23,18.23,104.87557989325397,1.0059438006169537,60.35662803701722,3621.397682221033,5.276313083289605,0.22940491666476542,8.071325607403445,0.3509272003218889,8.0,0.36677515540380057,0.3532244018125051,0.4548041361588714,0.45588320263806137,0.45654510929734127,0.4548041361588714,0.5013399823579134,16.355458122081657,-0.021700363308049475
23.240000000000002,18.240000000000002,104.89758003786238,1.0057280595779037,60.34368357467422,3620.6210144804536,5.306265570486469,0.23070719871680304,8.068736714934843,0.3508146397797758,8.0,0.36777515540380074,0.35375539036244347,0.4571221605745593,0.4581976545245866,0.4588947897792175,0.4571221605745593,0.5020936273181494,16.36047529013004,-0.021447718671645077
23.25,18.25,104.91877162147843,1.0055148462435208,60.33089077461125,3619.853446476675,5.336278349418227,0.23201210214861856,8.06617815492225,0.3507033980400978,8.0,0.3687751554038005,0.35429935671630436,0.4594194115420445,0.46049298968439345,0.4612238627048774,0.4594194115420445,0.5028656919910558,16.365500086726584,-0.021194840591149955
23.26,18.26,104.93916417781632,1.0053041627660806,60.318249765964836,3619.09498595789,5.366347279459219,0.2333194469330095,8.063649953192968,0.3505934762257812,8.0,0.3697751554038007,0.35485589207273577,0.46169581026657186,0.4627670856555061,0.46353224233453644,0.46169581026657186,0.5036555961549334,16.370532693167316,-0.020941762522234342
23.27,18.27,104.95876724805521,1.0050960109930762,60.30576065958457,3618.345639575074,5.396468637626426,0.23462907120114895,8.061152131916915,0.3504848753007354,8.0,0.3707751554038005,0.3554246012914295,0.46395128101290695,0.4650183382585213,0.4658198470278107,0.46395128101290695,0.5044627789775348,16.37557328504298,-0.020688512677523363
23.28,18.28,104.97759037920828,1.0048903925125303,60.29342355075182,3617.605413045109,5.42663906022958,0.23594082870563393,8.058684710150363,0.350377596093494,8.0,0.37177515540380063,0.3560051022212635,0.46618575066108475,0.4672492923774279,0.4680865950641744,0.46618575066108475,0.5052866980624802,16.380622032428178,-0.020435116775004758
23.29,18.29,104.99564312400572,1.004687308657576,60.28123851945456,3616.874311167274,5.456855536985664,0.2372545885645941,8.056247703890913,0.35027163929960486,8.0,0.3727751554038004,0.3565970255751597,0.46839914866107485,0.46946165823750724,0.4703324083402445,0.46839914866107485,0.5061268292716402,16.38567910006485,-0.020181599335280964
23.3,18.3,105.01293504026462,1.0044867605258248,60.26920563154948,3616.1523378929687,5.4871153860950335,0.23857023417804493,8.053841126309898,0.3501670054917347,8.0,0.3737751554038006,0.35720001469620105,0.4705914068425005,0.47165044866769007,0.4725572160014431,0.4705914068425005,0.5069826663931801,16.390744647543173,-0.019927981457165345
23.31,18.31,105.02947568914473,1.0042887490284327,60.25732494170596,3615.4394965023575,5.517416191045204,0.23988766048022628,8.051464988341191,0.3500636951452692,8.0,0.3747751554038004,0.3578137246582204,0.4727624589331615,0.4738158289517756,0.474760947015664,0.4727624589331615,0.5078537198650039,16.39581882947446,-0.01967428125031745
23.32,18.32,105.04527463478406,1.0040932749008185,60.24559649404911,3614.7357896429467,5.547755786809063,0.24120677333952448,8.04911929880982,0.34996170864390524,8.0,0.3757751554038005,0.3584378220187679,0.47491224045367675,0.47596360902957474,0.4769435299025327,0.47491224045367675,0.5087395164241345,16.40090179565591,-0.01942051584664739
23.330000000000002,18.330000000000002,105.06034144405656,1.0039003387114998,60.234020322689986,3614.0412193613993,5.578132248474148,0.24252748906409338,8.046804064537998,0.3498610462842608,8.0,0.3767751554038007,0.35907198469748475,0.47704068863030924,0.4780903633785221,0.47910489883746615,0.47704068863030924,0.5096395989340873,16.405993691232702,-0.019166700616338517
23.34,18.34,105.07468568567297,1.0037099408884917,60.22259645330951,3613.3557871985704,5.6085438572415445,0.24384973292354545,8.044519290661901,0.34976170828964787,8.0,0.3777751554038005,0.3597159014475389,0.4791477421355803,0.4801922855192654,0.48124499025589296,0.4791477421355803,0.5105535256346652,16.411094656855546,-0.018912848725911147
23.35,18.35,105.08831692958341,1.0035220817369814,60.211324904218884,3612.6794942531333,5.638989077658866,0.24517343815908113,8.042264980843777,0.34966369481929466,8.0,0.3787751554038007,0.3603692713248659,0.481233340914304,0.4822743502844189,0.483363739649134,0.481233340914304,0.51148086938864,16.416204828830665,-0.01865897209864187
23.36,18.36,105.10124474676861,1.003336761446519,60.200205686791136,3612.012341207468,5.669466548358472,0.24649854558080314,8.040041137358227,0.3495670059720968,8.0,0.37977515540380047,0.3610318035813244,0.4832974261127079,0.4843366494010783,0.48546108490794865,0.4832974261127079,0.5124212175301049,16.421324339265258,-0.018405081486605468
23.37,18.37,105.11347870872716,1.0031539801072493,60.18923880643496,3611.354328386097,5.699975061148197,0.24782500265861726,8.037847761286992,0.3494716417950866,8.0,0.38077515540380064,0.36170321732698013,0.48533993991862534,0.4863751116089829,0.4875369668025269,0.48533993991862534,0.5133741713851463,16.426453316209834,-0.01815118621513534
23.38,18.38,105.12502838708447,1.0029737377222163,60.17842426333298,3610.7054557999786,5.730513545160016,0.2491527628330442,8.035684852666595,0.34937760228985193,8.0,0.38177515540380047,0.3623832410058114,0.48736082543996473,0.4883925689401277,0.4895913253872842,0.48736082543996473,0.5143393455276994,16.431591883794397,-0.017897294628177463
23.39,18.39,105.13590335337729,1.0027960342146858,60.167762052881145,3610.0657231728687,5.761081057413536,0.25048178510493635,8.03355241057623,0.34928488741635777,8.0,0.38277515540380064,0.3630716122572389,0.48936002663250333,0.49038942363500615,0.49162410213542507,0.48936002663250333,0.5153163675830147,16.43674016235995,-0.01764341408431136
23.400000000000002,18.400000000000002,105.14611317868025,1.00262086944053,60.1572521664318,3609.435129985908,5.791676766858986,0.25181203334169505,8.031450433286361,0.349193497099407,8.0,0.38377515540380075,0.36376807765065333,0.4913374881778025,0.49236311800454624,0.4936352409660316,0.4913374881778025,0.516304877850866,16.44189826858712,-0.01738955096798378
23.41,18.41,105.1556674334151,1.002448243195326,60.146894591719565,3608.8136755031737,5.822299945228737,0.2531434758795103,8.029378918343912,0.349103431232344,8.0,0.3847751554038006,0.3644723921902638,0.49329315541253593,0.4943152808980933,0.4956246848652395,0.49329315541253593,0.51730452860277,16.447066315619388,-0.017135711018958943
23.42,18.42,105.16457568718816,1.002278155220151,60.13668931320906,3608.2013587925435,5.852949959569016,0.2544760851986529,8.027337862641811,0.34901468968007876,8.0,0.38577515540380075,0.36518431917400485,0.4952269742712266,0.49624690404293964,0.4975923774218654,0.4952269742712266,0.5183149838817298,16.452244413181813,-0.016881899112739518
23.43,18.43,105.1728475084461,1.0021106052130713,60.12663631278428,3607.5981787670567,5.883626257430213,0.25580983727957446,8.025327262556855,0.34892727228508064,8.0,0.38677515540380053,0.3659036300438314,0.49713889117311144,0.49815530641130334,0.4995382653907062,0.49713889117311144,0.5193359192897544,16.45743266769767,-0.01662811937984543
23.44,18.44,105.18049246443945,1.001945592832554,60.11673556995324,3607.0041341971946,5.91432836246932,0.2571447114117096,8.02334711399065,0.34884117886915866,8.0,0.3877751554038007,0.36663010384350464,0.4990288529872813,0.5000409782107669,0.5014622943215143,0.4990288529872813,0.5203670212182815,16.462631182400212,-0.016374375685963116
23.45,18.45,105.18752012118819,1.0017831176993521,60.10698706196113,3606.4192237176676,5.945055872016791,0.25848069008768654,8.021397412392226,0.34875640923444456,8.0,0.3887751554038005,0.36736352706912306,0.5008968070137424,0.5019070254869831,0.5033644084346464,0.5008968070137424,0.5214079866360319,16.46784005743948,-0.016120671185014146
23.46,18.46,105.19394004310995,1.0016231794088537,60.09739076453122,3605.843445871873,5.9758084411593755,0.2598177583112772,8.019478152906245,0.34867296316983676,8.0,0.38977515540380064,0.3681036935907675,0.5027427008619373,0.5037507728813987,0.5052445556519729,0.5027427008619373,0.5224585229777995,16.47305938998755,-0.01586700824537246
23.47,18.47,105.19976179298143,1.0014657775344447,60.08794665206668,3605.2767991240007,6.006585778398946,0.2611559034086498,8.017589330413337,0.34859084045275374,8.0,0.3907751554038004,0.36885040428083204,0.5045664824166426,0.5055696803280345,0.5071026844793824,0.5045664824166426,0.5235183476169312,16.478289274340522,-0.015613389149173429
23.48,18.48,105.20499493206536,1.0013109116258703,60.07865469755222,3604.719281853133,6.037387647762454,0.2624951151201067,8.015730939510444,0.3485100408482802,8.0,0.3917751554038006,0.36960346665458027,0.506368099852893,0.5073670393928503,0.5089387410151931,0.506368099852893,0.5245871873551601,16.483529802015383,-0.01535981598848224
23.490000000000002,18.490000000000002,105.20964901995148,1.001158581214675,60.069514872880504,3604.17089237283,6.068213861787811,0.26383538529512224,8.013902974576101,0.3484305641120044,8.0,0.39277515540380076,0.370362694827341,0.5081475015824087,0.5091453408003429,0.5107526717279347,0.5081475015824087,0.5256647783618525,16.48878106184397,-0.015106290028199965
23.5,18.5,105.21373361425071,1.0010087858253063,60.06052714951838,3603.6316289711026,6.099064267205431,0.2651767072698014,8.012105429903675,0.34835240999581196,8.0,0.3937751554038006,0.3711279093379331,0.5099046361439813,0.5108992638232294,0.5125444263622657,0.5099046361439813,0.5267508659233906,16.494043140065394,-0.014852812226301637
23.51,18.51,105.21725827084757,1.0008615249701491,60.051691498208946,3603.101489892537,6.129938751333507,0.2665190761449351,8.01033829964179,0.3482755782452952,8.0,0.3947751554038007,0.37189893677147273,0.511639452250848,0.5126300717592734,0.5143139529822067,0.511639452250848,0.5278452039078128,16.49931612041455,-0.014599383656211273
23.52,18.52,105.22023254385329,1.000716798152182,60.04300788913093,3602.580473347856,6.160837238653197,0.2678624886370955,8.008601577826184,0.34820006860113845,8.0,0.39577515540380054,0.372675609632625,0.5133518987641188,0.5143408008522989,0.5160611991538924,0.5133518987641188,0.5289475545849175,16.504600084207013,-0.01434600480626358
23.53,18.53,105.22266598535566,1.0005746048740238,60.03447629244143,3602.068577546486,6.191759679139433,0.2692069425712797,8.006895258488285,0.3481258808038385,8.0,0.39677515540380065,0.3734577662315938,0.5150419246035209,0.5160279017844823,0.517786114353044,0.5150419246035209,0.5300576884644458,16.50989511042226,-0.014092675874039173
23.54,18.54,105.22456814562074,1.0004349446347014,60.026096678082084,3601.565800684925,6.222706052424327,0.2705524370619273,8.005219335616417,0.3480530145920181,8.0,0.3977751554038005,0.37424525036425943,0.5167094787777968,0.5176919298549064,0.5194886472313598,0.5167094787777968,0.5311753838420921,16.51520127578379,-0.013839397197202175
23.55,18.55,105.22594857312701,1.0002978169300798,60.01786901580479,3601.0721409482876,6.2536763672378815,0.2718989724886035,8.003573803160958,0.3479814697026503,8.0,0.3987751554038006,0.3750379111693501,0.5183545103798582,0.5193351690379041,0.5211687456216998,0.5183545103798582,0.5323004265967851,16.520518654835985,-0.013586168604426518
23.56,18.56,105.22681681428303,1.0001632212626128,60.00979327575677,3600.587596545406,6.284670648834657,0.27324654994933295,8.001958655151354,0.3479112458761458,8.0,0.39977515540380043,0.375835603058503,0.519976968490774,0.5209550139609272,0.5228263594400671,0.519976968490774,0.5334326100914216,16.525847320019427,-0.013332989623414448
23.57,18.57,105.22718241365796,1.0000311571376115,60.00186942825669,3600.1121656954015,6.315688943798069,0.27459517146948126,8.000373885651339,0.347842342854406,8.0,0.4007751554038006,0.37663818541012095,0.5215768022149714,0.5225510646294962,0.524461438010368,0.5215768022149714,0.5345717347383493,16.531187341743575,-0.013079860104014074
23.580000000000002,18.580000000000002,105.2270549141288,0.9999016240605324,59.994097443631944,3599.6458466179165,6.346731323534394,0.2759448401536693,7.998819488726388,0.3477747603794082,8.0,0.4017751554038007,0.3774455224074698,0.5231539607060702,0.5241262055253983,0.5260739288986718,0.5231539607060702,0.535717607769575,16.536538788456117,-0.01282677958045042
23.59,18.59,105.22644385661879,0.9997746215460025,59.98647729276015,3599.188637565609,6.377797872632129,0.2772955596796578,7.9972954585520295,0.34770849819791433,8.0,0.4027751554038005,0.37825748298575823,0.5247083930780276,0.5256794479569187,0.5276637813325699,0.5247083930780276,0.5368700431616533,16.541901726710773,-0.012573746990760526
23.6,18.6,105.22535878007582,0.9996501491207171,59.97900894724303,3598.7405368345817,6.408888685121986,0.2786473341357385,7.995801789448606,0.34764355606298286,8.0,0.40377515540380066,0.3790739406670232,0.5262400483758601,0.527207352937771,0.5292309458601149,0.5262400483758601,0.5380288614013361,16.547276221233588,-0.012320761530276059
23.61,18.61,105.22380922185462,0.999528206315397,59.97169237892382,3598.3015427354294,6.440003874842097,0.2800001684713955,7.994338475784763,0.3475799337297723,8.0,0.4047751554038005,0.3798947732669388,0.5277488756530218,0.5287117892128043,0.530775370919849,0.5277488756530218,0.5391938890694385,16.55266233498594,-0.012067822692607422
23.62,18.62,105.2218047176684,0.9994087926668649,59.964527560011895,3597.8716536007137,6.471143572758802,0.28135406838081745,7.992905512002378,0.34751763095662513,8.0,0.4057751554038006,0.38071986285831294,0.5292348239508095,0.5301970111804153,0.5322970038730377,0.5292348239508095,0.5403649587890293,16.558060129225233,-0.01181492930400907
23.63,18.63,105.21935480127733,0.9992919077293168,59.957514463759004,3597.45086782554,6.502307912429704,0.2827090396708567,7.9915028927518,0.34745664751094785,8.0,0.40677515540380044,0.3815490956861515,0.5306978421872441,0.5316580810209846,0.5337957949917544,0.5306978421872441,0.5415419091048794,16.5634696635647,-0.011562079991733754
23.64,18.64,105.21646900483294,0.9991775510670302,59.950653064021814,3597.039183841309,6.533497039400925,0.28406508866960545,7.9901306128043625,0.34739698316540707,8.0,0.4077751554038006,0.38238236193504815,0.5321378792272886,0.5330943667692474,0.5352716934432975,0.5321378792272886,0.5427245841533124,16.56889099603099,-0.011309273818589816
23.650000000000002,18.650000000000002,105.21315685898458,0.999065722252945,59.9439433351767,3596.6366001106016,6.564711113036119,0.28542222230591824,7.98878866703534,0.3473386376971887,8.0,0.4087751554038007,0.38321955560726484,0.5335548838960421,0.534510024569954,0.5367246472702094,0.5335548838960421,0.5439128334891611,16.574324183119202,-0.011056509539685067
23.66,18.66,105.20942789267552,0.9989564208762366,59.937385252574195,3596.2431151544515,6.595950296746979,0.2867804476846513,7.987477050514838,0.3472816108919495,8.0,0.40977515540380055,0.3840605744664611,0.5349488049040358,0.5359021281809448,0.538154605720644,0.5349488049040358,0.5451065120059015,16.579769279846676,-0.010803785655959075
23.67,18.67,105.20529163332252,0.9988496465398259,59.93097879238955,3595.8587275433733,6.627214761201786,0.28813977222616466,7.98619575847791,0.34722590254251784,8.0,0.41077515540380066,0.38490531985667953,0.5363195908705174,0.5372698197860586,0.5395615178148006,0.5363195908705174,0.5463054796787348,16.5852263398051,-0.01055110096280032
23.68,18.68,105.20075760699727,0.9987453988569807,59.92472393141884,3595.4834358851303,6.658504688705941,0.28950020385678005,7.984944786283767,0.3471715124471203,8.0,0.4117751554038005,0.3857536965695842,0.5376671903559291,0.5386159503581333,0.5409453314035658,0.5376671903559291,0.5475096013761543,16.590695415210373,-0.010298454071353547
23.69,18.69,105.19583533823418,0.9986436774583988,59.91862064750393,3595.1172388502355,6.689820264065746,0.29086175061155417,7.983724129500786,0.34711844041307766,8.0,0.4127751554038006,0.38660561280173095,0.5389915517920791,0.5399388535020262,0.5423059953682328,0.5389915517920791,0.5487187467992999,16.59617655695125,-0.010045843268166266
23.7,18.7,105.19053435014253,0.9985444819916174,59.912668919497044,3594.7601351698227,6.72116167534789,0.29222442066729953,7.982533783899408,0.347066686256496,8.0,0.41377515540380044,0.38746098000676227,0.540292623486895,0.5412369037116467,0.5436434588450119,0.540292623486895,0.5499327902721728,16.601669814636605,-0.009793267159110997
23.71,18.71,105.18486416468622,0.9984478121152166,59.906868726913,3594.41212361478,6.7525291213533025,0.29358822266753487,7.9813737453826,0.34701624979924345,8.0,0.41477515540380056,0.38831971273887494,0.5415703536801952,0.5425124244395052,0.5449576694191085,0.5415703536801952,0.5511516105194673,16.607175236640565,-0.009540724426500446
23.72,18.72,105.17883430258104,0.9983536675030873,59.90122005018524,3594.0732030111144,6.783922806112072,0.29495316548313355,7.9802440100370475,0.346967130871176,8.0,0.4157751554038004,0.3891817286117425,0.542824690501465,0.543766635471391,0.5462485747740413,0.542824690501465,0.5523750906082666,16.6126928701462,-0.009288213199127426
23.73,18.73,105.17245428312758,0.9982620478512341,59.89572287107404,3593.7433722644428,6.815342930108066,0.2963192578307855,7.979144574214809,0.34691932931368735,8.0,0.4167751554038005,0.3900469482390886,0.544055581902622,0.5449952305712944,0.5475161243331894,0.544055581902622,0.5536031178636985,16.618222761188562,-0.009035731705282046
23.740000000000002,18.740000000000002,105.16573362463248,0.9981729528689816,59.89037717213889,3593.4226303283335,6.846789701619943,0.2976865087660845,7.978075434427778,0.3468728449751208,8.0,0.41777515540380067,0.3909152950271446,0.5452629757426948,0.5461985291083411,0.5487602661609357,0.5452629757426948,0.5548355835743649,16.623764954695755,-0.008783278657006122
23.75,18.75,105.158681844472,0.998086382278094,59.88518293668564,3593.1109762011383,6.87826333785637,0.29905492773288567,7.977036587337128,0.3468276777103099,8.0,0.4187751554038005,0.39178669512505704,0.5464468197960611,0.5473815886146884,0.5499809468740671,0.5464468197960611,0.5560723829219536,16.629319494528236,-0.008530852376459563
23.76,18.76,105.151308458859,0.9980023358214524,59.88014014928714,3592.8084089572285,6.909764053763869,0.30042452407668996,7.976028029857428,0.34678382738510555,8.0,0.4197751554038006,0.39266107738521344,0.5476070616669027,0.5485413072662302,0.5511781147673445,0.5476070616669027,0.5573134149249283,16.63488642351747,-0.008278450891197053
23.77,18.77,105.14362298303237,0.9979208132602702,59.87524879561621,3592.5149277369724,6.941292065617809,0.3017953072007743,7.975049759123241,0.34674129387492353,8.0,0.42077515540380045,0.39353837323568913,0.5487436488154407,0.5496749274295963,0.55235171803851,0.5487436488154407,0.5585585822574887,16.640465783503384,-0.008026072591775346
23.78,18.78,105.13563493148263,0.9978418143696169,59.87050886217702,3592.230531730621,6.972847596797504,0.3031672868172828,7.974101772435404,0.34670007706240885,8.0,0.4217751554038006,0.39441851657046584,0.5498565286009139,0.5507864923433151,0.5535017037091522,0.5498565286009139,0.5598077910937559,16.64605761537014,-0.0077737158486499425
23.79,18.79,105.12735381783546,0.9977653389432971,59.865920336597824,3591.9552201958695,7.004430871492778,0.304540472673599,7.973184067319565,0.34666017683998107,8.0,0.4227751554038004,0.39530144371568643,0.5509456482333471,0.5518749776431155,0.5546280191972155,0.5509456482333471,0.5610609510598762,16.651661959080908,-0.007521378743227558
23.8,18.8,105.11878915490789,0.9976913867947524,59.86148320768515,3591.6889924611087,7.036042113541489,0.3059148745018039,7.97229664153703,0.34662159311030566,8.0,0.42377515540380056,0.3961870933384314,0.5520109547638201,0.5529380178008344,0.5557306122000659,0.5520109547638201,0.5623179751045455,16.65727885371173,-0.007269059553905777
23.81,18.81,105.10995045495467,0.997619957752219,59.85719746513314,3591.4318479079884,7.06768155267781,0.30729050229033955,7.971439493026628,0.3465843257837664,8.0,0.42477515540380034,0.39707540633588645,0.5530523951309532,0.5539781104030571,0.5568094294282058,0.5530523951309532,0.5635787793417024,16.66290833748396,-0.007016756623173137
23.82,18.82,105.1008472295952,0.9975510516622891,59.85306309973735,3591.183785984241,7.099349419939003,0.3086673660843045,7.970612619947468,0.3465483747803247,8.0,0.4257751554038005,0.3979663258019288,0.5540699161255787,0.5549952692119507,0.5578644177338971,0.5540699161255787,0.5648432830031032,16.668550447795685,-0.00676446796884278
23.830000000000002,18.830000000000002,105.09148898979147,0.9974846683928421,59.84908010357053,3590.944806214232,7.131045943885699,0.31004547582111736,7.969816020714106,0.34651374003104807,8.0,0.4267751554038007,0.3988597969634596,0.5550634643612924,0.5559868501687385,0.5588955246075449,0.5550634643612924,0.5661114083479566,16.67420522125244,-0.006512191764358022
23.84,18.84,105.08188524615447,0.9974208078270018,59.84524846962011,3590.714908177207,7.162771358400997,0.3114248416696086,7.969049693924022,0.3464804214749575,8.0,0.42777515540380046,0.3997557670557736,0.5560329863324821,0.5569542023159313,0.5599026964962912,0.5560329863324821,0.5673830804860338,16.67987269369661,-0.006259926438623609
23.85,18.85,105.07204550895004,0.9973594698640698,59.84156819184419,3590.4940915106513,7.194525901487389,0.3128054739777126,7.968313638368836,0.3464484190595146,8.0,0.4287751554038006,0.4006541852915162,0.5569784284048078,0.5579001639409261,0.5608858792531923,0.5569784284048078,0.5686582273336072,16.68555290023571,-0.006007670022448508
23.86,18.86,105.06197928792803,0.9973006544265529,59.838039265593174,3590.2823559355907,7.226309806203013,0.3141873828783919,7.9676078531186345,0.34641773274428844,8.0,0.4297751554038004,0.4015550028291748,0.5578997367458114,0.5588206889024293,0.5618450200486126,0.5578997367458114,0.5699367795687305,16.69124587527022,-0.005755420473875006
23.87,18.87,105.0516960926197,0.9972443614545922,59.83466168727553,3590.0797012365315,7.258123307853759,0.31557057860233734,7.9669323374551055,0.34638836249804805,8.0,0.43077515540380057,0.402458172656829,0.5587968573782927,0.55971452250422,0.5627800654538033,0.5587968573782927,0.5712186704662419,16.696951652520394,-0.005503176165575496
23.88,18.88,105.0412054324867,0.9971905909032415,59.83143545419449,3589.8861272516697,7.289966647506349,0.3169550716307108,7.966287090838898,0.3463603082973434,8.0,0.43177515540380035,0.4033636495317557,0.5596697362063212,0.5605862672159294,0.563690960839363,0.5596697362063212,0.5725038358120443,16.702670265051783,-0.005250935354510489
23.89,18.89,105.03051681680033,0.9971393427475019,59.828360564850115,3589.701633891007,7.321840065496927,0.31834087241290987,7.965672112970022,0.3463335701291314,8.0,0.4327751554038005,0.4042713899606502,0.5605183189655182,0.5614356103734165,0.5645776520940912,0.5605183189655182,0.5737922138750331,16.70840174530022,-0.004998695974919087
23.900000000000002,18.900000000000002,105.01963975468516,0.9970906169837431,59.82543701902459,3589.5262211414756,7.353743799600997,0.31972799128699986,7.965087403804916,0.3463081479915181,8.0,0.4337751554038007,0.40518135213440487,0.5613425512082596,0.5622580302565485,0.5654400855681083,0.5613425512082596,0.5750837453145249,16.714146125096168,-0.004746456150733991
23.91,18.91,105.0085837553795,0.9970444136244871,59.82266481746923,3589.359889048154,7.385678091768792,0.3211164387725562,7.964532963493846,0.3462840418910368,8.0,0.43477515540380046,0.4060934958420884,0.562142378353814,0.5630564349213633,0.5662782067044454,0.562142378353814,0.5763783730581672,16.71990343568803,-0.004494214157460874
23.92,18.92,104.99735832820878,0.997000732700594,59.82004396203564,3589.202637722138,7.417643185308554,0.322506225448198,7.964008792407127,0.34626125184378814,8.0,0.43577515540380063,0.407007782445116,0.5629177456665093,0.5638322470757725,0.5670919608009191,0.5629177456665093,0.5776760422652771,16.725673707764646,-0.0042419680175953545
23.93,18.93,104.98597298256772,0.9969595742641353,59.81757445584812,3589.054467350887,7.449639321184049,0.3238973617906108,7.963514891169623,0.34623977787694016,8.0,0.43677515540380046,0.4079241748338937,0.5636685982268774,0.5645819001365887,0.5678812935347392,0.5636685982268774,0.5789767002653058,16.731456971477296,-0.003989715817766637
23.94,18.94,104.97443722815247,0.9969209383842386,59.81525630305431,3588.915378183259,7.481666743383043,0.3252898584079584,7.963051260610863,0.34621962002655926,8.0,0.43777515540380063,0.408842637346842,0.5643948809713558,0.5653069290444287,0.5686461499583806,0.5643948809713558,0.580280296442906,16.73725325646084,-0.0037374558109988243
23.95,18.95,104.96276057498073,0.9968848251479153,59.81308950887492,3588.785370532495,7.513725697852956,0.3266837259936068,7.962617901774983,0.34620077833804275,8.0,0.4387751554038004,0.40976313574175244,0.5650965386837166,0.5660091509252723,0.5693864748247061,0.5650965386837166,0.5815867821972788,16.743062591854038,-0.0034851860137123936
23.96,18.96,104.9509525333302,0.9968512346639644,59.811074079837866,3588.664444790272,7.545816427469293,0.32807897510736056,7.962214815967572,0.3461832528681553,8.0,0.4397751554038006,0.41068563716782425,0.5657735159562622,0.5666853569668014,0.5701022133714686,0.5657735159562622,0.5828961109024838,16.748885006319536,-0.0032329044546273167
23.97,18.97,104.9390226139841,0.9968201670588227,59.80921002352936,3588.5526014117618,7.577939177398955,0.3294756164086502,7.961842004705872,0.346167043682864,8.0,0.44077515540380036,0.41161011008295006,0.5664257572293347,0.5673358097592296,0.5707933103028402,0.5664257572293347,0.5842082377900412,16.754720528062997,-0.002980609410300872
23.98,18.98,104.92698032830056,0.9967916224757584,59.8074973485455,3588.44984091273,7.610094196145379,0.330873660701973,7.961499469709099,0.34615215085691736,8.0,0.4417751554038005,0.4125365242244192,0.5670532067987806,0.5679639869327295,0.5714597097076249,0.5670532067987806,0.5855231199073497,16.760569184851484,-0.0027282989663106605
23.990000000000002,18.990000000000002,104.91483518812495,0.9967656010794965,59.80593606476979,3588.3561638861875,7.642281729585354,0.33227311867762405,7.961187212953958,0.34613857447625906,8.0,0.4427751554038007,0.41346485058877863,0.5676558087701131,0.5685672592524401,0.5721013561873405,0.5676558087701131,0.5868407160891033,16.766431004031467,-0.002475971055012849
24.0,19.0,104.90259670593565,0.9967421030546582,59.80452618327949,3588.2715709967697,7.6745020229927565,0.3336740009996851,7.960905236655898,0.34612631463721294,8.0,0.44377515540380047,0.4143950613744686,0.5682335070728867,0.5691428141437245,0.5727181942388169,0.5682335070728867,0.588160986875872,16.77230601254629,-0.0022236238495025873
24.01,19.01,104.89027439503265,0.9967211286025064,59.80326771615039,3588.1960629690234,7.706755325245734,0.3350763184889449,7.960653543230077,0.34611537144478594,8.0,0.44477515540380064,0.4153271299241989,0.5687862454917061,0.5696940214224926,0.5733101676359111,0.5687862454917061,0.589483894432316,16.77819423695283,-0.0019712555861914893
24.02,19.02,104.87787776950782,0.9967026779429343,59.80216067657606,3588.1296405945636,7.739041886265472,0.3364800820115423,7.960432135315212,0.3461057450137049,8.0,0.44577515540380047,0.416261030713851,0.5693139676464563,0.5702235224700736,0.5738772199987656,0.5693139676464563,0.590809402531433,16.78409570343765,-0.0017188642460581605
24.03,19.03,104.8654163442345,0.9966867513175852,59.801205079055116,3588.072304743307,7.771361952999287,0.33788530230431685,7.960241015811023,0.34609743547004446,8.0,0.4467751554038006,0.4171967393185983,0.5698166169609573,0.5707257265385841,0.5744192953513907,0.5698166169609573,0.5921374765064726,16.79001043783284,-0.001466447853275099
24.04,19.04,104.8528996350863,0.9966733489858687,59.80040093915212,3588.024056349127,7.8037157745723675,0.3392919901987986,7.960080187830424,0.34609044294914887,8.0,0.4477751554038004,0.41813423235434377,0.5702941367010606,0.5712018151950268,0.5749363371969805,0.5702941367010606,0.5934680831678176,16.79593846563121,-0.0012140046116471126
24.05,19.05,104.84033715897276,0.9966624712253522,59.79974827352113,3587.984896411268,7.836103601788045,0.3407001565994802,7.959949654704227,0.34608476759583595,8.0,0.4487751554038006,0.4190734874554487,0.5707464699703569,0.5716554304197675,0.575428288744174,0.5707464699703569,0.594801190771373,16.801879812000905,-0.0009615325731502367
24.060000000000002,19.060000000000002,104.82773843382854,0.9966541183344056,59.79924710006434,3587.9548260038605,7.868525683724816,0.3421098123358616,7.959849420012867,0.34608040956577685,8.0,0.44977515540380075,0.420014483252099,0.5711735596836591,0.5720825223290277,0.5758950933130359,0.5711735596836591,0.5961367689864419,16.807834501799697,-0.0007090297694389847
24.07,19.07,104.81511297877964,0.9966482906299634,59.798897437797805,3587.9338462678684,7.900982270635499,0.34352096828849993,7.959779487559561,0.34607736902432873,8.0,0.45077515540380053,0.42095719931963066,0.5715753485879869,0.5724833548935558,0.5763366939243542,0.5715753485879869,0.5974747888238021,16.813802559588748,-0.00045649436802364107
24.080000000000002,19.080000000000002,104.80247031421088,0.9966449884470453,59.79869930682272,3587.921958409363,7.93347361457327,0.3449336354162291,7.959739861364543,0.3460756461462845,8.0,0.4517751554038007,0.4219016161533745,0.5719517792667538,0.5728609589740412,0.5767530333045146,0.5719517792667538,0.5988152226000025,16.81978400964587,-0.0002039244321139222
24.09,19.09,104.78981996175145,0.996644212141321,59.79865272847926,3587.9191637087556,7.96599996609083,0.3463478246126448,7.959730545695852,0.34607524111721094,8.0,0.45277515540380053,0.4228477151525238,0.5723027941141143,0.5732124432311619,0.5771440542095927,0.5723027941141143,0.6001580439144657,16.82577887597844,4.8682026822177704e-05
24.1,19.1,104.77717144442236,0.9966459620875817,59.7987577252549,3587.9254635152943,7.998561576227063,0.347763546792481,7.959751545050981,0.34607615413265136,8.0,0.4537751554038007,0.42379547857452105,0.5726283353489903,0.5735368989508794,0.5775096991738828,0.5726283353489903,0.6015032275847485,16.831787182335937,0.00030132685810002613
24.11,19.11,104.76453428673514,0.996650238678483,59.79901432070898,3587.940859242539,8.031158698138144,0.34918081296252806,7.959802864141796,0.3460783853974694,8.0,0.4547751554038005,0.42474488950562256,0.5729283450267877,0.5738375820860778,0.577849910426919,0.5729283450267877,0.602850749604763,16.837808952221884,0.0005540119468108173
24.12,19.12,104.7519180146882,0.996657042326518,59.79942253959108,3587.9653523754646,8.063791584559294,0.3505996341112737,7.959884507918216,0.34608193512687896,8.0,0.45577515540380065,0.42569593184815097,0.5732027650196068,0.5741139330500963,0.5781646301262215,0.5732027650196068,0.6042005871266847,16.843844208905544,0.0008067393027886283
24.13,19.13,104.7393321558352,0.9966663734645388,59.79998240787233,3587.9989444723396,8.096460487145302,0.3520200211802305,7.959996481574466,0.3460868035467159,8.0,0.4567751554038005,0.4266485902940112,0.5734515370104099,0.5743619263837095,0.5784538002802659,0.5734515370104099,0.6055527184233616,16.849892975433292,0.0010595108521300745
24.14,19.14,104.72678623945092,0.9966782325435607,59.80069395261364,3588.0416371568185,8.12916565931967,0.3534419851878117,7.960138790522729,0.34609299089229256,8.0,0.4577751554038006,0.42760285027879075,0.5736746025135544,0.5745834075375449,0.5787173626686221,0.5736746025135544,0.6069071228231692,16.855955274639527,0.0013123284300036175
24.150000000000002,19.150000000000002,104.71428979654871,0.9966926200331387,59.801557201988324,3588.0934321192995,8.16190735579362,0.35486553720841824,7.960311440397665,0.3461004974085941,8.0,0.4587751554038008,0.4285586979734551,0.5738719028708477,0.5747829979530887,0.5789552588875195,0.5738719028708477,0.6082637806982223,16.862031129157135,0.0015651939938052806
24.16,19.16,104.70185235990884,0.9967095364234367,59.802572185406206,3588.154331124372,8.194685829910993,0.35629068825699967,7.9605144370812395,0.34610932335135824,8.0,0.4597751554038006,0.42951612026602537,0.5740433792305583,0.5749554695753591,0.5791674303730345,0.5740433792305583,0.6096226734383706,16.868120561427816,0.001818109522218947
24.17,19.17,104.68948346421556,0.996728982223583,59.80373893341498,3588.2243360048988,8.227501335784812,0.3577174493819484,7.960747786682996,0.3461194689862172,8.0,0.46077515540380076,0.43047510472576034,0.5741889725626861,0.5751000779742611,0.5793538183645199,0.5741889725626861,0.6109837834003609,16.87422359371201,0.002071076898438662
24.18,19.18,104.67719264612056,0.9967509579614056,59.805057477684336,3588.30344866106,8.260354128649599,0.35914583168041736,7.961011495536867,0.3461309345885594,8.0,0.46177515540380054,0.43143563958298337,0.574308623661022,0.5752213705630541,0.579514363985316,0.574308623661022,0.6123470938792047,16.880340248098406,0.002324098048163137
24.19,19.19,104.66498944428005,0.9967754641845462,59.80652785107277,3588.391671064366,8.293244463435752,0.360575846236337,7.961305570214553,0.346143720444111,8.0,0.4627751554038007,0.4323977137169352,0.5744022731317019,0.5753162577950547,0.5796490080918402,0.5744022731317019,0.6137125890909383,16.88647054651326,0.0025771749288097112
24.2,19.2,104.65288339946079,0.9968025014599817,59.808150087598904,3588.489005255934,8.326172595404296,0.36200750414801286,7.961630017519781,0.3461578268486861,8.0,0.4637751554038005,0.4333613166265882,0.5744698613970605,0.5753835325543896,0.5797576913489028,0.5744698613970605,0.6150802541311976,16.89261451072937,0.0028303094520438776
24.21,19.21,104.64088405461295,0.996832070373587,59.80992422241522,3588.595453344913,8.359138780722496,0.363440816553152,7.9619848444830446,0.34617325410795846,8.0,0.46477515540380065,0.43432643840869056,0.5745113286993213,0.5754264339036785,0.5798403543875961,0.5745113286993213,0.6164500749440566,16.898772162374748,0.0030835035425766932
24.22,19.22,104.62900095491496,0.9968641715308333,59.81185029185,3588.711017511,8.392143275575119,0.36487579459022257,7.9623700583699994,0.34619000253782606,8.0,0.4657751554038005,0.4352930697481183,0.5745266150932746,0.575443384426529,0.5798969375191463,0.5745266150932746,0.6178220383083334,16.904943522941007,0.003336759153576452
24.23,19.23,104.61724364786905,0.9968988055566587,59.81392833339952,3588.835700003971,8.425186336348837,0.3663124494064712,7.962785666679904,0.34620807246434365,8.0,0.4667751554038006,0.43626120189447726,0.574515660446758,0.5754322923003582,0.5799273807589316,0.574515660446758,0.6191961318043805,16.911128613791572,0.0035900782125466435
24.240000000000002,19.240000000000002,104.60562168338338,0.9969359730950843,59.81615838570506,3588.9695031423034,8.45826822014334,0.3677507921801452,7.963231677141011,0.34622746422352224,8.0,0.4677751554038008,0.4372308266363149,0.5744784044436938,0.5753956198889348,0.5799316242185136,0.5744784044436938,0.6205723437774839,16.91732745616948,0.003843462643395412
24.25,19.25,104.59414461381493,0.9969756748095265,59.81854048857159,3589.1124293142957,8.491389184378981,0.369190834103434,7.963708097714319,0.3462481781614921,8.0,0.4687751554038006,0.43820193629290044,0.5744147865806332,0.5753349043709353,0.5799096078438392,0.5744147865806332,0.6219506633261958,16.923540071204997,0.004096914389371875
24.26,19.26,104.58282199405535,0.9970179113828718,59.82107468297231,3589.2644809783387,8.52454948671652,0.3706325863789791,7.964214936594461,0.3462702146345418,8.0,0.46977515540380077,0.439174523702218,0.5743247461653945,0.5752455552945732,0.5798612709105626,0.5743247461653945,0.6233310802852925,16.929766479923057,0.004350435390691132
24.27,19.27,104.5716633816295,0.9970626835173404,59.823761011040425,3589.4256606624253,8.55774938525537,0.3720760602284943,7.964752202208084,0.34629357400904714,8.0,0.47077515540380055,0.4401485821891364,0.5742082223174302,0.575127890099907,0.5797865528150818,0.5742082223174302,0.6247135851805983,16.936006703250385,0.004604027585912718
24.28,19.28,104.56067833672566,0.99710999193459,59.826599516075404,3589.5959709645244,8.5909891384079,0.37352126688730003,7.96531990321508,0.3463182566615252,8.0,0.4717751554038007,0.4411241055564092,0.5740651539665006,0.5749874006713683,0.579685393168999,0.5740651539665006,0.6260981692162105,16.94226076202237,0.0048576929149888315
24.29,19.29,104.54987642228762,0.9971598373756403,59.829590242538416,3589.775414552305,8.6242690050148,0.37496821760933907,7.9659180485076835,0.34634426297859494,8.0,0.47277515540380055,0.44210108807609644,0.5738954798528059,0.5748208070795955,0.579557730863365,0.5738954798528059,0.6274848242623248,16.948528676989763,0.005111433307320112
24.3,19.3,104.53926720410664,0.9972122206007363,59.83273323604418,3589.9639941626506,8.657589244540755,0.376416923675685,7.966546647208836,0.3463715933569059,8.0,0.4737751554038007,0.44307952446982973,0.5736991385275579,0.5746235277993486,0.5794035044390295,0.5736991385275579,0.6288735428272244,16.95481046882521,0.005365250710106295
24.310000000000002,19.310000000000002,104.52886025087176,0.9972671423898424,59.83602854339054,3590.1617126034325,8.690950116455491,0.37786739636763006,7.967205708678108,0.346400248203396,8.0,0.47477515540380083,0.44405940988796927,0.5734760683474541,0.5744005503957738,0.5792226527913149,0.5734760683474541,0.6302643180276977,16.961106158129486,0.0056191470852908765
24.32,19.32,104.51866513422794,0.9973246035424421,59.83947621254653,3590.368572752792,8.72435188050177,0.37931964697833787,7.9678952425093055,0.3464302279351872,8.0,0.47577515540380066,0.4450407399042935,0.573226207476269,0.5741546602463302,0.5790151146060385,0.573226207476269,0.6316571435815008,16.96741576543753,0.005873124356178039
24.330000000000002,19.330000000000002,104.50869142889644,0.9973846048769658,59.843076292617944,3590.5845775570765,8.757794797458388,0.3807736868460168,7.96861525852359,0.3464615329792865,8.0,0.4767751554038008,0.4460235105036779,0.5729494938897307,0.5738788066321729,0.5787808277858604,0.5729494938897307,0.6330520137898699,16.97373931122439,0.006127184459693069
24.34,19.34,104.49894871271925,0.997447147231636,59.84682883389816,3590.8097300338895,8.791279128067982,0.3822295273073036,7.969365766779632,0.34649416377302744,8.0,0.4777751554038006,0.44700771806084894,0.5726458653664819,0.5735752204286676,0.5785197304857639,0.5726458653664819,0.634448923507366,16.980076815910873,0.006381329373503775
24.35,19.35,104.48944656670982,0.997512231464436,59.85073388786616,3591.04403327197,8.82480513308951,0.3836871796995439,7.970146777573231,0.34652812076405354,8.0,0.4787751554038008,0.4479933593329664,0.5723152594879937,0.5732478994083563,0.5782317608655527,0.5723152594879937,0.6358478681313473,16.98642829986907,0.006635561026435255
24.36,19.36,104.48019457517994,0.9975798584521648,59.85479150712989,3591.2874904277933,8.858373074541653,0.3851466554148545,7.970958301425977,0.3465634044098251,8.0,0.47977515540380056,0.4489804314505299,0.571957613647158,0.5728917626954496,0.5779168563035659,0.571957613647158,0.637248843589062,16.99279378342767,0.006889881351256122
24.37,19.37,104.47120232578217,0.997650029091461,59.85900174548766,3591.54010472926,8.891983214401126,0.3866079658435272,7.971800349097532,0.3466000151781536,8.0,0.4807751554038007,0.4499689318988016,0.5715728650375045,0.5725078391256323,0.5775749543370291,0.5715728650375045,0.6386518463112816,16.99917328687717,0.007144292339383185
24.38,19.38,104.46247940955651,0.9977227442989525,59.86336465793715,3591.801879476229,8.925635814424165,0.388071122366268,7.97267293158743,0.34663795354727955,8.0,0.4817751554038005,0.4509588585095034,0.5711609506513073,0.5720988662461511,0.5772059925972333,0.5711609506513073,0.6400568732205162,17.005566830474827,0.00739879591751702
24.39,19.39,104.45403542106932,0.9977980050098114,59.86788030058869,3592.0728180353212,8.959331138033265,0.3895361364362289,7.973576060117736,0.34667722000511897,8.0,0.48277515540380067,0.45195020945431574,0.5707218072931254,0.5716615010837199,0.5768099077982558,0.5707218072931254,0.6414639217217875,17.011974434449538,0.007653394007746783
24.400000000000002,19.400000000000002,104.44587995845244,0.9978758121791074,59.872548730746445,3592.352923844787,8.993069448595222,0.3910030195041401,7.974509746149288,0.34671781504996907,8.0,0.48377515540380084,0.45294298322686044,0.5702553715657533,0.571195887042954,0.5763866368081747,0.5702553715657533,0.6428729896770562,17.018396119006532,0.00790808863003889
24.41,19.41,104.43802262342729,0.9979561667824121,59.87737000694472,3592.6422004166834,9.026851008653265,0.3924717829849246,7.975474001388944,0.34675973919082365,8.0,0.4847751554038006,0.45393717863437794,0.5697615798638891,0.5707051041529728,0.575936116914054,0.5697615798638891,0.6442840753934097,17.024831904331883,0.008162881728040361
24.42,19.42,104.43047302146681,0.9980390698136681,59.882344188820085,3592.940651329205,9.060676082701116,0.3939424383783094,7.976468837764017,0.3468029929462616,8.0,0.4857751554038008,0.45493279479358584,0.5692403683944376,0.5701865727554345,0.5754582842551303,0.5692403683944376,0.6456971776171838,17.031281810596937,0.008417775178521936
24.43,19.43,104.42324076185814,0.9981245222859825,59.88747133715895,3593.248280229537,9.094544936184372,0.3954149972254075,7.977494267431789,0.3468475768448604,8.0,0.4867751554038006,0.45592983111628316,0.568691673167961,0.569638412190406,0.5749530746715494,0.568691673167961,0.6471122955135307,17.03774585796259,0.008672770994017753
24.44,19.44,104.4163354576936,0.9982125252335484,59.89275151401291,3593.5650908407742,9.128457833038109,0.39688947100165695,7.9785503028025815,0.3468934914261992,8.0,0.4877751554038008,0.45692828729645396,0.5681154299792911,0.5690637583730792,0.5744204248703139,0.5681154299792911,0.6485294286481142,17.0442240665834,0.008927871219462702
24.45,19.45,104.40976672597468,0.9983030797103716,59.898184782622295,3593.891086957338,9.162415037346715,0.39836587118898764,7.979636956524459,0.34694073724019386,8.0,0.48877515540380057,0.45792816330706637,0.5675115744195954,0.5684644923625967,0.5738602712390534,0.5675115744195954,0.6499485769825677,17.050716456611553,0.00918307771217286
24.46,19.46,104.40354418779818,0.9983961867877919,59.90377120726751,3594.2262724360507,9.196416816572487,0.3998442094161951,7.980754241453502,0.3469893148458044,8.0,0.48977515540380073,0.45892945939471347,0.5668800418999692,0.5678346894463119,0.5732725485250361,0.5668800418999692,0.6513697408668865,17.0572230482008,0.009438392377191462
24.47,19.47,104.39767746831988,0.9984918475579154,59.90951085347493,3594.5706512084957,9.230463437150535,0.4013244972674146,7.981902170694985,0.34703922481282545,8.0,0.4907751554038005,0.4599321760618048,0.5662207676170075,0.5671747204021891,0.5726571921968289,0.5662207676170075,0.6527929210141528,17.063743861510204,0.009693817316971831
24.48,19.48,104.39217619677129,0.9985900631341312,59.915403788047875,3594.9242272828724,9.264555163832839,0.4028067462536017,7.983080757609574,0.3470904677221554,8.0,0.4917751554038007,0.4609363140616751,0.5655336865474508,0.566491505560185,0.572014138530265,0.5655336865474508,0.6542181184935928,17.070278916707743,0.009949354494636964
24.490000000000002,19.490000000000002,104.38705000667348,0.9986908346478082,59.92145007886849,3595.2870047321094,9.298692263982183,0.4042909679992253,7.984290015773698,0.3471430441640738,8.0,0.4927751554038008,0.46194187439579415,0.5648187334798891,0.5657806811622318,0.5713433222351969,0.5648187334798891,0.6556453347266169,17.076828233973846,0.010205005756986907
24.5,19.5,104.38230853588912,0.998794163249271,59.92764979495626,3595.658987697376,9.33287500633784,0.4057771741886017,7.985529958991251,0.34719695473875006,8.0,0.4937751554038006,0.4629488583028864,0.5640758430044898,0.56503792294305,0.5706446776671761,0.5640758430044898,0.6570745714713769,17.083391833504834,0.010460773127974221
24.51,19.51,104.3779614265911,0.9989000501103676,59.934003006622056,3596.040180397323,9.36710365772175,0.40726537642268473,7.986800601324411,0.3472522000575831,8.0,0.4947751554038008,0.46395726724803465,0.5633049494873024,0.5642692953281827,0.5699181400682517,0.5633049494873024,0.6585058308073006,17.089969735516227,0.010716658650672173
24.52,19.52,104.37401832540588,0.9990084964222844,59.94050978533706,3596.4305871202237,9.40137848587905,0.40875558634256737,7.988101957067412,0.3473087807420614,8.0,0.49577515540380057,0.4649671029207068,0.5625059870912119,0.5634745952605238,0.5691636440585244,0.5625059870912119,0.6599391151322906,17.096561960245925,0.010972664204388138
24.53,19.53,104.37048888355001,0.9991195033944553,59.94717020366732,3596.8302122200394,9.435699760918338,0.41024781569210167,7.989434040733464,0.3473666974231941,8.0,0.49677515540380074,0.46597836722788927,0.5616788897858898,0.5626491379803762,0.5683811233757736,0.5616788897858898,0.6613744271529793,17.10316852795735,0.011228791771131341
24.54,19.54,104.36738275678316,0.9992330722577072,59.95398433546243,3597.2390601277457,9.470067751272046,0.4117420761422629,7.990796867092486,0.3474259507431516,8.0,0.4977751554038006,0.46699106228283715,0.5608235913164037,0.5617963886668353,0.5675705124657238,0.5608235913164037,0.6628117698687609,17.10978945894246,0.011485043403297368
24.55,19.55,104.36470960553324,0.9993492042625213,59.96095225575127,3597.6571353450763,9.50448272596234,0.413238379389667,7.992190451150255,0.3474865413543589,8.0,0.49877515540380074,0.4680051904026937,0.5599400252197982,0.5609165575136437,0.5667317453589262,0.5599400252197982,0.6642511465684132,17.116424773524646,0.011741420988691686
24.560000000000002,19.560000000000002,104.36247909504615,0.999467900677481,59.968074040648865,3598.084442438932,9.538944956636595,0.4147367372450694,7.993614808129771,0.3475484699186857,8.0,0.49977515540380085,0.4690207541032942,0.5590281248396066,0.5600067947087739,0.5658647551419826,0.5590281248396066,0.6656925608227224,17.1230744920616,0.01199792651431153
24.57,19.57,104.36070089532986,0.9995891627928074,59.975349767568446,3598.5209860541067,9.57345471302673,0.4162371614359448,7.9950699535136875,0.3476117371092908,8.0,0.5007751554038007,0.4700377560880957,0.5580878232906101,0.5590691160964291,0.5649694756745274,0.5580878232906101,0.667136016468771,17.12973863494806,0.012254562072229191
24.580000000000002,19.580000000000002,104.35938468126474,0.9997129919189256,59.98277951513553,3598.966770908132,9.608012264820491,0.41773966368784743,7.996555903027106,0.3476763436098742,8.0,0.5017751554038008,0.47105619924585923,0.5571190534724505,0.558104335831298,0.5640458406144203,0.5571190534724505,0.6685815176066473,17.136417222618437,0.012511329517479908
24.59,19.59,104.35854013281475,0.9998393893831571,59.99036336298943,3599.4218017793655,9.642617885964803,0.41924425591151315,7.9980726725978855,0.34774229011295155,8.0,0.5027751554038006,0.47207608664856493,0.556121748101382,0.5571095179071657,0.563093782003264,0.556121748101382,0.6700290685964879,17.14311027554945,0.01276823078530498
24.6,19.6,104.35817693493743,0.9999683565346318,59.998101392077906,3599.886083524674,9.677271848353696,0.42075094992842155,7.999620278415581,0.3478095773224166,8.0,0.5037751554038008,0.4730974215384791,0.5550958396614241,0.5560854393686541,0.5621132328312595,0.5550958396614241,0.67147867404012,17.149817814262633,0.013025268073420193
24.61,19.61,104.35830477760933,1.0000998947446256,60.005993684677534,3600.3596210806522,9.711974421404669,0.4222597574523769,8.001198736935507,0.34787820595371766,8.0,0.5047751554038006,0.4741202073251225,0.5540412604007642,0.5550354254502978,0.5611041269592093,0.5540412604007642,0.6729303387767593,17.156539859326717,0.013282443299665658
24.62,19.62,104.35893335614051,1.0002340054006251,60.01404032403751,3600.8424194422505,9.746725879761144,0.4237706904243976,8.002808064807502,0.34794817673076095,8.0,0.5057751554038007,0.47514444758631047,0.5529579423892077,0.5539560594812654,0.5600663958176689,0.5529579423892077,0.6743840678844861,17.163276431360025,0.013539758242927746
24.63,19.63,104.36007237114879,1.0003706899094842,60.02224139456905,3601.334483674143,9.78152649924817,0.42528376083687697,8.00444827891381,0.3480194903875569,8.0,0.5067751554038006,0.47617014605860164,0.551845817486562,0.5528450106159609,0.5589999707159712,0.551845817486562,0.675839866666689,17.170027551032778,0.013797215041101651
24.64,19.64,104.36173152847326,1.0005099497014471,60.03059698208683,3601.8358189252094,9.816376551696917,0.42679898050856163,8.006119396417365,0.3480921476703202,8.0,0.5077751554038007,0.47719730662862747,0.5507048173027418,0.5517063016632335,0.5579047847094069,0.5507048173027418,0.6772977406397586,17.176793239069312,0.01405481586196089
24.650000000000002,19.650000000000002,104.36392053935502,1.0006517862267235,60.039107173603405,3602.3464304162044,9.851276309389961,0.4283163612778244,8.007821434720682,0.34816614933568185,8.0,0.5087751554038008,0.4782259333338215,0.5495348732309253,0.5505416274721809,0.556780770231845,0.5495348732309253,0.6787576955341222,17.18357351625018,0.014312562513211446
24.66,19.66,104.36664912068665,1.0007962009517113,60.04777205710268,3602.8663234261608,9.886226049983495,0.42983591521667375,8.009554411420535,0.3482414961487189,8.0,0.5097751554038007,0.47925603036052733,0.5483359164837398,0.5493455227113518,0.5556278575814931,0.5483359164837398,0.6802197372915594,17.190368403414308,0.014570456923443942
24.67,19.67,104.36992699485292,1.0009431953651924,60.056591721911545,3603.3955033146926,9.921226048528533,0.4313576542838493,8.011318344382309,0.3483181888861873,8.0,0.5107751554038008,0.48028760203309157,0.5471078780320449,0.5481199435892902,0.5544459783179134,0.5471078780320449,0.6816838720497203,17.197177921461016,0.01482850127269586
24.68,19.68,104.37376388982959,1.0010927709771653,60.06556625862992,3603.9339755177953,9.956276578999754,0.4328815903912937,8.013113251725983,0.3483962283359123,8.0,0.5117751554038006,0.4813206528121208,0.5458506886159487,0.5468674450830089,0.5532350641666504,0.5458506886159487,0.6831501061396522,17.20400209135196,0.015086697465918064
24.69,19.69,104.37816953943661,1.001244929314511,60.074695758870654,3604.481745532239,9.991377919934031,0.4344077356493057,8.014939151774131,0.3484756152945274,8.0,0.5127751554038007,0.4823551872945767,0.5445642787865861,0.5455843145751484,0.5519950451981697,0.5445642787865861,0.6846184460859349,17.21084093411309,0.015345047439552673
24.7,19.7,104.38315368323799,1.0013996719259564,60.08398031555738,3605.038818933443,10.026530348047169,0.4359361020890074,8.016796063111476,0.3485563505700642,8.0,0.5137751554038006,0.4833912102041586,0.5432485788568736,0.5442715257295414,0.5507258522449014,0.5432485788568736,0.6860888985930296,17.217694470836484,0.015603553383343183
24.71,19.71,104.38872606659132,1.0015570003821779,60.09342002293067,3605.6052013758404,10.061734138123336,0.4374667016575363,8.018684004586135,0.34863843498200586,8.0,0.5147751554038007,0.48442872638858075,0.5419035189001096,0.5429311548171524,0.5494274166128427,0.5419035189001096,0.6875614705414148,17.22456272268216,0.015862217190331762
24.72,19.72,104.39489644095836,1.001716916269763,60.10301497618578,3606.180898571147,10.096989570851541,0.43899954655876267,8.020602995237155,0.34872186935813715,8.0,0.5157751554038005,0.4854677408219736,0.5405290288084728,0.5415602955257206,0.5480996674148509,0.5405290288084728,0.689036168990995,17.231445710879818,0.016121040731768232
24.73,19.73,104.40167456379426,1.0018794211968132,60.11276527180879,3606.7659163085273,10.132296925626674,0.44053464894029015,8.022553054361758,0.34880665453746773,8.0,0.5167751554038006,0.48650825859475927,0.5391250382374445,0.5401588616714382,0.5467425344467147,0.5391250382374445,0.69051300116673,17.238343456730608,0.016380044310892572
24.740000000000002,19.740000000000002,104.40907019844497,1.0020445171559809,60.122671029358855,3607.3602617615315,10.167645098425462,0.44207152601849836,8.02453420587177,0.3488927915596422,8.0,0.5177687962329877,0.4875501731014295,0.537691472975953,0.5387297111429481,0.5453559704569237,0.537691472975953,0.6919918157608298,17.245255980815248,0.01663919672257208
24.75,19.75,104.41709311476127,1.0022122051312645,60.13273230787587,3607.9639384725524,10.203048358490092,0.44361079819522137,8.026546461575174,0.34898028093805106,8.0,0.5187727585738231,0.48859362518898614,0.5362282688747632,0.5372709343451105,0.5439398759154418,0.5362282688747632,0.6934728126808689,17.252183303957455,0.016898424423693825
24.76,19.76,104.42575308897248,1.0023824856444548,60.142949138667284,3608.576948320037,10.238562226177033,0.44515487939900145,8.028589827733457,0.3490691229449329,8.0,0.5198013414120837,0.4896391682925308,0.5347353663826107,0.5357810334308878,0.542494080069956,0.5347353663826107,0.6949567774307441,17.259125451908016,0.01715800604095108
24.77,19.77,104.43505989933091,1.0025553652520836,60.15332191512501,3609.1993149075006,10.274071869299856,0.4466987769260807,8.030664383025002,0.34915932100108704,8.0,0.5207247375166889,0.49068568771809346,0.533212645602222,0.5342623536804707,0.5410187554028545,0.533212645602222,0.6964421278981994,17.26608244643466,0.017417082346341317
24.78,19.78,104.44502332139606,1.0027308272913815,60.16384963748289,3609.830978248973,10.30912968110212,0.4482230296131356,8.032769927496577,0.34925086641289466,8.0,0.5214796670688779,0.49172850664059686,0.5316602188584623,0.532714406945206,0.539514441325317,0.5316602188584623,0.6979222261516825,17.27305426820491,0.017672379705430785
24.79,19.79,104.45565302494816,1.0029088128461923,60.17452877077154,3610.4717262462923,10.343277582962067,0.4497077209983507,8.034905754154307,0.3493437284414916,8.0,0.5220848236039599,0.49276248385568117,0.5300786216448187,0.5311358483885061,0.5379814468926508,0.5300786216448187,0.6993897751548345,17.28004082821144,0.01792042620202494
24.8,19.8,104.46695832841063,1.003089235815422,60.18535414892532,3611.1212489355194,10.376145411900183,0.4511367570391384,8.037070829785064,0.34943786216456796,8.0,0.5225480265745779,0.4937831567004906,0.5284686633838851,0.5295290344292711,0.5364205191125768,0.5284686633838851,0.7008384409417513,17.287041969291923,0.018158473653627993
24.810000000000002,19.810000000000002,104.47894821022838,1.0032719823192648,60.19631893915589,3611.7791363493534,10.407424074822842,0.45249669890534094,8.039263787831178,0.34953320816657296,8.0,0.5228766369524888,0.4947864625455141,0.5268314332955959,0.5278945285923777,0.5348322980998893,0.5268314332955959,0.702262457323583,17.29405747378325,0.01838393431969365
24.82,19.82,104.49163123118818,1.0034569145018157,60.20741487010894,3612.4448922065367,10.436859400602744,0.45377649567838024,8.04148297402179,0.3496296945226865,8.0,0.5230775963575502,0.49576871445934834,0.5251682628260372,0.5262319719377541,0.5332175003890647,0.5251682628260372,0.7036565913489385,17.30108706902661,0.018594878911393664
24.830000000000002,19.830000000000002,104.50501532173496,1.0036438798974927,60.218632793849565,3613.117967630974,10.464237124496556,0.4549668314998503,8.043726558769912,0.34972724168564834,8.0,0.5231575239160758,0.4967265455761894,0.5234806332323971,0.5245438805196827,0.5315772317371588,0.5234806332323971,0.7050160643433152,17.308130432305074,0.01878987212722194
24.84,19.84,104.5191077857794,1.0038327119443602,60.22996271666161,3613.7977629996967,10.489381981944462,0.4560600861714983,8.045992543332321,0.3498257627535792,8.0,0.5231227208535018,0.49765690296021603,0.521770170425003,0.5228341806822575,0.5299128032317247,0.521770170425003,0.7063365432006679,17.31518719534279,0.018967406631489325
24.85,19.85,104.53391536870573,1.0040232280301224,60.241393681807345,3614.4836209084406,10.51216069850563,0.4570504651524187,8.04827873636147,0.34992516245049865,8.0,0.5229791496240196,0.4985570544848649,0.5200386641044784,0.5211011298306213,0.5282255312751004,0.5200386641044784,0.707614150147332,17.32225694880953,0.019126283053353177
24.86,19.86,104.54944409124913,1.0042152376054272,60.25291425632563,3615.174855379538,10.532468866313742,0.45793342897016276,8.050582851265126,0.3500253413593533,8.0,0.5227325172953303,0.49942453708669576,0.5182879876019377,0.5193448764441371,0.5265169486011279,0.5182879876019377,0.7088453892974758,17.329339246506756,0.019265886396880205
24.87,19.87,104.56569918669398,1.00440854575806,60.2645127454836,3615.870764729016,10.5502251127668,0.4587054396855131,8.052902549096721,0.350126197786814,8.0,0.5223883116372801,0.5002571319001808,0.5165200625031628,0.5175711742255976,0.5247887308768622,0.5165200625031628,0.7100271113613026,17.33643360901005,0.019385717613928932
24.88,19.88,104.58268514503717,1.0046029519577058,60.276177117462346,3616.570627047741,10.565373004745148,0.4593640436845716,8.05523542349247,0.35022762710836824,8.0,0.5219517879381242,0.5010528686253592,0.5147368709395196,0.5157847926364708,0.5230426519810483,0.5147368709395196,0.7111565198441692,17.343539527166076,0.019485219709835633
24.89,19.89,104.6004057460054,1.0047982501522568,60.287895009135404,3617.2737005481245,10.577880650836352,0.45990785438418924,8.057579001827081,0.35032952181856875,8.0,0.5214279695358411,0.5018100180215511,0.5129404544262856,0.5139818998871771,0.5212805354970571,0.5129404544262856,0.7122311603927307,17.350656465567262,0.019564102860705646
24.900000000000002,19.900000000000002,104.61886396315141,1.0049942340149198,60.29965404089519,3617.9792424537113,10.587732139178373,0.4603361799642771,8.059930808179038,0.3504317742686538,8.0,0.520821701354266,0.5025270561887435,0.5111328619517281,0.5121662987492903,0.5195042803679861,0.5111328619517281,0.7132488700986446,17.35778386571972,0.019622340747481815
24.91,19.91,104.63806198685924,1.0051906969672064,60.311441818032385,3618.6865090819433,10.594927333236981,0.46064901448856443,8.062288363606477,0.3505342766785425,8.0,0.5201376498650156,0.5032026598147337,0.5093161496090567,0.510342423190764,0.5177158265302301,0.5093161496090567,0.714207770752724,17.364921148923976,0.0196599261606778
24.92,19.92,104.6580012379602,1.0053874325381333,60.323245952288,3619.39475713728,10.599481126627026,0.4608470055055229,8.064649190457601,0.3506369213242435,8.0,0.5193803069054257,0.5038356997888136,0.5074923769218409,0.5085095711979877,0.5159171475916113,0.5074923769218409,0.7151062597806863,17.372067719076643,0.019676980164973656
24.93,19.93,104.67868235853334,1.0055842365705059,60.33505419423035,3620.103251653821,10.601419928968966,0.46093130125952025,8.06701083884607,0.35073960168895957,8.0,0.5185541906822131,0.5044252232670636,0.5056635848299911,0.5066710055410456,0.5141102236441271,0.5056635848299911,0.7159429847879873,17.379222965299483,0.019673739285046565
24.94,19.94,104.70010522475435,1.0057809073238342,60.346854439430054,3620.811266365803,10.600784592771998,0.46090367794660864,8.06937088788601,0.350842212516783,8.0,0.5176652799418647,0.5049704822882053,0.5038317945826856,0.5048297782760278,0.5122970244365015,0.5038317945826856,0.7167168841749972,17.3863862646443,0.019650515111884204
24.95,19.95,104.72226895696146,1.0059772468727435,60.358634812364606,3621.5180887418765,10.597609285018995,0.4607656210877824,8.071726962472923,0.35094465054230095,8.0,0.5167111947851037,0.5054707312831527,0.5019989936936152,0.5029860437011898,0.5104795675082965,0.5019989936936152,0.7174268997373836,17.39355698356386,0.019607728972815153
24.96,19.96,104.74517194349859,1.0061730619032905,60.37038371419743,3622.2230228518456,10.591970483364399,0.4605204557984522,8.074076742839486,0.3510468149060646,8.0,0.5157126854347526,0.5059257245483111,0.50016712783107,0.5011422036150514,0.5086597729482178,0.50016712783107,0.7180726827420599,17.40073448147626,0.019545901570928947
24.97,19.97,104.76881186058078,1.006368164904162,60.382089894249724,3622.9253936549835,10.584014836531692,0.4601745581100736,8.076417978849944,0.35114860777608453,8.0,0.5147115277366993,0.5063360058072813,0.49833808878716745,0.4993024799448151,0.5068393823865792,0.49833808878716745,0.7186550049091539,17.407918119914513,0.019466209789889888
24.98,19.98,104.79318568853611,1.0065623860990882,60.393743165945295,3623.6245899567175,10.573968549590939,0.45973776302569297,8.078748633189058,0.3512499405734373,8.0,0.5137115277366991,0.5067031053495972,0.4965135950575521,0.49746695505456295,0.5050201363492324,0.4965135950575521,0.7191760382158107,17.41510727513014,0.019370392845665663
24.990000000000002,19.990000000000002,104.81828978516057,1.0067555727610755,60.40533436566453,3624.3200619398717,10.562029020412481,0.4592186530614122,8.081066873132906,0.35135073361447416,8.0,0.5127115277366989,0.5070284327172171,0.49469519826363156,0.49563572475914636,0.5032038471842057,0.49469519826363156,0.7196377832592058,17.422301344237518,0.01925995982653461
25.0,20.0,104.84412000738881,1.006947585295619,60.416855117737136,3625.0113070642283,10.548374229672913,0.45862496650751794,8.083371023547427,0.3514509140672794,8.0,0.5117115277366991,0.5073133267411412,0.4928843215997667,0.49381251167302814,0.5013919772387943,0.4928843215997667,0.720042140274732,17.429499743855185,0.019136239426401858
25.01,20.01,104.8706717047723,1.0071382975496035,60.42829785297621,3625.6978711785723,10.53316479036559,0.45796368653763436,8.085659570595242,0.3515504161128366,8.0,0.510711527736699,0.5075590799574837,0.4910822567831855,0.49200050109535515,0.4995859269551981,0.4910822567831855,0.7203909437903254,17.436701909275513,0.019000558138081658
25.02,20.02,104.89793973264779,1.0073275964583805,60.43965578750283,3626.3793472501698,10.516544406607014,0.4572410611568267,8.087931157500567,0.3516491807608942,8.0,0.5097115277366991,0.5077669396023735,0.48929016750557497,0.4901971616624475,0.4977872179617926,0.48929016750557497,0.7206859640385508,17.443907293814657,0.018854070164714187
25.03,20.03,104.9259185672826,1.0075153789528977,60.45092273717386,3627.0553642304317,10.498643873563264,0.4564627771114463,8.090184547434772,0.35174715423629443,8.0,0.508711527736699,0.507938111160376,0.48750911967975175,0.4884041114670856,0.49599712831225196,0.48750911967975175,0.7209289119929639,17.451115368194817,0.018697745615121164
25.04,20.04,104.95460232781919,1.007701551370683,60.46209308224098,3627.725584934459,10.479581839787931,0.4556339930342579,8.092418616448196,0.3518442876716607,8.0,0.5077115277366993,0.508073759412825,0.4857400872000676,0.48662593713468444,0.49421681133743484,0.4857400872000676,0.7211214408560341,17.45832561995906,0.018532530625762433
25.05,20.05,104.98398477224137,1.0078860295654128,60.47316177392477,3628.3897064354865,10.459464667097867,0.4547593333520812,8.094632354784954,0.3519405371645632,8.0,0.506711527736699,0.5081750088384609,0.4839839508709741,0.484860444618152,0.49244735423524194,0.4839839508709741,0.7212651466277804,17.46553755289648,0.018359290226960923
25.060000000000002,20.060000000000002,105.01405936187756,1.0080687371752224,60.484124230513345,3629.047453830801,10.43838867044071,0.4538429856713353,8.096824846102669,0.35203586287402905,8.0,0.5057115277366989,0.5082429461084844,0.48224151534218096,0.48310747833778,0.49068974216301237,0.48224151534218096,0.7213615716470607,17.472750686487853,0.018178751080590416
25.07,20.07,105.0448192999832,1.0082496045870246,60.494976275221475,3629.6985765132886,10.41644145745563,0.45288875901980996,8.098995255044295,0.35213022848018677,8.0,0.5047115277366991,0.5082786217791808,0.4805135192372799,0.48137122804233234,0.4889448704502114,0.4805135192372799,0.7214122069939557,17.479964555381056,0.01799159419530838
25.080000000000002,20.080000000000002,105.07625752722186,1.0084285690591286,60.50571414354771,3630.342848612863,10.39370177087255,0.4519000769944587,8.101142828709543,0.352223601248241,8.0,0.5037115277366989,0.508283050556192,0.4788006339546133,0.4796511575590298,0.4872135603313038,0.4788006339546133,0.7214184928648562,17.48717870888035,0.017798466724023854
25.09,20.09,105.1083667514926,1.008605573921505,60.5163344352903,3630.9800661174177,10.370240523304329,0.45088002275236216,8.103266887058059,0.3523159516112199,8.0,0.5027115277366991,0.5082572127908871,0.4771034714883539,0.47794527452492364,0.48549656156848425,0.4771034714883539,0.7213818206962979,17.494392710448153,0.01759991580383513
25.1,20.1,105.1411394926703,1.0087805673752053,60.52683404251232,3631.6100425507393,10.346122349813347,0.44983140651362385,8.105366808502463,0.35240725254358535,8.0,0.501711527736699,0.5082020566803014,0.47542259616988647,0.47625662383262746,0.48379455994926274,0.47542259616988647,0.7213035362873893,17.501606137233072,0.017396427469385856
25.11,20.11,105.17456808344144,1.0089535024708927,60.53721014825356,3632.2326088952136,10.321405636120216,0.4487567667878355,8.107442029650713,0.35249747955003097,8.0,0.5007115277366992,0.5081184986194738,0.4737585248777999,0.4745875881710978,0.4821081824232514,0.4737585248777999,0.7211849402998918,17.50881857961601,0.017188480669084072
25.12,20.12,105.20864467384781,1.009124336988587,60.54746021931522,3632.847613158913,10.296142674876378,0.4476583771685382,8.109492043863042,0.352586610602741,8.0,0.4997115277366991,0.5080074237711161,0.47211172821385383,0.47293438614083916,0.48043800236541945,0.47211172821385383,0.7210272890667654,17.51602964076284,0.016976493729700337
25.13,20.13,105.24336127201063,1.0092930323454867,60.55758194072921,3633.4549164437526,10.270381077912337,0.446538307735319,8.11151638814584,0.35267462557155826,8.0,0.4987115277366993,0.5078696883744044,0.4704826411843245,0.47129804031950645,0.47878454615391364,0.4704826411843245,0.7208317978690929,17.52323893619752,0.016760819158335494
25.14,20.14,105.27870975250879,1.0094595533717536,60.56757320230522,3634.0543921383132,10.244164066312985,0.44539843766578197,8.113514640461045,0.3527615061070019,8.0,0.49771152773669913,0.5077061204017327,0.4688716653928438,0.46968329533793207,0.4771482964839441,0.4688716653928438,0.7205996418682256,17.530446093396208,0.016541801932035582
25.150000000000002,20.150000000000002,105.3146818537095,1.0096238683841274,60.57743210304765,3634.645926182859,10.217530375867327,0.4442404511246664,8.115486420609528,0.35284723567867515,8.0,0.49671152773669897,0.5075175198228437,0.4672791683203585,0.46808686434990315,0.4755296965508092,0.4672791683203585,0.7203319564806709,17.537650751387954,0.016319759149638458
25.16,20.16,105.35126920133614,1.0097859485547465,60.58715691328479,3635.229414797087,10.190515073286603,0.4430658727515914,8.117431382656957,0.35293179924595464,8.0,0.4957115277366992,0.5073046602028195,0.4657054894980134,0.46650737675544957,0.4739291541573919,0.4657054894980134,0.72002983964616,17.544852560368586,0.01609495576857256
25.17,20.17,105.38846332384075,1.009945767499499,60.59674604996994,3635.804762998196,10.163150088504148,0.44187609080452817,8.119349209993988,0.3530151830432169,8.0,0.494711527736699,0.5070682899054539,0.4641509445331649,0.464949365196329,0.4723470450061836,0.4641509445331649,0.719694353535622,17.552051181334495,0.01586763854881923
25.18,20.18,105.42625565068546,1.0101033013257228,60.60619807954337,3636.3718847726022,10.135464153356992,0.4406723544937823,8.121239615908674,0.35309737460472496,8.0,0.49371152773669924,0.5068091322861394,0.46261582464279566,0.46341207108742904,0.47078371565066846,0.46261582464279566,0.7193265248249543,17.559246285726296,0.015638043110726585
25.19,20.19,105.46463752249092,1.0102585283617134,60.6155117017028,3636.930702102168,10.10748315155224,0.4394557891979235,8.12310234034056,0.3531783626235026,8.0,0.4927115277366991,0.5065278866489784,0.46110039929887214,0.46189265315746375,0.46923948650784564,0.46110039929887214,0.7189273460534735,17.56643755508069,0.015406370187236007
25.2,20.2,105.5036002070033,1.0104114287294674,60.624685723768046,3637.481143426083,10.079230671064096,0.4382274204810477,8.12493714475361,0.35325813672841777,8.0,0.49171152773669924,0.5062252296684592,0.4596049204071052,0.4603941720700601,0.467714654083534,0.4596049204071052,0.7184977776417347,17.573624680699165,0.015172798724059078
25.21,20.21,105.54313489945908,1.0105619843361946,60.63371906017168,3638.023143610301,10.05072801530476,0.43698817457846784,8.126743812034334,0.35333668747975366,8.0,0.49071152773669907,0.505901815652622,0.4581296223899206,0.4589178112675593,0.46620949321637667,0.4581296223899206,0.7180387482650492,17.5808073633287,0.01493750259984239
25.22,20.22,105.58323272612196,1.0107101787814643,60.64261072688786,3638.5566436132717,10.021994323419387,0.43573888362692986,8.128522145377572,0.353414006320764,8.0,0.4897115277366993,0.5055582770870454,0.45667472309444357,0.45746041704158624,0.46472425980047954,0.45667472309444357,0.7175511556255778,17.58798531284815,0.014700633000160224
25.23,20.23,105.623884757796,1.0108559969961977,60.65135981977186,3639.0815891863117,9.993047037008544,0.43448030595689324,8.130271963954371,0.3534900853893205,8.0,0.4887115277366991,0.5051952260657403,0.4552404273234356,0.4560235994706338,0.46325919180923986,0.4552404273234356,0.7170358684832339,17.595158247968698,0.01446232061424979
25.240000000000002,20.240000000000002,105.66508201168843,1.0109994251937493,60.65996551162496,3639.5979306974978,9.963901963463252,0.43321312884622837,8.13199310232499,0.3535649174923909,8.0,0.48771152773669896,0.5048132546488602,0.45382692731373314,0.4546099360163394,0.46181451079633795,0.45382692731373314,0.7164937271633894,17.602325895946933,0.014222693605248082
25.25,20.25,105.70681545155097,1.0111404508683026,60.66842705209816,3640.1056231258895,9.934573278280254,0.43193796862088063,8.13368541041963,0.3536384961052013,8.0,0.4867115277366992,0.5044129351305517,0.4524344027517417,0.45321621147012814,0.4603904249548906,0.4524344027517417,0.7159255439370426,17.609487992302434,0.013981866272750665
25.26,20.26,105.74907599802383,1.0112790625192043,60.67674375115226,3640.6046250691356,9.905073881436655,0.4306553861494198,8.135348750230452,0.353710815227411,8.0,0.485711527736699,0.5039948213419434,0.45106302346974103,0.45184264121095963,0.4589871290676023,0.45106302346974103,0.7153321048701805,17.61664428054647,0.01373993464790857
25.27,20.27,105.79185453201644,1.0114152495612607,60.684914973675646,3641.094898420539,9.875415513387738,0.4293658918864234,8.136982994735128,0.3537818693363099,8.0,0.4847115277366992,0.5035594491837276,0.44971295032331204,0.4504927836897654,0.45760480513486607,0.44971295032331204,0.7147141705796869,17.62379451192372,0.013496991764320398
25.28,20.28,105.83514189367651,1.0115490023544906,60.69294014126944,3641.5764084761663,9.845608716796,0.42806994420852174,8.138588028253888,0.353851653402343,8.0,0.48371152773669907,0.503107336763521,0.4483843349001374,0.4491644145061982,0.45624362568989707,0.4483843349001374,0.7140724764283002,17.630938445158762,0.01325312459033512
25.29,20.29,105.87892888809675,1.0116803120530675,60.70081872318405,3642.049123391043,9.81566303185312,0.4267679579066574,8.14016374463681,0.3539201628102961,8.0,0.48271152773669923,0.5026389852833802,0.447077320997485,0.44785572893901643,0.45490375373956793,0.447077320997485,0.7134077337842862,17.638075846209823,0.013008405592024985
25.3,20.3,105.92320629054873,1.0118091704663312,60.70855022797987,3642.513013678792,9.785587175949933,0.4254603119978232,8.141710045595975,0.3539873932867815,8.0,0.48171152773669906,0.5021548799118978,0.44579204598180916,0.4465700262522022,0.453585342323433,0.44579204598180916,0.7127206312592257,17.64520648803504,0.012762900977229208
25.310000000000002,20.310000000000002,105.96796484602285,1.0119355700726123,60.716134204356734,3642.968052261404,9.755389025906567,0.4241473489524595,8.143226840871346,0.35405334090744983,8.0,0.4807115277366989,0.5016554899152033,0.4445286406534271,0.4453081912745023,0.45228853684533615,0.4445286406534271,0.7120118348939467,17.652330150365806,0.012516675966011803
25.32,20.32,106.01319527056592,1.0120595039856515,60.723570239139086,3643.414214348345,9.72507566149216,0.4228293765866157,8.144714047827819,0.35411800207947036,8.0,0.4797115277366991,0.5011412690483109,0.4432872295748005,0.44406623964276887,0.45101347675087705,0.4432872295748005,0.7112819887139743,17.659446619483845,0.01226978670511869
25.330000000000002,20.330000000000002,106.05888825686493,1.0121809658067147,60.73085794840288,3643.8514769041726,9.694653556575817,0.42150667637286166,8.146171589680577,0.3541813734643729,8.0,0.47871152773669895,0.5006126566139665,0.44206793251725984,0.4428457541584521,0.4497602939299359,0.44206793251725984,0.7105317162323775,17.66655568800858,0.012022281175795513
25.34,20.34,106.10503447485989,1.0122999496091674,60.73799697655004,3644.279818593003,9.664128599103034,0.42017950430882756,8.147599395310008,0.35424345197000034,8.0,0.47771152773669917,0.5000700776917636,0.4408708646118801,0.44165059396051964,0.4485291136378749,0.4408708646118801,0.7097616207749596,17.673657154693615,0.0117742070514808
25.35,20.35,106.15162457148945,1.0124164499477444,60.74498699686466,3644.6992198118796,9.633506079233234,0.41884809040144494,8.148997399372933,0.3543042347553449,8.0,0.476711527736699,0.49951394332586807,0.43969613625856774,0.4404765392040401,0.4473200574050656,0.43969613625856774,0.7089722857466999,17.680750824226223,0.011525607439629937
25.36,20.36,106.19864917451501,1.01253046175796,60.7518277054776,3645.109662328656,9.602790819363864,0.41751264432016805,8.150365541095521,0.35436371917806614,8.0,0.4757115277366992,0.49894465137838173,0.4385438541101415,0.4393233412604288,0.4461332413245795,0.4385438541101415,0.7081642758429537,17.68783650703417,0.011276518464924834
25.37,20.37,106.24609889402332,1.0126419803170428,60.75851881902257,3645.511129141354,9.571987224643118,0.416173357593179,8.151703763804512,0.35442190277410923,8.0,0.47471152773669906,0.498362586959526,0.43741412145454434,0.4381951234455482,0.44496877609102775,0.43741412145454434,0.7073381376600227,17.694914019101684,0.011026974909214005
25.38,20.38,106.29396432204861,1.0127510012561443,60.76506007536865,3645.903604522119,9.5410992672734,0.41483040292493045,8.153012015073731,0.3544787832640753,8.0,0.4737115277366992,0.49776812254075575,0.4363070380951964,0.43708935419848455,0.4438267695563289,0.4363070380951964,0.7064943998556994,17.701983181789263,0.010777009393862613
25.39,20.39,106.34223603472135,1.01285752050492,60.7714512302952,3646.287073817712,9.510130558171909,0.41348393731182215,8.15429024605904,0.35453435852430604,8.0,0.4727115277366991,0.4971616185777124,0.4352227008931468,0.4360046810619917,0.44270732595243795,0.4352227008931468,0.7056335740334405,17.70904382165871,0.010526649444315694
25.400000000000002,20.400000000000002,106.39090459405571,1.0129615342450307,60.77769205470184,3646.6615232821105,9.479084407077911,0.4121341046555614,8.155538410940368,0.3545886265626247,8.0,0.4717115277366989,0.49654342405460483,0.434161204222082,0.4349443324513371,0.4416105451410179,0.434161204222082,0.7047561555150194,17.716095770306453,0.010275920691022122
25.41,20.41,106.43996054769492,1.0130630389187405,60.78378233512443,3647.0269401074656,9.447963811499083,0.4107810352825688,8.156756467024886,0.3546415855228211,8.0,0.4707115277366991,0.49591387658056024,0.4331226398840368,0.43390746869776253,0.44053652467943877,0.4331226398840368,0.7038626234772795,17.723138864201413,0.0100248479108771
25.42,20.42,106.48939442995488,1.0131620312032483,60.7897218721949,3647.383312331694,9.416771489929934,0.409424847388258,8.15794437443898,0.35469323367126,8.0,0.46971152773669894,0.4952733028098153,0.4321070973604255,0.43289199843568293,0.4394853599443152,0.4321070973604255,0.7029534415485217,17.730172944526544,0.009773452219732803
25.43,20.43,106.53919676366232,1.013258507963135,60.795510477788106,3647.7306286672865,9.385509943316666,0.4080656497094203,8.159102095557621,0.35474356937207047,8.0,0.46871152773669916,0.49462201907101505,0.4311146642774352,0.43190015894204387,0.4384571427113791,0.4311146642774352,0.7020290587016836,17.737197857027795,0.009521752467712474
25.44,20.44,106.58935806012418,1.0133524662526026,60.801147975156155,3648.0688785093694,9.354181452200217,0.4067035414000094,8.16022959503123,0.35479259108831435,8.0,0.467711527736699,0.4939603314858221,0.4301454263840239,0.43093310234905186,0.43745196253074914,0.4301454263840239,0.7010899094226846,17.74421345186842,0.009269767573229615
25.45,20.45,106.63986881924724,1.0134439033145997,60.80663419887598,3648.398051932559,9.322788077899153,0.4053386120825719,8.161326839775196,0.3548402973815302,8.0,0.4667115277366992,0.49328853615866325,0.42919946756024696,0.42998771736908764,0.436469908153611,0.42919946756024696,0.7001364139797375,17.75121958348543,0.00901751412639129
25.46,20.46,106.69071953132416,1.0135328165351305,60.81196899210783,3648.7181395264697,9.291331721569623,0.4039709444160706,8.162393798421565,0.3548866868878941,8.0,0.46571152773669905,0.49260691987258465,0.4282768702644997,0.4290648545562964,0.43551106549444946,0.4282768702644997,0.699168979410993,17.758216110452384,0.008765006098471417
25.47,20.47,106.74190067731956,1.0136192034365692,60.81715220619415,3649.029132371649,9.259814132859228,0.4026006144721404,8.16343044123883,0.3549317583147317,8.0,0.4647115277366992,0.4919157602649485,0.42737771559893173,0.4281679489557019,0.43457551791581633,0.42737771559893173,0.6981879997739102,17.765202895348306,0.00851225765060093
25.48,20.48,106.79340272856996,1.0137030616881426,60.82218370128856,3649.3310220773137,9.228236896418766,0.40122769114864204,8.164436740257711,0.35497551044598746,8.0,0.4637115277366991,0.49121532590846073,0.426502083206601,0.42729384953570543,0.4336633487520173,0.426502083206601,0.6971938562602612,17.77217980462848,0.008259282042288874
25.490000000000002,20.490000000000002,106.84521614792936,1.013784389077415,60.8270633446449,3649.623800678694,9.196601468768751,0.3998522377725544,8.16541266892898,0.35501794212734694,8.0,0.46271152773669894,0.4905058768278223,0.4256500515505646,0.4264412431404872,0.43277463962128804,0.4256500515505646,0.6961869179294267,17.77914670849943,0.00800609020175358
25.5,20.5,106.8973313904979,1.0138631834921776,60.83179100953066,3649.9074605718397,9.164909201711929,0.39847431311790993,8.166358201906132,0.3550590522567883,8.0,0.4617115277366991,0.48978766486750464,0.4248216980912024,0.4256140188926865,0.43190946968469013,0.4248216980912024,0.6951675422303887,17.786103480800225,0.007752692522970506
25.51,20.51,106.94973890341113,1.0139394429278745,60.83636657567247,3650.181994540348,9.13316133277657,0.3970939709902857,8.167273315134494,0.35509883978845624,8.0,0.46071152773669893,0.4890609337468377,0.42401709921336705,0.42481178517863305,0.43106791754854895,0.42401709921336705,0.6941360750799184,17.79304999888678,0.007499099433410095
25.52,20.52,107.00242912618175,1.014013165480846,60.84078992885076,3650.4473957310456,9.101358993979717,0.3957112606078138,8.16815798577015,0.355137303729137,8.0,0.45971152773669915,0.48832591932733493,0.4232363302923634,0.42403102724204145,0.43025006139436883,0.4232363302923634,0.693092851241997,17.79998614351839,0.007245319882109413
25.53,20.53,107.0553924916213,1.0140843493255167,60.845060959531004,3650.7036575718603,9.069503241314534,0.39432622788324057,8.169012191906202,0.3551744431263566,8.0,0.45871152773669904,0.48758285009961394,0.42247946591736174,0.42327424589013685,0.42945597740702063,0.42247946591736174,0.692038195018914,17.806911798749695,0.00699136174771553
25.54,20.54,107.10861942583541,1.0141529927158002,60.84917956294801,3650.9507737768804,9.037595052957808,0.39293891534599173,8.169835912589601,0.3552102570691131,8.0,0.4577115277366992,0.4868319472727471,0.4217465798775697,0.4225437138330007,0.4286857406826085,0.4217465798775697,0.6909724203780845,17.81382685182668,0.0067372331290798115
25.55,20.55,107.16210034820483,1.0142190939880982,60.85314563928589,3651.1887383571534,9.005635325431292,0.3915493619752736,8.170629127857179,0.35524474468944256,8.0,0.45671152773669904,0.48607342490963645,0.42103774513263453,0.42183551908325406,0.4279394264436996,0.42103774513263453,0.6898958311441905,17.820731193084292,0.0064829413440747885
25.560000000000002,20.560000000000002,107.21582567215773,1.0142826515426817,60.8569590925609,3651.417545553654,8.973624897675075,0.39015760424674234,8.17139181851218,0.35527790515270347,8.0,0.45571152773669893,0.48530749038261606,0.4203530339950191,0.4211506550394138,0.42721710844431304,0.4203530339950191,0.6888087216458282,17.827624715848245,0.0062284926501661175
25.57,20.57,107.269785805312,1.0143436638411014,60.860619830466085,3651.637189827965,8.941564554405716,0.38876367627850944,8.172123966093217,0.3553097376562268,8.0,0.4547115277366991,0.48453434451788374,0.41969251815533004,0.42049210753985433,0.4265188592517566,0.41969251815533004,0.6877113769205033,17.834507316341075,0.0059738934397941534
25.580000000000002,20.580000000000002,107.32397114936627,1.0144021294114776,60.864127764688654,3651.8476658813192,8.909455019319303,0.3873676095356219,8.17282555293773,0.35534024143207527,8.0,0.4537115277366989,0.48375418167500694,0.41905626863027595,0.41985677548642053,0.42584475165838387,0.41905626863027595,0.6866040728274759,17.841378893589816,0.005719149718387939
25.59,20.59,107.37837210066895,1.0144580468354691,60.86748281012815,3652.048968607689,8.877296971942792,0.3859694335627301,8.17349656202563,0.3553694157402448,8.0,0.45271152773669915,0.4829671901323555,0.41844435589030343,0.41924463536128403,0.4251948574341875,0.41844435589030343,0.6854870765948143,17.848239349336925,0.005464266581505228
25.6,20.6,107.432979050459,1.0145114147431078,60.87068488458647,3652.241093075188,8.845091054321037,0.3845691762748277,8.174136976917293,0.35539725986596926,8.0,0.451711527736699,0.48217355228136133,0.41785684991020644,0.418658669108695,0.42456924713130895,0.41785684991020644,0.6843606470951129,17.855088587955375,0.005209249156912676
25.61,20.61,107.4877823847291,1.0145622318186074,60.873733909116446,3652.4240345469866,8.81283786354188,0.3831668636322556,8.174746781823288,0.35542377312275164,8.0,0.45071152773669915,0.4813734446701259,0.41729382011199706,0.41809687490565617,0.42396799151346565,0.41729382011199706,0.683225034907385,17.861926516365386,0.004954102499411306
25.62,20.62,107.5427724845849,1.014610496793096,60.87662980758576,3652.5977884551453,8.780537961146003,0.38176252004982625,8.175325961517153,0.35544895484857186,8.0,0.44971152773669903,0.4805670382952609,0.41675533543604,0.4175580245841713,0.42339116081759964,0.41675533543604,0.6820804827312793,17.868753043953582,0.004698830905560669
25.63,20.63,107.59793972659753,1.0146562084367186,60.87937250620311,3652.7623503721866,8.74819188334165,0.3803561688409413,8.175874501240623,0.3554728044017662,8.0,0.4487115277366992,0.47975449886856086,0.4162414644184699,0.4170448359820003,0.4228388240362487,0.4162414644184699,0.6809272257655753,17.875568082496066,0.004443438472243599
25.64,20.64,107.65327448272119,1.014699365562541,60.88196193375246,3652.9177160251475,8.71580013598154,0.3789478319991974,8.176392386750491,0.3554953211630648,8.0,0.4477115277366991,0.47893598685830596,0.41575227515278673,0.41655749606182546,0.4223110500095836,0.41575227515278673,0.6797654917668049,17.88237154608373,0.0041879295196380895
25.650000000000002,20.650000000000002,107.70876712036151,1.0147399670271113,60.88439802162668,3653.063881297601,8.683363193864837,0.3775375301680364,8.176879604325336,0.3555165045358842,8.0,0.4467115277366989,0.4781116576255233,0.41528783528416446,0.41609292625718464,0.421807907722652,0.41528783528416446,0.6785955012426516,17.889163351048776,0.003932307891503228
25.66,20.66,107.76440800283312,1.014778011720371,60.88668070322227,3653.200842193336,8.650881513783558,0.37612528320798083,8.177336140644453,0.35553635394106314,8.0,0.4457115277366991,0.4772816617752519,0.4148482121083793,0.4156525727155273,0.4213294650924996,0.4148482121083793,0.6774174679505091,17.89594341589474,0.0036765769386732927
25.67,20.67,107.82018748938864,1.0148134985658848,60.88880991395308,3653.328594837185,8.618355534236454,0.3747111101841936,8.177761982790617,0.35555486881698334,8.0,0.444711527736699,0.47644614522109974,0.4144334725695048,0.41523983175040136,0.4208757892981168,0.4144334725695048,0.6762315989891096,17.90271166122944,0.003420740283573309
25.68,20.68,107.87609593512208,1.0148464265260426,60.890785591562555,3653.447135493753,8.58578566873772,0.3732950290755531,8.178157118312512,0.35557204862228314,8.0,0.44371152773669914,0.47560524923540304,0.4140436832086578,0.4148507964610889,0.4204469480005092,0.4140436832086578,0.6750380948697147,17.90946800969873,0.003164801437925746
25.69,20.69,107.93212369132756,1.0148767945946433,60.8926076756786,3653.5564605407158,8.553172315413944,0.3718770571919106,8.178521535135719,0.3555878928319878,8.0,0.44271152773669903,0.47475911073703103,0.4136789102366989,0.4144847449954649,0.42004300819417667,0.4136789102366989,0.6738371499246048,17.916212385922705,0.0029087633908631005
25.7,20.7,107.98826110566236,1.0149046017938599,60.89427610763159,3653.656566457895,8.52051586093222,0.37045721134487913,8.17885522152632,0.35560240093592693,8.0,0.4417115277366992,0.47390786244674077,0.413339219563983,0.41414600853036737,0.41966403603334607,0.413339219563983,0.6726289525275777,17.922944716434966,0.0026526291828048443
25.71,20.71,108.04449852207159,1.0149298471782993,60.895790830697955,3653.7474498418774,8.48781667527921,0.3690355076208353,8.17915816613959,0.35561557244085173,8.0,0.4407115277366991,0.473051632914656,0.41302467676035237,0.4138327896412059,0.41931009777834266,0.41302467676035237,0.6714136851329497,17.929664929623268,0.0023964019529927327
25.72,20.72,108.10082628095526,1.0149525298329198,60.89715178997519,3653.8291073985115,8.45507511446926,0.36761196149866343,8.179430357995038,0.35562740686934946,8.0,0.43971152773669925,0.47219054669724675,0.4127353470754297,0.41354260125518255,0.4189812594736197,0.4127353470754297,0.6701915245267475,17.936372955671565,0.0021400845007804037
25.73,20.73,108.15723471940824,1.0149726488683148,60.89835893209889,3653.9015359259333,8.42229152664795,0.3661865881151283,8.179671786419778,0.35563790375738163,8.0,0.4387115277366991,0.47132472457002406,0.4124712954849022,0.41327865338387426,0.4186775864508109,0.4124712954849022,0.6689626421285905,17.943068726504844,0.0018836795022494357
25.740000000000002,20.740000000000002,108.21371417119607,1.0149902034229648,60.899412205377885,3653.964732322673,8.389466249199039,0.3647594021390887,8.179882441075577,0.35564706265545987,8.0,0.43771152773669897,0.47045428356181535,0.4122325866682827,0.4130411547979589,0.41839914386318566,0.4122325866682827,0.6677272040403391,17.94975217573569,0.0016271897763431298
25.75,20.75,108.27025496682425,1.0150051926638417,60.9003115598305,3654.01869358983,8.356599607982691,0.3633304177383779,8.1800623119661,0.3556548831289609,8.0,0.43671152773669913,0.4695793370633687,0.4120192850027885,0.41282735476281657,0.4181459967984186,0.4120192850027885,0.6664853712002394,17.95642323861189,0.001370617944502328
25.76,20.76,108.32684743378141,1.015017615781855,60.9010569469113,3654.063416814678,8.323691923230855,0.3618996488361242,8.180211389382258,0.35566136475575033,8.0,0.435711527736699,0.46869999504763915,0.41183145460804355,0.4126391642025268,0.41791820977470057,0.41183145460804355,0.6652372996955803,17.963081851966372,0.00111396644930295
25.77,20.77,108.38348189655522,1.0150274719928276,60.90164831956966,3654.0988991741797,8.290743508297655,0.3604671090564198,8.18032966391393,0.3556665071266926,8.0,0.4347115277366992,0.46781636411790944,0.41166915933638804,0.4124779142167473,0.4177158470168175,0.41166915933638804,0.6639831408309933,17.969727954169002,0.000857237881817241
25.78,20.78,108.4401486766474,1.0150347605394912,60.90208563236947,3654.1251379421683,8.257754667102194,0.3590328116131389,8.180417126473895,0.35567030984669107,8.0,0.433711527736699,0.46692854756586216,0.411532462753073,0.41234089110696387,0.4175389727292099,0.411532462753073,0.6627230412108751,17.976361485079213,0.0006004347278292244
25.79,20.79,108.4968380928114,1.0150394806873841,60.902368841243046,3654.1421304745827,8.22472569943994,0.35759676954086694,8.18047376824861,0.35567277253254825,8.0,0.43271152773669924,0.46603664559280533,0.41142142817650457,0.41222888819486125,0.4173876506629237,0.41142142817650457,0.6614571430533784,17.982982386000533,0.0003435592562439638
25.8,20.8,108.5535404611036,1.015041631724616,60.90249790347696,3654.149874208618,8.191656901294433,0.35615899570845355,8.180499580695393,0.35567389481284317,8.0,0.4317115277366991,0.46514075537259103,0.41133611868051634,0.4121445241889646,0.417261944190453,0.41133611868051634,0.6601855842797145,17.9895905996372,8.661386821984252e-05
25.810000000000002,20.810000000000002,108.6102460948657,1.0150412129647486,60.90247277788492,3654.148366673095,8.158548561135895,0.35471950265808233,8.180494555576983,0.35567367632943403,8.0,0.4307115277366989,0.4642409710753217,0.41127659706580544,0.41208510798573367,0.41716191666373853,0.41127659706580544,0.6589084985477996,17.996186070051337,-0.00017039903209337126
25.82,20.82,108.66694530491824,1.0150382237439741,60.902293424638444,3654.137605478307,8.125400963579283,0.35327830276431665,8.18045868492769,0.3556721167359865,8.0,0.42971152773669913,0.4633373840491877,0.41124292588757766,0.4120499086105643,0.417087631105429,0.41124292588757766,0.6576260155103414,18.002768742621626,-0.00042748203156861564
25.830000000000002,20.830000000000002,108.72362839967083,1.0150326633241171,60.90195979944703,3654.1175879668217,8.092217209804668,0.3518355308610725,8.180391959889405,0.3556692156473654,8.0,0.4287130372728451,0.46243011057319844,0.41123516842524427,0.4120421612930567,0.4170391448163895,0.41123516842524427,0.6563383002049654,18.009338564200203,-0.000684635299968761
25.84,20.84,108.78028568511564,1.0150245310379746,60.90147186227848,3654.0883117367084,8.0590019436953,0.3503913888563174,8.180294372455695,0.355664972715465,8.0,0.4277154058878973,0.461519280275283,0.411253387229176,0.41206134467977457,0.4170165128433014,0.411253387229176,0.6550455366157433,18.015895483384305,-0.0009418004756653886
25.85,20.85,108.83690746491729,1.0150138273146039,60.90082963887623,3654.049778332574,8.025720875233743,0.348944385879728,8.180165927775246,0.3556593881641411,8.0,0.426702141978381,0.460604636258306,0.41129763386762525,0.4121042391347219,0.4170198618398471,0.41129763386762525,0.6537473601223242,18.022439447867995,-0.0011990574243085916
25.86,20.86,108.89348404058637,1.0150005498894885,60.90003299336931,3654.0019796021584,7.992393578565528,0.3474953729811099,8.180006598673863,0.3556524608119071,8.0,0.4257074391939221,0.45968643974424456,0.4113679868246252,0.41217294304812824,0.41704920855814065,0.4113679868246252,0.652444141483412,18.028970405376022,-0.00145642781502886
25.87,20.87,108.9500057175338,1.0149846987583033,60.8990819254982,3653.944915529892,7.959152672547942,0.3460501161977366,8.17981638509964,0.3556441906565061,8.0,0.42478554819063813,0.4587661103616011,0.411464501926767,0.41227043594002055,0.4171043737426202,0.411464501926767,0.6511378956122593,18.0354883155615,-0.0017127995330383783
25.88,20.88,109.00646280631655,1.0149662938988278,60.89797763392966,3653.8786580357796,7.926221920494917,0.3446183443693442,8.179595526785933,0.3556345881211275,8.0,0.4239302898121654,0.45784615876450496,0.4115870351172569,0.41239256945233094,0.4171852433510351,0.4115870351172569,0.6498321859413201,18.041993165969266,-0.0019665017320917855
25.89,20.89,109.06284573820369,1.0149453687236614,60.89672212341968,3653.803327405181,7.8937764791258545,0.34320767300547195,8.179344424683936,0.35562367063843203,8.0,0.4231389363068147,0.45692870979995975,0.411735307249418,0.41253953954915096,0.41729164231809474,0.411735307249418,0.6485300283176134,18.048484977040562,-0.0022162711459827733
25.900000000000002,20.900000000000002,109.11914511586744,1.014921968475908,60.895318108554484,3653.719086513269,7.8619677459142014,0.3418246846049653,8.179063621710897,0.35561146181351727,8.0,0.42240900604631204,0.45601573596294387,0.4119089198320273,0.41271419594014946,0.4174231925985407,0.4119089198320273,0.6472342223512246,18.054963798293908,-0.002460909256669197
25.91,20.91,109.17535169769575,1.014896150538528,60.89376903231169,3653.6261419387015,7.830923066597005,0.3404749159390002,8.178753806462337,0.355597991585319,8.0,0.42173816117907453,0.45510905917531286,0.41210735202985976,0.4129133359625714,0.4175796664197342,0.41210735202985976,0.6459473539401442,18.061429706175364,-0.0026993742949912303
25.92,20.92,109.23145648508874,1.0148679809900083,60.8920788594005,3653.52473156403,7.800751062439696,0.3391630896712911,8.1784157718801,0.3555832944295696,8.0,0.421124174422373,0.45421036862534864,0.4123299945944268,0.4131359048303382,0.41776067118017113,0.4123299945944268,0.6446718205903746,18.067882802048018,-0.0029308852769673877
25.93,20.93,109.28745076429104,1.0148375328329888,60.89025196997933,3653.41511819876,7.77154436080572,0.33789323307850955,8.178050393995866,0.3555674084346029,8.0,0.4205649126437642,0.4533212304433061,0.412576167332853,0.4133840041802484,0.41796568304232407,0.412576167332853,0.6434098451486677,18.07432321037671,-0.0031547312447415266
25.94,20.94,109.34332608942948,1.0148048863651136,60.88829318190682,3653.297590914409,7.743379015709321,0.33666865285692704,8.177658636381363,0.35555037549484186,8.0,0.42005834171280804,0.4524430869938955,0.4128451155006059,0.41365538748979147,0.41819413750906914,0.4128451155006059,0.6421634747983291,18.080751076976448,-0.003370273919045985
25.95,20.95,109.39907432268858,1.014770127354608,60.88620764127648,3653.172458476589,7.716317327567845,0.33549205772034113,8.177241528255294,0.35553224035892583,8.0,0.41960250990267767,0.45157726730793607,0.41313602781112235,0.413947694247138,0.4184453903888747,0.41313602781112235,0.6409345958651165,18.087166567329763,-0.0035770635227692082
25.96,20.96,109.45468767631417,1.014733345094658,60.88400070567948,3653.040042340769,7.690410844888518,0.33436568890819646,8.176800141135896,0.35551304961460417,8.0,0.41919553044275376,0.4507249983549245,0.41344805564702886,0.41426232060220053,0.41871872538632976,0.41344805564702886,0.6397249498166709,18.093569865058175,-0.0037747400107406293
25.97,20.97,109.51015870233165,1.014694632554393,60.88167795326358,3652.900677195815,7.665700135999634,0.3332913102608537,8.176335590652716,0.3554928517675094,8.0,0.4188355838829672,0.4498874053024317,0.413780311611969,0.41459915752509074,0.41901337389258886,0.413780311611969,0.6385361336306852,18.09996117047541,-0.003962952851566115
25.98,20.98,109.56548029410772,1.0146540860376267,60.879245162257604,3652.7547097354563,7.642215325689534,0.33227023155171886,8.17584903245152,0.35547169706310955,8.0,0.4185209157414465,0.4490655144256492,0.4141318729353809,0.4149539763136392,0.4193285193937165,0.4141318729353809,0.6373696039244929,18.106340699163187,-0.004141466080589851
25.990000000000002,20.990000000000002,109.62064572192136,1.0146118032327813,60.87670819396688,3652.6024916380125,7.619979116127467,0.331303439831629,8.175341638793377,0.35544963646927724,8.0,0.41824981982958337,0.44826026547599407,0.4145018007672706,0.4153266368842725,0.41966330932575574,0.4145018007672706,0.6362266945101311,18.112708680655363,-0.0043101533246456825
26.0,21.0,109.67564863376138,1.0145678829711338,60.874072978268025,3652.4443786960815,7.599007167336588,0.330391615971156,8.174814595653604,0.3554267215501567,8.0,0.41802063664297945,0.44747251380200753,0.414889142592107,0.41571987263266585,0.4200168618259487,0.414889142592107,0.6351086194045826,18.119065357224937,-0.004468888633589074
26.01,21.01,109.73048304149043,1.0145224254601095,60.87134552760657,3652.2807316563944,7.579307761005382,0.32953512004371227,8.174269105521315,0.35540300458788326,8.0,0.41783175638512854,0.4467030304226124,0.41529292997846584,0.4161292874131091,0.4203882671116455,0.41529292997846584,0.6340164729337523,18.125410982686628,-0.004617590720414455
26.02,21.02,109.78514333627828,1.0144755311567255,60.86853186940353,3652.111912164212,7.5608835628484306,0.32873406794993176,8.173706373880705,0.3553785379948133,8.0,0.41768160982647634,0.44595251001295516,0.4157121897565055,0.4165521971519229,0.42077659796986017,0.4157121897565055,0.6329512410669671,18.13174582125663,-0.004756266777981466
26.03,21.03,109.8396242930971,1.01442730012455,60.865638007473,3651.9382804483803,7.543732637549779,0.32798837554564253,8.1731276014946,0.35535337397802613,8.0,0.4175686636059132,0.44522157617028657,0.4161459504242156,0.41699167710594753,0.42118091867220786,0.4161459504242156,0.6319138088909682,18.13807014650642,-0.004884949285639095
26.04,21.04,109.89392106159998,1.0143778321710126,60.86266993026076,3651.7601958156456,7.527848263169262,0.32729775057257665,8.172533986052152,0.3553275646109631,8.0,0.4174914219397422,0.44451078162488394,0.41659324082872456,0.41744619498586766,0.42160028389428816,0.41659324082872456,0.6309049609092781,18.144384240355418,-0.005003682064696591
26.05,21.05,109.94802916433798,1.0143272264832561,60.859633588995365,3651.578015339722,7.513219528853318,0.3266617186457964,8.171926717799074,0.355301161643438,8.0,0.41744842421469625,0.44382061193395383,0.41705309382013694,0.4179112877193745,0.42203374333519184,0.41705309382013694,0.6299253862850466,18.15068839209139,-0.005112560392227294
26.060000000000002,21.060000000000002,110.001944497099,1.014275580963168,60.85653485779008,3651.392091467405,7.4998324073655125,0.32607966988545706,8.171306971558018,0.3552742161546964,8.0,0.4174382403878519,0.44315149164526124,0.41752455290218216,0.41838857565808535,0.4224803504604443,0.41752455290218216,0.6289756875892398,18.15698289746076,-0.005211712601379759
26.07,21.07,110.05566332310386,1.0142229922312285,60.85337953387371,3651.202772032422,7.487669777654418,0.3255508598980182,8.170675906774742,0.3552467785554235,8.0,0.4174594713941261,0.44250378521916867,0.4180066722286621,0.41887842493080435,0.4229391625806641,0.4180066722286621,0.6280563821093123,18.16326805780925,-0.00530127169714234
26.080000000000002,21.080000000000002,110.10918226663878,1.0141695555292252,60.85017333175351,3651.0103999052108,7.476711617619053,0.3250744181573501,8.170034666350702,0.355218898536987,8.0,0.41751074881991,0.44187779899235224,0.4184985176150224,0.4193765775071934,0.4234092421970037,0.4184985176150224,0.6271679046363572,18.16954417924298,-0.005381399416236832
26.09,21.09,110.16249830674957,1.0141153642429037,60.84692185457422,3650.815311274453,7.46693580987718,0.3246493830381383,8.169384370914845,0.35519062482238456,8.0,0.4175907319715629,0.44127378669374573,0.41899917135194037,0.41988339695459104,0.4238896635195323,0.41899917135194037,0.6263106152940199,18.17581157184263,-0.005452284002480212
26.1,21.1,110.21560877173967,1.0140605098491755,60.84363059095053,3650.617835457032,7.458318259220678,0.3242747069226382,8.168726118190106,0.3551620051387003,8.0,0.41769810778349953,0.44069195085440993,0.41950773276655307,0.42039991072595373,0.42437951323622763,0.41950773276655307,0.6254848015395594,18.1820705489268,-0.005514116070507669
26.11,21.11,110.26851133252302,1.0140050819214936,60.84030491528962,3650.4182949173774,7.450832927532707,0.32394925771881333,8.168060983057924,0.3551330862199097,8.0,0.4178315910971542,0.44013244386785333,0.42002331820856414,0.4209223797802428,0.424877890526223,0.42002331820856414,0.6246906796687882,18.188321426332838,-0.005567102308212668
26.12,21.12,110.32120399132708,1.0139491678030113,60.83695006818068,3650.2170040908404,7.444452430363825,0.32367184479842714,8.167390013636135,0.3551039136363537,8.0,0.4179899229221905,0.43959537293804035,0.42054506438801553,0.42145020989701804,0.4253839116422371,0.42054506438801553,0.6239284018388994,18.19456452174038,-0.005611469756537701
26.13,21.13,110.37368507536381,1.0138928525263629,60.83357115158177,3650.0142690949065,7.439148206583734,0.3234412263732058,8.166714230316355,0.355074531752885,8.0,0.4181718701391699,0.43908080188982895,0.4210721292158433,0.4219852430845659,0.42589671106931654,0.4210721292158433,0.6231980586380661,18.200800154042764,-0.005647446538290524
26.14,21.14,110.42595323055438,1.0138362188722456,60.830173132334735,3649.810387940084,7.434890471944629,0.3232561074758535,8.166034626466947,0.3550449837594325,8.0,0.4183762260016751,0.43858875168122213,0.42160369125537556,0.4225243497730028,0.4264154409022068,0.42160369125537556,0.6224996798124913,18.20702864273502,-0.0056752665821377946
26.150000000000002,21.150000000000002,110.47800740947706,1.01377934719472,60.8267608316832,3649.605649900992,7.431648582881496,0.32311515577745636,8.16535216633664,0.35501531157985394,8.0,0.41860180932086927,0.43811920406674415,0.42213895154242775,0.42306541027391625,0.4269392733913415,0.42213895154242775,0.6218332394659278,18.21325030733141,-0.005695178430215719
26.16,21.16,110.5298468602997,1.0137223153036412,60.823338918218475,3649.4003350931084,7.429391300560759,0.3230170130678591,8.164667783643694,0.3549855558105954,8.0,0.41884746402260387,0.43767210455826855,0.4226771348279372,0.4236104740643319,0.4274674026287414,0.4226771348279372,0.621198660262053,18.219465466830048,-0.005707434228682473
26.17,21.17,110.58147112150881,1.0136651985101464,60.81991191060878,3649.194714636527,7.428086762753118,0.32296029403274423,8.163982382121755,0.3549557557444241,8.0,0.4191120594509363,0.43724736290006294,0.4232174891543847,0.4241592862629117,0.4279990441447087,0.4232174891543847,0.6205958140987109,18.225674439201853,-0.005712284677152013
26.18,21.18,110.63288001402184,1.0136080696100982,60.81648417660589,3648.9890505963535,7.427702573742729,0.32294359016272733,8.163296835321178,0.35492594936179034,8.0,0.41939449032910636,0.43684485456735983,0.42375928606864444,0.42470723081621375,0.42853343539948413,0.42375928606864444,0.6200245242348712,18.23187754089352,-0.005709987022399332
26.19,21.19,110.68407362352805,1.0135509987696985,60.81305992618191,3648.7835955709143,7.428206118177233,0.3229654833990101,8.162611985236381,0.35489617327114703,8.0,0.41969367634936927,0.43646442482352427,0.424301821872203,0.4252548549212053,0.4290698374324333,0.424301821872203,0.6194845710490656,18.238075086369943,-0.005700804015575045
26.2,21.2,110.73505229550952,1.0134940535297867,60.809643211787204,3648.578592707232,7.429564595205028,0.32302454761760996,8.161928642357442,0.3548664627111931,8.0,0.42000856222227556,0.436105889529424,0.4248444176079356,0.4258056490805804,0.4296075349316758,0.4248444176079356,0.618975693188146,18.244267387691128,-0.005684995855204988
26.21,21.21,110.7858166288374,1.0134372988525944,60.806237931155664,3648.3742758693397,7.431745005528318,0.3231193480664486,8.161247586231132,0.3548368515752666,8.0,0.4203381178495628,0.4357690358179246,0.4253864186305423,0.42635465532448424,0.4301458360581128,0.4253864186305423,0.6184975885246128,18.250454754099692,-0.005662822869801687
26.22,21.22,110.83636746056484,1.0133807970723907,60.802847824343445,3648.170869460607,7.434714351785768,0.3232484500776421,8.160569564868688,0.3548073723855951,8.0,0.42068133812869357,0.43545362514529634,0.42592719519133565,0.42690011711202874,0.43068407318874274,0.42592719519133565,0.6180499184875499,18.256637491634752,-0.0056345480837904915
26.23,21.23,110.88670585537623,1.0133246078909186,60.799476473455115,3647.968588407307,7.4384397336826416,0.32341042320359314,8.159895294691022,0.354778056290914,8.0,0.42103724294341016,0.4351593951361565,0.4264661425470093,0.4274459111468517,0.4312216030961899,0.4264661425470093,0.6176323106811966,18.262815902780595,-0.005600432925866983
26.240000000000002,21.240000000000002,110.93683310113666,1.0132687884138734,60.7961273048324,3647.767638289944,7.4428883375297605,0.32360384076216353,8.15922546096648,0.35474893308549915,8.0,0.4214048772171277,0.43488606002703717,0.4270026806211643,0.427989410857365,0.43175780688783144,0.4270026806211643,0.6172443595145147,18.268990286131576,-0.005560736629028895
26.25,21.25,110.9867506965002,1.013213393158338,60.79280358950028,3647.568215370017,7.448027534174802,0.3238272840945566,8.158560717900055,0.3547200312130459,8.0,0.421783310863327,0.4346333127300483,0.42753625400395295,0.4285278822277714,0.43229209010743636,0.42753625400395295,0.6168856291301947,18.275160936074798,-0.005515717505566897
26.26,21.26,111.03646033746749,1.013158474063762,60.789508443825724,3647.3705066295433,7.453824979940371,0.3240793469539292,8.157901688765143,0.3546913777723975,8.0,0.4221716387546157,0.43440082703981187,0.428066331922558,0.42906387709101923,0.43282388266981325,0.428066331922558,0.6165556565370117,18.281328142503135,-0.005465631865952503
26.27,21.27,111.08596391327248,1.013104080521019,60.786244831261136,3647.1746898756683,7.460248615939632,0.3243586354756362,8.157248966252228,0.35466299853270555,8.0,0.42256898070954424,0.43418825809183137,0.4285924079749369,0.4295963409997301,0.43335263886446995,0.4285924079749369,0.6162539522604001,18.28749219054712,-0.005410733111133936
26.28,21.28,111.13526349632804,1.0130502594015394,60.78301556409236,3646.9809338455416,7.467266719335326,0.32466377040588373,8.156603112818473,0.3546349179486293,8.0,0.422974481438928,0.4339952438414478,0.42911399989832066,0.430122648999415,0.43387783725824436,0.42911399989832066,0.6159800024415722,18.29365336032063,-0.005351271487732845
26.29,21.29,111.18436132712058,1.0129970550912644,60.77982330547586,3646.7893983285517,7.474847990818203,0.3249933909051393,8.155964661095172,0.35460715917805097,8.0,0.42338731048534634,0.4338214073599978,0.42963064931965844,0.4306443044965146,0.4343989802854032,0.42963064931965844,0.6157332720965109,18.29981192669332,-0.005287494152312888
26.3,21.3,111.23325980987448,1.012944509518493,60.776670571109584,3646.600234266575,7.482961559260622,0.32534615475046186,8.155334114221915,0.35457974409660503,8.0,0.42380666216899865,0.4336663573466952,0.4301419215027855,0.4311616197865358,0.43491559422607473,0.4301419215027855,0.6155132058424955,18.305968159083015,-0.005219645226880232
26.310000000000002,21.310000000000002,111.2819615063736,1.0128926621867267,60.773559731203605,3646.4135838722163,7.491576997321995,0.3257207390139998,8.15471194624072,0.3545526933148139,8.0,0.42423175550454134,0.43352968891959665,0.4306474050565736,0.4316715278003908,0.4354272291978049,0.4306474050565736,0.6153192290207389,18.312122321257334,-0.005147964135666427
26.32,21.32,111.33046911818496,1.0128415502357797,60.77049301414678,3646.229580848807,7.500664401305689,0.3261158435350299,8.154098602829357,0.35452602620997203,8.0,0.4246618340600447,0.43341098614484036,0.4311467114294849,0.4321744593019693,0.4359334583260523,0.4311467114294849,0.6151507512861973,18.318274671158868,-0.005072685978376512
26.330000000000002,21.330000000000002,111.37878548182178,1.012791208467159,60.76747250802954,3646.0483504817726,7.510194403638645,0.3265301914625498,8.153494501605909,0.35449976093938734,8.0,0.42509616588760196,0.4333098226555069,0.4316394746844259,0.43267291506121364,0.43643387758492513,0.4316394746844259,0.6150071674859348,18.324425460752728,-0.004994042814978172
26.34,21.34,111.42691356521904,1.0127416693794802,60.76450016276881,3645.8700097661285,7.52013816543985,0.3269625289321674,8.152900032553763,0.35447391445885923,8.0,0.42553404339320317,0.4332257619765095,0.43212535116526163,0.4331635304686095,0.43692810601931414,0.43212535116526163,0.6148878581202475,18.330574935880758,-0.004912261716285116
26.35,21.35,111.4748564531321,1.0126929632328334,60.761577793970005,3645.6946676382004,7.530467428583066,0.3274116273296985,8.152315558794001,0.3544485025562609,8.0,0.4259747831381491,0.4331583594938726,0.4326040189397573,0.4336446512987048,0.4374157848437003,0.4326040189397573,0.6147921921377086,18.33672333613205,-0.004827563947316094
26.36,21.36,111.52261733677103,1.0126451181005338,60.75870708603203,3645.522425161922,7.541154546008402,0.32787628460906093,8.151741417206406,0.35442353987853936,8.0,0.4264177256781857,0.4331071638020161,0.43307517734349876,0.4341196057567987,0.43789657679715377,0.43307517734349876,0.6147195288474024,18.342870894736972,-0.0047401667477444676
26.37,21.37,111.57019951127037,1.0125981598978786,60.755889593872716,3645.353375632363,7.55217247453288,0.32835532497969044,8.151177918774543,0.3543990399467193,8.0,0.42686223542252105,0.43307171691599544,0.43353854670709685,0.4345883906364999,0.43837016632338865,0.43353854670709685,0.6146692182201609,18.34901783847231,-0.004650283599154648
26.38,21.38,111.61760636861877,1.0125521124285508,60.75312674571305,3645.1876047427827,7.563494786295631,0.32884759940415786,8.15062534914261,0.35437501518011344,8.0,0.42730770044011196,0.4330515551152711,0.43399386793388856,0.4350462991197519,0.43883625929505643,0.43399386793388856,0.6146406020861463,18.35516438757384,-0.004558121374678592
26.39,21.39,111.66484138245148,1.012506997470385,60.7504198482231,3645.025190893386,7.5750957056380335,0.32935198720165365,8.150083969644621,0.35435147694107044,8.0,0.427753532127549,0.4330462108503322,0.4344409017322322,0.4354950095192453,0.4392945817847988,0.4344409017322322,0.6146330168409695,18.361310755668477,-0.00446388132498754
26.400000000000002,21.400000000000002,111.7119081047304,1.012462834802051,60.74777008812306,3644.8662052873838,7.586950110345487,0.32986739610197774,8.149554017624613,0.3543284355488962,8.0,0.42819916507783523,0.43305521310284145,0.4348794283682027,0.43593832629816937,0.43974487997438766,0.4348794283682027,0.6146457939568511,18.367457149722465,-0.00436776135943262
26.41,21.41,111.75881016166727,1.0124196422431964,60.74517853459178,3644.7107120755068,7.5990335274028835,0.33039276206099494,8.149035706918356,0.3543059003007981,8.0,0.42864405685685114,0.43307808778087514,0.4353092472880315,0.4363711603407043,0.440186920239067,0.4353092472880315,0.614678260543596,18.373603769994965,-0.004269953242257429
26.42,21.42,111.80555124093395,1.012377435737206,60.74264614423236,3644.5587686539416,7.611322155753701,0.33092705025016095,8.14852922884647,0.3542838795150639,8.0,0.42908768762450805,0.4331143592487994,0.4357301763660106,0.43679340381793286,0.4406204879601915,0.4357301763660106,0.6147297415199836,18.379750810005284,-0.004170642291555282
26.43,21.43,111.85213508555348,1.0123362293973652,60.740173763841916,3644.410425830515,7.623792871839261,0.3314692552973592,8.148034752768382,0.354262380555147,8.0,0.4295295598968472,0.43316355101196113,0.4361420514788164,0.437208830169535,0.4410453870972489,0.4361420514788164,0.6147995605855666,18.38589845651581,-0.004070009950680742
26.44,21.44,111.89856549116307,1.0122960355381923,60.737762132291536,3644.265727937492,7.636423223951459,0.33201840104136776,8.147552426458308,0.3542414098460134,8.0,0.42996919834323966,0.43322518595611414,0.43654472620814555,0.43761417176344236,0.44146144029080464,0.43654472620814555,0.614887040560494,18.39204688952154,-0.003968232100454827
26.45,21.45,111.94484629548643,1.012256864755356,60.73541188532136,3644.1247131192818,7.649191442268026,0.33257354096817504,8.147082377064272,0.35422097291583793,8.0,0.43040614935577237,0.43329878752809237,0.43693807110348637,0.438008722079112,0.4418684878631892,0.43693807110348637,0.6149915050612695,18.39819628224965,-0.003865477776813009
26.46,21.46,111.99098137125705,1.012218725982656,60.73312355895936,3643.9874135375617,7.662076443298753,0.3331337584042936,8.146624711791873,0.35420107442573356,8.0,0.43083998072466756,0.43338388050739773,0.43732197315391813,0.4383952657397656,0.4422663871793132,0.43732197315391813,0.615112279595885,18.404346801172938,-0.0037619118859453238
26.47,21.47,112.03697462431018,1.012181626517637,60.73089759105822,3643.8538554634933,7.675057823566501,0.33369816624202175,8.146179518211646,0.35418171818311506,8.0,0.43127028145076973,0.43347999115138747,0.4376963355430212,0.438771909037655,0.4426550127724579,0.4376963355430212,0.6152486917698882,18.410498606029766,-0.0036576943240191895
26.48,21.48,112.08282998495365,1.0121455720961756,60.72873432577054,3643.724059546232,7.688115861766728,0.334265907033336,8.145746865154107,0.35416290718061333,8.0,0.4316966612885049,0.43358664810637226,0.4380610769536465,0.43913739824569165,0.4430342554882871,0.4380610769536465,0.6154000725795267,18.416651849851515,-0.0035529777083525005
26.490000000000002,21.490000000000002,112.12855139975728,1.01211056696347,60.7266340178082,3643.598041068492,7.701231521067755,0.3348361530899024,8.145326803561641,0.3541446436331148,8.0,0.43211875030402824,0.4337033832728556,0.43841613090618325,0.4394940539870183,0.4434040215951953,0.43841613090618325,0.6155657576398028,18.422806679002612,-0.0034479098980142453
26.5,21.5,112.17414282989807,1.0120766138982153,60.72459683389292,3643.475810033575,7.7143864427318745,0.3354081062057337,8.144919366778584,0.35412692899037324,8.0,0.4325361986808117,0.43382973192114765,0.43876144552636404,0.43984180071003,0.4437642328682246,0.43876144552636404,0.6157450873485677,18.428963233227552,-0.003342635241978087
26.51,21.51,112.21960824675892,1.0120437142586305,60.72262285551783,3643.3573713310698,7.7275629418505,0.33598099747176086,8.144524571103567,0.3541097639610246,8.0,0.4329486763967674,0.43396523310931445,0.43909698311068973,0.44017780403267737,0.44411482624864673,0.43909698311068973,0.6159374074797263,18.435121645701695,-0.0032372906632787135
26.52,21.52,112.26495162104352,1.0120118680849497,60.720712085096984,3643.242725105819,7.740744005569223,0.33655408719866187,8.144142417019395,0.35409314856606067,8.0,0.43335587252630065,0.43410943078108544,0.4394227191652239,0.44050329408835665,0.44445575248308183,0.4394227191652239,0.6161420707415246,18.4412820430928,-0.0031320067993547696
26.53,21.53,112.31017692081907,1.0119810741226434,60.718864447358605,3643.1318668415165,7.753913289637734,0.337126664766858,8.14377288947172,0.3540770821509443,8.0,0.4337574950593728,0.4342618739354906,0.4397386421847632,0.4408216595234635,0.4447869759879556,0.4397386421847632,0.6163584370173196,18.447444545631598,-0.003026911730827919
26.54,21.54,112.35528811001343,1.011951329850333,60.717079791019984,3643.024787461199,7.767055108859187,0.33769804821126903,8.143415958203997,0.35406156340017375,8.0,0.43415327065207077,0.4344221166998297,0.4400447533822615,0.44112904462406316,0.4451084750205364,0.4400447533822615,0.6165858734691461,18.453609267184028,-0.002922127763724802
26.55,21.55,112.40028913984565,1.0119226315673688,60.71535789404213,3642.921473642528,7.78015443177677,0.3382675839902944,8.143071578808426,0.35404659038297503,8.0,0.4345429439842673,0.43458971915590106,0.44034106586309146,0.4414239501539519,0.4454202404557434,0.44034106586309146,0.6168237557104034,18.459776315329925,-0.0028177698524700645
26.560000000000002,21.560000000000002,112.44518394342096,1.0118949744532837,60.71369846719702,3642.8219080318213,7.793196874791799,0.33883464673007824,8.142739693439404,0.3540321605843219,8.0,0.43492627730103095,0.4347642478363779,0.44062760406198204,0.4417109907715425,0.4457222750998904,0.44062760406198204,0.6170714685103749,18.46594579145103,-0.0027139490461465243
26.57,21.57,112.48997643498325,1.0118683525864458,60.71210115518675,3642.7260693112053,7.806168694652365,0.33939863889792893,8.142420231037349,0.3540182709146673,8.0,0.4353030502253799,0.43494527573587133,0.4409044035606786,0.44198981331014525,0.4460145938211654,0.4409044035606786,0.617328405809929,18.47211779082263,-0.0026107728616793224
26.580000000000002,21.580000000000002,112.53467050579938,1.0118427589960501,60.71056553976301,3642.6339323857806,7.8190567796804995,0.3399589904208913,8.142113107952602,0.3540049177370696,8.0,0.4356730593280687,0.4351323826530294,0.4411715105918882,0.44225604064344254,0.4462972230483487,0.4411715105918882,0.6175939712070695,18.478292402707716,-0.002508341975122619
26.59,21.59,112.57927001695144,1.0118181857469433,60.7090911448166,3642.5454686889957,7.831848639207714,0.34051515822642237,8.14181822896332,0.3539920969114487,8.0,0.43603611743310783,0.4353251558238934,0.441428981232909,0.4425126342870883,0.44657019968529477,0.441428981232909,0.6178675788558733,18.48446971045803,-0.0024067517252888138
26.6,21.6,112.62377879806671,1.0117946239615445,60.70767743769267,3642.46064626156,7.844532397393444,0.341066625973628,8.141535487538533,0.3539798038060232,8.0,0.43639205340902565,0.43552318999597134,0.44167688119367954,0.44276194521039214,0.4468335710347764,0.44167688119367954,0.6181486535716244,18.490649791620168,-0.0023060945623640805
26.61,21.61,112.66820064512882,1.011772063855696,60.706323831341756,3642.3794298805055,7.857096783636328,0.3416129036363621,8.141264766268351,0.3539680333160153,8.0,0.436740711834892,0.43572608756681336,0.44191528547082615,0.4429998481276669,0.44708739459070457,0.44191528547082615,0.6184366310274979,18.496832718043162,-0.0022064570578663734
26.62,21.62,112.71253931424056,1.011750494820387,60.705029689223224,3642.3017813533934,7.869531118947132,0.3421535269107449,8.141005937844644,0.3539567799062889,8.0,0.43708195228322727,0.4359334590888561,0.44214427756650365,0.44322783615996986,0.44733173701726,0.44214427756650365,0.6187309584710975,18.503018555990657,-0.0021079202201974567
26.63,21.63,112.75679851981866,1.011729905451292,60.703794327077524,3642.2276596246516,7.8818253085007175,0.3426880568913355,8.140758865415505,0.3539460376267611,8.0,0.4374156490366646,0.43614492338474653,0.4423639492033611,0.44344815692071676,0.4475666739172121,0.4423639492033611,0.6190310948881372,18.509207366257453,-0.002010562270456262
26.64,21.64,112.80098193332117,1.0117102835749778,60.70261701449867,3642.1570208699204,7.893969832946491,0.3432160796933257,8.140523402899735,0.3539358001260754,8.0,0.4377416908224939,0.4363601076008298,0.4425744000696653,0.44365798256459194,0.4477922897155203,0.4425744000696653,0.6193365110783589,18.515399204287288,-0.001914456121014041
26.650000000000002,21.650000000000002,112.84509317784695,1.0116916163288718,60.70149697973231,3642.089818783939,7.905955731718029,0.34373720572687083,8.140299395946462,0.35392606069332444,8.0,0.438059980062083,0.4365786475977808,0.44277573705069606,0.4438579669023627,0.4480086766972395,0.44277573705069606,0.6196466902099639,18.52159412029373,-0.001819669064225593
26.66,21.66,112.8891358262377,1.0116738901936932,60.700433411621596,3642.026004697296,7.917774594709488,0.34425106933519517,8.14008668232432,0.3539168122749704,8.0,0.43837043254911023,0.43680018806595355,0.44296807391527665,0.44405059257143664,0.448215934692015,0.44296807391527665,0.6199611279833322,18.527792159384695,-0.0017262659566839034
26.67,21.67,112.93311340068806,1.0116570910097382,60.699425460584294,3641.9655276350577,7.92941855470303,0.3447573284653492,8.13988509211686,0.3539080474833417,8.0,0.4386729772608225,0.43702438250024045,0.4431515311549846,0.4442335251384274,0.4484141710838604,0.4431515311549846,0.6202793325953392,18.53399336168759,-0.001634307184737338
26.68,21.68,112.9770293683935,1.0116412040499985,60.698472242999905,3641.9083345799945,7.940880269366462,0.3452556638854984,8.139694448599982,0.35389975863478185,8.0,0.43896755562978373,0.43725089347252244,0.443326235277845,0.44440623999673995,0.4486034999391293,0.443326235277845,0.6206008251260506,18.540197762476193,-0.0015438471932256448
26.69,21.69,113.0208871389577,1.0116262140658736,60.697572843952415,3641.8543706371447,7.9521529094483325,0.3457457786716666,8.139514568790483,0.35389193777349925,8.0,0.4392541210789015,0.43747939278337067,0.4434923183659893,0.44457173220375523,0.4487840414877411,0.4434923183659893,0.6209251397540367,18.546405392300596,-0.0014549374821868355
26.7,21.7,113.06469006431489,1.0116121053003546,60.69672631802128,3641.8035790812764,7.963230151634214,0.34622739789713974,8.139345263604255,0.35388457667844586,8.0,0.4395326388497104,0.4377095614083261,0.44364991794405195,0.44472972762638524,0.4489559221440983,0.44364991794405195,0.6212518236801257,18.552616277117764,-0.0013676270603681928
26.71,21.71,113.10844143704395,1.0115988615246663,60.69593169147998,3641.755901488799,7.974106166874805,0.3467002681249915,8.139186338295996,0.3538776668824346,8.0,0.4398030856073705,0.43794108956302763,0.4437991766222342,0.44487695742831734,0.4491192741335234,0.4437991766222342,0.6215804372198409,18.558830438422266,-0.0012819592615826991
26.72,21.72,113.15214448648004,1.011586466115123,60.69518796690738,3641.711278014443,7.984775598583922,0.3471641564601705,8.139037593381477,0.3538711997122381,8.0,0.4400654486211038,0.43817367689208225,0.44394024134975585,0.4450152447194786,0.4492742345780069,0.44394024134975585,0.62191055407147,18.565047893378722,-0.0011979729188880128
26.73,21.73,113.19580237833287,1.0115749020662885,60.694494123977314,3641.669647438639,7.99523355740671,0.3476188503220309,8.138898824795461,0.35386516629545484,8.0,0.44031972560645116,0.4384070324606345,0.44407326328531804,0.44514894771937114,0.4494209454016226,0.44407326328531804,0.6222417613040984,18.571268654955603,-0.0011157053758310553
26.740000000000002,21.740000000000002,113.2394182146665,1.0115641520076064,60.693849120456385,3641.630947227383,8.005475611987535,0.3480641570429363,8.138769824091277,0.35385955756918597,8.0,0.44056592449998083,0.4386408746773697,0.44419839763061575,0.44527340830294565,0.44955955330231295,0.44419839763061575,0.6225736592483258,18.577492732058367,-0.0010351900276432957
26.75,21.75,113.2829950311322,1.0115541982657357,60.693251895944144,3641.5951137566485,8.015497769568869,0.34849990302473344,8.138650379188828,0.35385436431255773,8.0,0.44080406276529466,0.4388749313937719,0.4443158030225034,0.44538736136489654,0.44969020898204,0.4443158030225034,0.6229058616371465,18.583720129662794,-0.0009564552613881006
26.76,21.76,113.32653579558578,1.0115450229023786,60.692701374142715,3641.5620824485627,8.025296462789559,0.34892593316476345,8.138540274828543,0.3538495771664584,8.0,0.4410341669518322,0.43910893992223754,0.444425641162346,0.4454963425308709,0.4498130667440139,0.444425641162346,0.6232379956316568,18.58995084894914,-0.0008795270927137722
26.77,21.77,113.3700434082875,1.0115366077238814,60.692196463432886,3641.531787805973,8.034868543409738,0.3493421105830321,8.138439292686577,0.3538451866385468,8.0,0.441256272548698,0.43934264696271974,0.444528076718631,0.4455986426736309,0.4499282844781236,0.444528076718631,0.6235697017169416,18.596184887435882,-0.000804429062661427
26.78,21.78,113.41352070071177,1.0115289343211253,60.69173605926752,3641.504163556051,8.044211267045808,0.3497483159585134,8.138347211853503,0.3538411831240654,8.0,0.4414704235011382,0.43957580858470896,0.44462327693449305,0.4456912560249487,0.45003602322422076,0.44462327693449305,0.6239006336764971,18.60242223911285,-0.0007311803452907384
26.79,21.79,113.45697043409022,1.0115219841169756,60.69131904701854,3641.4791428211124,8.053322275504637,0.3501444467610712,8.138263809403707,0.35383755693059593,8.0,0.44167667163430413,0.43980819021234935,0.4447114111611153,0.4457779350200998,0.4501364466384073,0.4447114111611153,0.6242304585711071,18.60866289457409,-0.0006597972160875543
26.8,21.8,113.50039529951269,1.0115157383768034,60.6909443026082,3641.4566581564923,8.062199590682718,0.3505304169862052,8.138188860521641,0.3538342982835496,8.0,0.4418750764980095,0.4400395665618609,0.444792650751708,0.445858561915777,0.4502297209256982,0.444792650751708,0.6245588566500251,18.614906841150194,-0.0005902939426647436
26.810000000000002,21.810000000000002,113.54379791743716,1.0115101782381224,60.690610694287344,3641.4366416572407,8.070841601411914,0.35090615658312674,8.138122138857469,0.35383139734162905,8.0,0.44206570497863545,0.4402697215738996,0.44486716876754545,0.4459308859312416,0.4503160145327247,0.44486716876754545,0.6248855212549702,18.62115406303972,-0.0005226810159868478
26.82,21.82,113.58718083669284,1.0115052847564838,60.690317085389026,3641.4190251233417,8.07924704456919,0.35127161063344303,8.138063417077806,0.35382884422077415,8.0,0.4422486307106771,0.4404984483429148,0.44493513952416,0.4459972148395049,0.4503954976353585,0.44493513952416,0.6252101587198635,18.627404541439596,-0.0004569660879454318
26.830000000000002,21.830000000000002,113.63054653461465,1.0115010389163634,60.6900623349818,3641.403740098908,8.087414998747239,0.3516267390759669,8.138012466996361,0.3538266289998418,8.0,0.442423933911977,0.4407255490491551,0.44499673848146076,0.4460580359164773,0.4504683420478939,0.44499673848146076,0.6255324882743217,18.633658254674568,-0.0003931552669342864
26.84,21.84,113.67389741701761,1.0114974216511452,60.689845299068715,3641.390717944123,8.095344873988823,0.35197151626038364,8.137969059813742,0.35382474173103223,8.0,0.4425917010995954,0.44095083487171166,0.4450521420436761,0.4461113194707654,0.45053472102133196,0.4450521420436761,0.6258522419202376,18.63991517832554,-0.0003312512310245097
26.85,21.85,113.71723581758698,1.011494413891743,60.68966483350458,3641.3798900102747,8.103036389843922,0.35230592999321403,8.137932966700916,0.3538231724652572,8.0,0.44275202443229117,0.4411741258534105,0.4451015270758961,0.44615839668480023,0.4505948087012202,0.4451015270758961,0.6261691642400183,18.646175285356342,-0.00027125365082270037
26.86,21.86,113.76056399801045,1.0114919965781286,60.68951979468772,3641.371187681263,8.110489568853268,0.3526299812544899,8.137903958937542,0.353821911258154,8.0,0.4429050015349554,0.44139525083108366,0.44514507078777893,0.44620152322750467,0.45064878001397984,0.44514507078777893,0.6264830122976177,18.65243854623903,-0.00021316129459592048
26.87,21.87,113.80388414841208,1.0114901506658511,60.689409039951066,3641.364542397064,8.117704731063679,0.3529436839592904,8.137881807990214,0.3538209481734875,8.0,0.4430507353746755,0.4416140473470875,0.4451829506656182,0.4462378345096058,0.4506968106191646,0.4451829506656182,0.6267935555129518,18.658704929078084,-0.0001569702942347817
26.88,21.88,113.84719838722218,1.0114888571722438,60.689331430334626,3641.3598858200776,8.124682471237147,0.35324706396683253,8.137866286066926,0.3538202733072576,8.0,0.44318933360135665,0.44183036146089416,0.4452153440101847,0.44626696427326407,0.4507390763898174,0.4452153440101847,0.6271005753944864,18.66497439973262,-0.00010267341976089028
26.89,21.89,113.89050876125187,1.011488097197456,60.689285831847364,3641.357149910842,8.131423647874092,0.3535401586032214,8.137857166369471,0.35381987679867266,8.0,0.44332090823785997,0.4420440476452826,0.4452424277255585,0.44629269419001,0.4507757531839961,0.4452424277255585,0.6274038653918981,18.671246921936554,-5.026220259196634e-05
26.900000000000002,21.900000000000002,113.93381724628817,1.011487851928192,60.68927111569152,3641.356266941491,8.137929378540576,0.3538230164582859,8.137854223138305,0.3538197488321002,8.0,0.44344557558267134,0.4422549686895801,0.4452643782780823,0.4463147061234736,0.45080701681979307,0.4452643782780823,0.6277032307587425,18.677522457417307,2.729699701831123e-07
26.91,21.91,113.9771257474425,1.0114881026568554,60.689286159411324,3641.3571695646797,8.14420102857509,0.35409569689456916,8.137857231882265,0.35381987964705497,8.0,0.44356345590697877,0.442462995567794,0.44528137150245073,0.44632879553731547,0.4508330428620294,0.44528137150245073,0.6279984883652912,18.683800966012925,4.894461180526832e-05
26.92,21.92,114.02043609963853,1.0114888308204282,60.68932984922569,3641.3597909535415,8.150240189352255,0.35435826910227197,8.137865969845137,0.35382025955848423,8.0,0.4436746728542774,0.44266800720087823,0.4452935822092397,0.44633732576780594,0.4508540061907724,0.4452935822092397,0.6282894663611097,18.69008240578656,9.576745195971625e-05
26.93,21.93,114.06375006794234,1.0114900180058946,60.689401080353676,3641.3640648212204,8.156048674059331,0.35461081191562316,8.137880216070734,0.35382087895959713,8.0,0.44377935333713586,0.4428698903886566,0.4453011841285725,0.44634524209552034,0.4508700809444983,0.4453011841285725,0.6285760040784356,18.696366733138756,0.00014075681397685003
26.94,21.94,114.1070693483095,1.0114916459567078,60.68949875740247,3641.369925444148,8.161628511041274,0.3548534135235336,8.137899751480493,0.35382172832523884,8.0,0.4438776273877497,0.44306853968175763,0.44530434984082207,0.4463470103863186,0.45088144045016154,0.44530434984082207,0.6288579518504118,18.702653902918403,0.00018392986572735026
26.95,21.95,114.15039556831658,1.011493696603209,60.68962179619255,3641.3773077715528,8.166981925293854,0.3550861706649502,8.137924359238509,0.35382279822776125,8.0,0.4439696276612532,0.4432638571497913,0.4453032504674301,0.4463423297501918,0.4508882568820768,0.4453032504674301,0.6291351706820546,18.708943868531065,0.00022530600760717334
26.96,21.96,114.19373028779084,1.01149615207686,60.689769124611594,3641.3861474766954,8.172111328532052,0.35530918819704577,8.13795382492232,0.3538240793444487,8.0,0.4440554891817339,0.4434557522349158,0.44529805552451224,0.44633646476490507,0.450890701104625,0.44529805552451224,0.6294075320424172,18.71523658204469,0.0002649055240979692
26.97,21.97,114.23707499944769,1.011498994713691,60.68993968282146,3641.3963809692877,8.177019314616814,0.3555225788963832,8.137987936564292,0.353825562459317,8.0,0.4441353492438573,0.443644141652506,0.44528893288445826,0.44632617449528095,0.45088894262886636,0.44528893288445826,0.6296749177236058,18.721531994293517,0.00030274992581524884
26.98,21.98,114.28043112992172,1.0115022070753763,60.69013242452258,3641.4079454713547,8.181708644452637,0.3557264628022886,8.138026484904515,0.35382723847410935,8.0,0.4442093470287767,0.4438289491618956,0.4452760485585655,0.4463106121489719,0.45088314937483204,0.4452760485585655,0.6299372195153891,18.727830054979712,0.00033886253671511213
26.990000000000002,21.990000000000002,114.32380004065472,1.0115057719644251,60.69034631786551,3641.4207790719306,8.18618223448145,0.3559209667165848,8.138069263573101,0.3538290984162218,8.0,0.44427762331621623,0.4440101053822162,0.44525956653947407,0.44629309483874063,0.45087348750017214,0.44525956653947407,0.6301943389438134,18.73413071277201,0.00037326755906264
27.0,22.0,114.36718302849124,1.0115096724265575,60.69058034559345,3641.434820735607,8.19044315287621,0.3561062240380961,8.138116069118691,0.3538311334399431,8.0,0.4443403204043281,0.44418754770394053,0.4452396487737702,0.4462718803011751,0.45086012136554654,0.4452396487737702,0.6304461871456544,18.740433915402456,0.0004059901420490064
27.01,22.01,114.41058132693269,1.0115138917672661,60.69083350603597,3641.4500103621585,8.194494605772324,0.35628237416401404,8.138166701207194,0.3538333348350954,8.0,0.4443975817736841,0.4443612200511729,0.4452164549884839,0.44624625109336996,0.4508432133439671,0.4452164549884839,0.6306926845310297,18.74673960976084,0.0004370569751159792
27.02,22.02,114.45399610725872,1.01151841356606,60.6911048139636,3641.4662888378157,8.19833992524791,0.35644956196730043,8.138220962792719,0.353835694034466,8.0,0.4444495517950149,0.4445310726716585,0.44519014254161193,0.4462186717119972,0.4508229236578226,0.44519014254161193,0.6309337604853542,18.75304774198592,0.0004664955069912935
27.03,22.03,114.4974284791162,1.011523221677406,60.69139330064436,3641.4835980386615,8.201982566301199,0.35660793766526955,8.138278660128872,0.35383820261429877,8.0,0.4444963756700957,0.4446970620561486,0.4451608664091303,0.4461885251820986,0.4507994103579691,0.4451608664091303,0.6311693532548937,18.759358257554624,0.0004943337128153757
27.04,22.04,114.54087949165942,1.0115283002403164,60.69169801441898,3641.501880865139,8.205426097105796,0.3567576563959042,8.138339602883796,0.35384085229929546,8.0,0.4445381992050711,0.44485915074733967,0.4451287790820514,0.44615403277203464,0.45077282920750056,0.4451287790820514,0.6313994096755858,18.765671101369275,0.0005206008935019213
27.05,22.05,114.58435013529478,1.011533633695276,60.692018021716564,3641.521081302994,8.208674182973166,0.3568988775205725,8.138403604343313,0.3538436349714484,8.0,0.4445751684314661,0.44501730703735526,0.44509403038630335,0.4461169338287971,0.45074333348532053,0.44509403038630335,0.631623884743671,18.771986217841373,0.000545327271758822
27.060000000000002,22.060000000000002,114.62784134223747,1.0115392067857516,60.692352407145094,3641.5411444287056,8.211730583201062,0.35703176448700275,8.13847048142902,0.35384654267082694,8.0,0.4446074295412979,0.4451715048890316,0.4450567674642449,0.4460797791421982,0.4507110739611147,0.4450567674642449,0.6318427415039695,18.778303550972613,0.0005685431516724293
27.07,22.07,114.67135398723039,1.0115450045583094,60.692700273498566,3641.562016409914,8.214599147935333,0.35715648469284056,8.138540054699714,0.35384956759563974,8.0,0.4446351288293909,0.44532172384278634,0.4450171347691432,0.4460387796592033,0.45067619887923316,0.4450171347691432,0.6320559509176985,18.78462304443472,0.0005902796134620303
27.080000000000002,22.080000000000002,114.71488888964956,1.0115510123780207,60.69306074268124,3641.5836445608743,8.217283801367918,0.35727320875512686,8.138612148536248,0.35385270211027164,8.0,0.4446584123084543,0.44546794867497547,0.4449752738981221,0.4459932662866034,0.450638853775954,0.4449752738981221,0.63226349137757,18.7909446416462,0.0006105688026067924
27.09,22.09,114.75844681455708,1.0115572159343615,60.69343295606169,3641.6059773637016,8.219788534243888,0.3573821101845169,8.138686591212338,0.3538559387483625,8.0,0.44467742554265055,0.4456101692352648,0.44493132352669074,0.44594796565098,0.450599181405313,0.44493132352669074,0.6324653484769677,18.79726828584547,0.0006294430742244117
27.1,22.1,114.80202847331832,1.011563601239505,60.693816074370304,3641.6289644622184,8.222117402098728,0.3574833653086404,8.13876321487406,0.35385927021191566,8.0,0.44469231362410244,0.4457483803754504,0.4448854194221298,0.44590196559081613,0.4505573217435964,0.4448854194221298,0.6326615149089208,18.8035939201624,0.000646934981894276
27.11,22.11,114.84563452505685,1.0115701546339995,60.69420927803997,3641.6525566823984,8.22427451617145,0.3575771528770196,8.138841855607993,0.3538626893742605,8.0,0.4447032209782691,0.4458825817365511,0.44483769437781656,0.44585191781426836,0.450513411912493,0.44483769437781656,0.6328519901639185,18.809921487687763,0.0006630777520229003
27.12,22.12,114.88926557844106,1.0115768627945456,60.69461176767274,3641.6767060603643,8.226264031830448,0.3576636535578456,8.138922353534547,0.35386618928411073,8.0,0.4447102911137905,0.44601277748366974,0.4447882781245176,0.44580098759615866,0.45046758607804904,0.4447882781245176,0.6330367801535924,18.81625093153935,0.0006779049838172568
27.13,22.13,114.9329221923387,1.0115837127336758,60.69502276402054,3641.7013658412325,8.228090145951441,0.3577430498239757,8.13900455280411,0.3538697631653961,8.0,0.4447136665762036,0.4461389762237953,0.4447372973296537,0.4457494116622897,0.45041997544334206,0.4447372973296537,0.6332158970940515,18.822582194925587,0.0006914503647550418
27.14,22.14,114.97660487707753,1.0115906918018407,60.69544150811044,3641.7264904866265,8.22975709048987,0.3578155256734726,8.139088301622088,0.35387340441835163,8.0,0.44471348882007605,0.4462611908348976,0.444684875568777,0.44569512819643103,0.4503707082104645,0.444684875568777,0.6333893592633114,18.828915221207374,0.0007037479337412833
27.150000000000002,22.150000000000002,115.02031409638127,1.0115977876923505,60.69586726154103,3641.752035692462,8.231269121709934,0.35788126616130145,8.139173452308206,0.3538771066220959,8.0,0.44470989798812827,0.44637943819518144,0.4446311332643817,0.44564001752110655,0.45031990950631123,0.4446311332643817,0.6335571906170184,18.835249953956776,0.0007148319525853708
27.16,22.16,115.06405026806313,1.0116049884408924,60.69629930645355,3641.777958387213,8.232630517481143,0.3579404572817888,8.139259861290709,0.35388086353437864,8.0,0.4447030328642892,0.4464937390969137,0.4445761876865472,0.44558450848622855,0.45026770137780936,0.4445761876865472,0.6337194206661427,18.84158633701319,0.0007247366591087712
27.17,22.17,115.10781376502355,1.0116122824255327,60.69673694553196,3641.8042167319177,8.233845573036511,0.3579932857841962,8.139347389106392,0.3538846690915823,8.0,0.4446930307961632,0.4466041181192597,0.44452015294689207,0.445526761104689,0.4502142027792928,0.44452015294689207,0.6338760842964912,18.847924314538005,0.0007334964533001198
27.18,22.18,115.15160491764398,1.0116196583699584,60.6971795021975,3641.83077013185,8.234918589111988,0.3580399386570429,8.139435900439501,0.3538885174104131,8.0,0.4446800274632352,0.4467106033073866,0.4444631399516442,0.44546778327802694,0.4501595295100473,0.4444631399516442,0.6340272213132516,18.854263831066053,0.0007411458757289324
27.19,22.19,115.19542401447887,1.0116271053430472,60.697626320582835,3641.85757923497,8.23585386921792,0.35808060300947475,8.139525264116568,0.35389240278767686,8.0,0.4446641568293924,0.44681322608637,0.44440525640176975,0.4454099599222576,0.45010379420984065,0.44440525640176975,0.6341728763187978,18.860604831554213,0.0007477193231224533
27.2,22.2,115.23927130279783,1.0116346127564209,60.69807676538525,3641.884605923115,8.236655718594372,0.3581154660258423,8.139615353077051,0.3538963196990022,8.0,0.44464555113579657,0.44691202120413304,0.44434660681421334,0.44535053276262154,0.4500471063779669,0.44434660681421334,0.634313098631702,18.866947261428965,0.0007532511113410578
27.21,22.21,115.28314699091636,1.011642170365274,60.69853022191644,3641.9118133149864,8.237328433848248,0.3581447145151412,8.139706044383288,0.3539002627992734,8.0,0.44462434070863865,0.4470070264305494,0.4442872924995164,0.4452883493325306,0.4499895723364847,0.4442872924995164,0.6344479418596645,18.873291066631424,0.0007577755916798878
27.22,22.22,115.32705124969371,1.0116497682682544,60.69898609609526,3641.9391657657156,8.237876296624057,0.3581685346358286,8.139797219219052,0.35390422692256746,8.0,0.4446006538449624,0.44709828236714944,0.4442274115539775,0.4452268567442626,0.4499312952123313,0.4442274115539775,0.6345774636294244,18.879636193658868,0.0007613269852200233
27.23,22.23,115.37098421293881,1.0116573969049785,60.69944381429871,3641.966628857923,8.238303573150352,0.35818711187610225,8.13988876285974,0.3539082070808583,8.0,0.44457461681674976,0.4471858324077804,0.444167058882086,0.44516692116004486,0.44987237495941673,0.444167058882086,0.6347017255309242,18.88598258960467,0.0007639392682534663
27.240000000000002,22.240000000000002,115.41494597869719,1.0116650470536195,60.69990282321717,3641.9941693930305,8.238614509993349,0.35820063086927606,8.139980564643434,0.35391219846275795,8.0,0.44454635380587076,0.4472697225867789,0.4441063262129208,0.44510463248380167,0.44981290836941196,0.4441063262129208,0.6348207929018173,18.892330202196835,0.0007656462220353433
27.25,22.25,115.45893661139253,1.0116727098294191,60.70036258976515,3642.021755385909,8.238813325674606,0.35820927502933075,8.14007251795303,0.3539161964327404,8.0,0.4445159867597884,0.4473500013136063,0.4440453021021258,0.44504192560261246,0.4497529890594868,0.4440453021021258,0.6349347344508294,18.898678979833598,0.0007664814413672616
27.26,22.26,115.50295614253825,1.011680376682447,60.700822600946815,3642.049356056809,8.23890420878376,0.35821322646885917,8.140164520189362,0.35392019652997225,8.0,0.4444836353686061,0.4474267192934576,0.4439840719500637,0.44498068089268467,0.4496927074880341,0.4439840719500637,0.6350436221450765,18.90502887161658,0.0007664782685097293
27.27,22.27,115.54700457160999,1.0116880393947894,60.70128236368736,3642.0769418212417,8.238891315698652,0.3582126658999414,8.140256472737473,0.35392419446684664,8.0,0.444449417037862,0.4474999294303578,0.4439227180247061,0.44491812484300897,0.44963215097583137,0.4439227180247061,0.6351475310725277,18.911379827382667,0.000765669705636185
27.28,22.28,115.59108186817592,1.0116956900765597,60.701741404593584,3642.104484275615,8.238778763530098,0.3582077723273956,8.140348280918715,0.35392818612690063,8.0,0.44441344678099176,0.4475696865758523,0.4438613194887481,0.4448552902362322,0.44957140371959553,0.4438613194887481,0.6352465390853154,18.917731797733456,0.0007640884248800717
27.29,22.29,115.63518797273898,1.0117033211632869,60.70219926979721,3642.1319561878327,8.238570627861312,0.3581987229504919,8.140439853959442,0.353932167563454,8.0,0.44437583719159746,0.44763604743492125,0.44379995242068093,0.44479390962646725,0.44951054680972874,0.44379995242068093,0.6353407266661965,18.924084734062212,0.0007617668338610883
27.3,22.3,115.67932279727334,1.0117109254132368,60.70265552479421,3642.1593314876527,8.238270941832269,0.35818569312314213,8.140531104958843,0.3539361349982105,8.0,0.4443366984404547,0.44769907051138713,0.44373868983839,0.44473170926531275,0.44944965825621785,0.44373868983839,0.6354301768510687,18.9304385885798,0.0007587368972821196
27.310000000000002,22.310000000000002,115.723486227533,1.0117184959012326,60.70310975407396,3642.1865852444375,8.237883689437927,0.35816885606251864,8.140621950814792,0.3539400848180344,8.0,0.44429613818555247,0.4477588158450973,0.44367760174712695,0.44466879685584876,0.44938881302166933,0.44367760174712695,0.6355149748559477,18.93679331433834,0.0007550301197696285
27.32,22.32,115.76767812401236,1.0117260260156322,60.703561560937935,3642.213693656276,8.237412802970352,0.35814838273784144,8.140712312187587,0.3539440135733733,8.0,0.4442542615411224,0.4478153449048745,0.44361675516398946,0.4446079175851213,0.4493280830403162,0.44361675516398946,0.6355952079250278,18.94314886525224,0.0007506776976313745
27.330000000000002,22.330000000000002,115.81189832236667,1.0117335094551851,60.70401056731111,3642.2406340386665,8.23686216283126,0.35812444186222875,8.140802113462222,0.35394791797661834,8.0,0.4442111710903429,0.4478687205512408,0.44355621414687235,0.4445476150504882,0.449267537252685,0.44355621414687235,0.6356709652777766,18.949505196118256,0.0007457104119623637
27.34,22.34,115.85614663487311,1.0117409402238715,60.70445641343229,3642.2673848059376,8.236235593925983,0.3580971997359123,8.140891282686457,0.3539517948994112,8.0,0.44416696684638884,0.44791900687664654,0.44349603983735164,0.4444854040003836,0.44920724164086506,0.44349603983735164,0.6357423378821675,18.955862262634053,0.0007401584243851289
27.35,22.35,115.90042285246558,1.0117483126236728,60.70489875742037,3642.293925445222,8.235536860666087,0.3580668200289603,8.140979751484075,0.3539556413688728,8.0,0.44412174619866074,0.44796626898308556,0.44343629052082356,0.44442357361612167,0.44914725927436383,0.44343629052082356,0.6358094181390431,18.96222002141416,0.0007340514423077593
27.36,22.36,115.94472674499924,1.0117556212527177,60.70533727516306,3642.3202365097836,8.234769666784802,0.3580334637732523,8.141067455032612,0.3539594545666353,8.0,0.44407560391897544,0.44801057295801167,0.44337702164348397,0.4443652104636972,0.4490876503297638,0.44337702164348397,0.6358722998479338,18.968578430004094,0.0007274188306780616
27.37,22.37,115.98905806203828,1.0117628610002862,60.70577166001718,3642.3462996010308,8.233937654519107,0.35799728932691766,8.141154332003435,0.3539632318262363,8.0,0.44402863217253397,0.4480519857999667,0.4433182858576205,0.4443058764793804,0.44902847214137676,0.4433182858576205,0.6359310781014988,18.974937446893843,0.0007202893272832966
27.38,22.38,116.03341653476775,1.0117700270392633,60.7062016223558,3642.372097341348,8.233044400296063,0.35795845218678535,8.141240324471159,0.3539669706291808,8.0,0.443980920478158,0.44809057521362844,0.44326013308567497,0.4442459773464132,0.44896977924926607,0.44326013308567497,0.635985848994634,18.981297031529323,0.0007126910690189447
27.39,22.39,116.07780187684217,1.0117771148216665,60.70662688929999,3642.3976133579995,8.232093413390556,0.3579171049300242,8.14132537786,0.3539706686026087,8.0,0.4439325557068122,0.44812640952483285,0.44320261055992327,0.4441888081368262,0.44891162343722685,0.44320261055992327,0.6360367095038594,18.987657144321815,0.000704651791117783
27.400000000000002,22.400000000000002,116.12221378488516,1.0117841200750857,60.70704720450514,3642.4228322703084,8.231088135600618,0.3578733972000269,8.141409440901029,0.353974323517436,8.0,0.44388362209427806,0.44815955763556237,0.443145762855128,0.4441315213453989,0.4488540537703131,0.443145762855128,0.6360837574234343,18.994017746656453,0.0006961986316440516
27.41,22.41,116.16665194015226,1.0117910387942994,60.707462327657964,3642.447739659478,8.230031938422217,0.35782747558357464,8.141492465531593,0.3539779332839823,8.0,0.44383420123269995,0.44819008885542794,0.4430896319624859,0.4440741006211585,0.4487971166587674,0.4430896319624859,0.6361270911261745,19.0003788008992,0.0006873580399755497
27.42,22.42,116.21111600950739,1.0117978672358852,60.70787203415311,3642.472322049187,8.228928121628929,0.3577794835490839,8.141574406830621,0.35398149594915745,8.0,0.4437843720723351,0.4482180728052255,0.44303425733773527,0.4440189392119348,0.4487408559019361,0.44303425733773527,0.636166809426569,19.006740270401963,0.0006781560535031872
27.43,22.43,116.25560564574457,1.0118046019153695,60.70827611492217,3642.49656689533,8.227779913340347,0.3577295614495803,8.141655222984433,0.3539850096949753,8.0,0.44373421093784166,0.44824357939102905,0.4429796759277579,0.44396417421582374,0.44868531272143214,0.4429796759277579,0.636203011544008,19.013102119506815,0.0006686181259851764
27.44,22.44,116.30012048911003,1.011811239598405,60.708674375904295,3642.520462554258,8.226590468019435,0.3576778464356276,8.141734875180859,0.35398847283395035,8.0,0.44368379153703635,0.44826667865618797,0.44292592224978494,0.4439090255390808,0.4486305258321165,0.44292592224978494,0.6362357968927207,19.019464313549,0.0006587689178516598
27.45,22.45,116.3446601684981,1.0118177772937265,60.709066637623586,3642.5439982574153,8.225362864959603,0.357624472389548,8.141813327524718,0.3539918838054225,8.0,0.44363318496927534,0.4482874406656022,0.44287302845474064,0.44385585486706036,0.44857653149809507,0.44287302845474064,0.6362652649175232,19.02582681885805,0.0006486325883869881
27.46,22.46,116.38922430175249,1.0118242122501726,60.70945273501036,3642.5671641006215,8.224100108506565,0.35756956993506805,8.14189054700207,0.35399524117400305,8.0,0.4435824597451462,0.4483059354832186,0.4428210243552671,0.4438047844241174,0.4485233635674226,0.4428210243552671,0.6362915150618789,19.03218960275795,0.0006382329080736326
27.47,22.47,116.43381249633718,1.011830541951888,60.709832517113284,3642.5899510267973,8.22280512762714,0.35751326641857134,8.141966503422656,0.353998543627072,8.0,0.44353168180358954,0.4483222331118207,0.44276993746973425,0.4437525799377774,0.4484710535174135,0.44276993746973425,0.6363146466824404,19.03855263356667,0.0006275927928314218
27.48,22.48,116.47842435123574,1.0118367641060293,60.71020584636176,3642.6123507817056,8.221480774073234,0.35745568582927106,8.142041169272352,0.3540017899683631,8.0,0.4434809145410245,0.4483364033153728,0.4427197931339418,0.4437003082073759,0.4484196305527406,0.4427197931339418,0.636334758796899,19.04491588059407,0.0006167344234100369
27.490000000000002,22.490000000000002,116.52305945725945,1.0118428766403562,60.71057259842137,3642.6343559052825,8.220129822289937,0.3573969487952147,8.142114519684274,0.35400497911670753,8.0,0.4434302188220584,0.4483485155924642,0.44267061452338763,0.4436519941419013,0.44836912162842996,0.44267061452338763,0.6363519500462922,19.051279314138284,0.0006056796575109047
27.5,22.5,116.56771739740229,1.0118488776991794,60.710932661950764,3642.655959717046,8.218754969944962,0.3573371726063027,8.142186532390152,0.35400811010391964,8.0,0.44337965301062404,0.4483586391529002,0.44262242269172364,0.443604096838245,0.44831955149907277,0.44262242269172364,0.6363663186617796,19.057642905481824,0.0005944496844563218
27.51,22.51,116.61239774817349,1.0118547656340453,60.71128593804272,3642.6771562825634,8.217358836988875,0.35727647117342937,8.142257187608543,0.35401118206993665,8.0,0.44332927300030633,0.4483668427969258,0.44257523665603177,0.4435554302631705,0.44827094279320556,0.44257523665603177,0.6363779622932216,19.0640066268866,0.0005830648824556306
27.52,22.52,116.657100080487,1.0118605389968285,60.71163233980971,3642.6979403885825,8.215943965376692,0.3572149550163779,8.142326467961942,0.3540141942592149,8.0,0.44327913224446747,0.4483731948383844,0.4425290734606543,0.4435095715494053,0.4482233160741615,0.4425290734606543,0.6363869779001176,19.070370451587564,0.0005715451417316331
27.53,22.53,116.70182395990818,1.01186619653688,60.7119717922128,3642.718307532768,8.214512819453182,0.3571527312805731,8.14239435844256,0.3540171460192417,8.0,0.4432292817784018,0.44837776308872634,0.4424839482042745,0.4434647089042759,0.4481766898734235,0.4424839482042745,0.6363934617289078,19.07673435378571,0.0005599097987385449
27.54,22.54,116.74656894764956,1.0118717371928032,60.71230423156819,3642.7382538940915,8.213067785886327,0.35708990373418814,8.14246084631364,0.35402003679624516,8.0,0.4431797702602251,0.4483806147738154,0.4424398741162972,0.44341965984018705,0.4481310807635171,0.4424398741162972,0.6363975091948951,19.083098308640327,0.0005481773810274149
27.55,22.55,116.79133460152578,1.0118771600845007,60.71262960507004,3642.7577763042027,8.211611173644773,0.35702657276716404,8.142525921014009,0.3540228661310439,8.0,0.44313064401087376,0.4483818164545152,0.4423968626307567,0.4433767934830239,0.44808650342741874,0.4423968626307567,0.6363992147695319,19.08946229226015,0.0005363658906105684
27.560000000000002,22.560000000000002,116.83612047615578,1.0118824645106155,60.71294787063693,3642.7768722382157,8.21014521442347,0.35696283540971613,8.142589574127385,0.3540256336577124,8.0,0.44308194703545645,0.4483814340148379,0.44235492341073185,0.4433353170514686,0.4480429706885659,0.44235492341073185,0.6363986719635986,19.095826281693817,0.0005244928587799791
27.57,22.57,116.88092612369961,1.0118876499416762,60.71325899650057,3642.795539790034,8.20867206298092,0.35689878534699654,8.142651799300115,0.354028339100005,8.0,0.4430337210646243,0.4483795326047901,0.44231406441257076,0.4432935658624449,0.44800049357437327,0.44231406441257076,0.6363959732460838,19.102190254919865,0.0005125749710188643
27.580000000000002,22.580000000000002,116.92575109497906,1.011892716010036,60.713562960602154,3642.813777636129,8.207193797486164,0.3568345129341811,8.142712592120432,0.35403098226610574,8.0,0.4429860056119034,0.4483761765513117,0.4422742919799206,0.44325320167704957,0.4479590814040265,0.4422742919799206,0.6363912099177774,19.108554190835687,0.0005006282702098019
27.59,22.59,116.97059493970342,1.0118976625070804,60.713859750424824,3642.8315850254894,8.205712419967188,0.35677010521596475,8.142771950084963,0.3540335630471723,8.0,0.4429388379963914,0.4483714293446975,0.4422356108703305,0.44321585120026574,0.44791874181864894,0.4422356108703305,0.6363844720919987,19.114918069245736,0.0004886685216050068
27.6,22.6,117.01545720667053,1.011902489380468,60.71414936282808,3642.848961769685,8.204229856838444,0.35670564594949755,8.142829872565617,0.3540360814158964,8.0,0.442892253367176,0.4483653536281312,0.4421980242816881,0.44317803920314913,0.4478794808139169,0.4421980242816881,0.6363758486797414,19.121281870849597,0.0004767107222178879
27.61,22.61,117.06033744505822,1.0119071967215247,60.71443180329148,3642.865908197489,8.20274795981505,0.3566412156441326,8.142886360658297,0.3540385374199259,8.0,0.44284628478381755,0.44835801110084467,0.44216153397070596,0.4431396140840368,0.44784130285033497,0.44216153397070596,0.6363654272522257,19.127645577229256,0.00046476902847558677
27.62,22.62,117.10523520482641,1.0119117847610375,60.71470708566225,3642.882425139735,8.201268506338772,0.3565768915799466,8.14294141713245,0.3540409311796717,8.0,0.4428009632454815,0.4483494624895806,0.4421261402926322,0.4431046504463607,0.44780421089207445,0.4421261402926322,0.6363532940003939,19.13400917083552,0.0004528572696074207
27.63,22.63,117.15015003681624,1.0119162538669169,60.714975232015014,3642.8985139209008,8.199793200324905,0.35651274784021325,8.142995046403001,0.354043262887087,8.0,0.442756317717187,0.4483397675490787,0.4420918422240686,0.44307139478691593,0.4477682064382895,0.4420918422240686,0.6363395337356013,19.1403726349742,0.0004409887787488742
27.64,22.64,117.19508149344226,1.0119206045366125,60.71523627219675,3642.914176331805,8.19832367306494,0.3564488553506495,8.143047254439349,0.3540455328017108,8.0,0.44271237518495077,0.44832898501496865,0.44205863743477536,0.4430371667031802,0.44773328959220193,0.44205863743477536,0.6363242298227549,19.146735953791993,0.0004291760899803876
27.650000000000002,22.650000000000002,117.24002912944601,1.0119248373887164,60.71549024332298,3642.929414599379,8.196861484291288,0.3563852819257082,8.143098048664598,0.35404774124628685,8.0,0.4426691607176768,0.4483171725532807,0.44202652236723894,0.44300501859758906,0.44769945913753584,0.44202652236723894,0.6363074641086541,19.15309911226165,0.0004174312024787241
27.66,22.66,117.28499250202645,1.0119289531606621,60.715737189639725,3642.9442313783834,8.195408122779181,0.356322092294747,8.143147437927945,0.35404988860556286,8.0,0.44262669749024297,0.4483043867566359,0.44199549225893686,0.4429748107159674,0.4476667125650872,0.44199549225893686,0.6362893169165817,19.159462096166774,0.0004057657233360601
27.67,22.67,117.3299711712633,1.011932952703183,60.71597716219098,3642.958629731459,8.193965007352,0.3562593481457391,8.143195432438198,0.3540519753233999,8.0,0.44258500683032725,0.44829068312070086,0.44196554119529563,0.4429442961785076,0.4476350461270594,0.44196554119529563,0.6362698670128869,19.165824892086423,0.00039419053850764385
27.68,22.68,117.3749647008382,1.0119368369714323,60.71621021828594,3642.972613097156,8.192533488328694,0.3561971081882041,8.143242043657189,0.3540540018981386,8.0,0.44254410828970303,0.4482761160007766,0.44193666219430056,0.442915301419112,0.44760445491912776,0.44193666219430056,0.6362491915453701,19.17218748737921,0.0003827159611375919
27.69,22.69,117.4199726581848,1.0119406070224057,60.71643642134434,3642.9861852806603,8.191114848187045,0.35613542818204547,8.143287284268869,0.3540559688812552,8.0,0.4425040196697191,0.4482607386070624,0.44190884723140583,0.44288839852686906,0.4475749329083117,0.44190884723140583,0.6362273660365608,19.17854987016712,0.00037135199579552136
27.7,22.7,117.46499461471322,1.0119442640113483,60.7166558406809,3642.999350440854,8.189710302421311,0.3560743609748396,8.143331168136179,0.354057876875486,8.0,0.44246475705562854,0.44824460299598334,0.44188208727417794,0.4428612722864734,0.44754647297046074,0.44188208727417794,0.6362044643714092,19.18491202931916,0.0003601079530142215
27.71,22.71,117.51003014656735,1.011947809181466,60.71686855088796,3643.0121130532775,8.188321001554971,0.3560139565893466,8.143373710177592,0.3540597265294605,8.0,0.44242633490526606,0.4482277600303069,0.44185637238079234,0.4428347488080204,0.4475190669862103,0.44185637238079234,0.6361805587406777,19.191273954434724,0.0003489924927322363
27.72,22.72,117.5550788347906,1.011951243861203,60.71707463167218,3643.024477900331,8.186948031815128,0.35595426225283167,8.143414926334437,0.3540615185362798,8.0,0.44238876607524585,0.4482102593731396,0.4418316917263074,0.44281138837314066,0.44749270586847234,0.4418316917263074,0.636155719632421,19.19763563582659,0.00033801405115241323
27.73,22.73,117.60014026536518,1.011954569462489,60.71727416774934,3643.0364500649603,8.185592415840713,0.35589532242785704,8.143454833549868,0.35406325363260294,8.0,0.4423520618434174,0.44819214949308583,0.44180803361999055,0.442788279066673,0.44746737958531624,0.44180803361999055,0.6361300158393081,19.203997064503948,0.0003271805371980463
27.740000000000002,22.740000000000002,117.64521402979643,1.011957787471947,60.71746724831682,3643.0480348990095,8.184255114665955,0.3558371788985198,8.143493449663364,0.3540649325940593,8.0,0.4423162319894585,0.44817347763844473,0.4417853855898608,0.4427640668490269,0.44744307724236354,0.4417853855898608,0.6361035144219984,19.210358232155254,0.0003164991190232058
27.75,22.75,117.69029972549278,1.0119608994448694,60.71765396669217,3643.05923800153,8.182937029169945,0.3557798708334759,8.143530793338433,0.3540665562321058,8.0,0.44228128485173845,0.44815428982229133,0.4417637344407508,0.44274218185220343,0.4474197871404564,0.4417637344407508,0.6360762806879686,19.2167191311308,0.00030597660607867283
27.76,22.76,117.73539695576615,1.0119639070040685,60.71783442024411,3643.0700652146465,8.181639000649056,0.3557234348108285,8.143566884048822,0.354068125393427,8.0,0.4422472273439747,0.44813463082923477,0.44174306626581816,0.44272306714449616,0.4473974967913703,0.44174306626581816,0.636048378201103,19.22307975442525,0.00029561952403867053
27.77,22.77,117.7805053300555,1.0119668118353502,60.71800871012101,3643.0805226072607,8.180361812155928,0.3556679048763447,8.143601742024202,0.354069640957574,8.0,0.44221406500288457,0.4481145442124192,0.4417233664905325,0.4427029016635458,0.4473761929638365,0.4417233664905325,0.6360198687774384,19.22944009566014,0.00028543377160872296
27.78,22.78,117.82562446438811,1.0119696156795006,60.718176940770036,3643.090616446202,8.179106190619251,0.3556133126356196,8.143635388154006,0.3540711038327829,8.0,0.44218180206720703,0.4480940722795922,0.4417046199501782,0.442683649968108,0.44735586175978015,0.4417046199501782,0.6359908124653897,19.235800149066357,0.00027542473851127625
27.79,22.79,117.87075398145292,1.0119723203301205,60.718339219807234,3643.100353188434,8.177872807625892,0.3555596872880823,8.143667843961445,0.35407251495484543,8.0,0.4421504415031155,0.4480732560961373,0.441686810911097,0.44266701575597184,0.44733648863790526,0.441686810911097,0.635961267550054,19.242159909466434,0.0002655975667167354
27.8,22.8,117.91589351069513,1.011974927630835,60.7184956578501,3643.109739471006,8.176662280428939,0.35550705567082347,8.14369913157002,0.35407387528565304,8.0,0.4421199850370593,0.4480521354890656,0.4416699230980753,0.442650012050833,0.447318058443698,0.4416699230980753,0.6359312905588768,19.24851937225698,0.00025595688072144185
27.810000000000002,22.810000000000002,117.96104268867828,1.011977439467735,60.7186463680641,3643.118782083846,8.175475174252902,0.35545544235882187,8.14372927361282,0.354075185809253,8.0,0.4420904332359193,0.44803074904355955,0.44165393976787254,0.4426335942188854,0.4473005554831645,0.44165393976787254,0.6359009362567456,19.254878533391057,0.00024650679545601406
27.82,22.82,118.0062011591766,1.011979857766744,60.718791466004646,3643.127487960279,8.174312003238999,0.3554048697060434,8.143758293200928,0.3540764475304751,8.0,0.4420617855376642,0.44800913410633686,0.4416388437350479,0.44261961013997064,0.4472839635501791,0.4416388437350479,0.6358702576507652,19.261237389360595,0.00023725121705098218
27.830000000000002,22.830000000000002,118.05136857319026,1.011982184492076,60.71893106952456,3643.1358641714733,8.17317323115409,0.35535535787626477,8.143786213904912,0.3540776614741266,8.0,0.4420340402724195,0.4479873267928024,0.4416246173873143,0.4426055167882278,0.44726826594453356,0.4416246173873143,0.6358393060004077,19.26759593717885,0.0002281936002290763
27.84,22.84,118.09654458924297,1.0119844216387486,60.719065298324914,3643.1439178994947,8.172059273935682,0.35530692495372534,8.143813059664982,0.35407882868108614,8.0,0.44200719474663336,0.44796536199184966,0.4416112427587402,0.44259128285373267,0.44725344554592017,0.4416112427587402,0.635808130824328,19.273954174362974,0.00021933686527830787
27.85,22.85,118.14172887349231,1.0119865712293816,60.719194273762895,3643.1516564257736,8.1709705008514,0.35525958699353916,8.14383885475258,0.3540799502066339,8.0,0.4419812452803877,0.44794327337018963,0.4415987015611573,0.44257968489533617,0.4472394848462599,0.4415987015611573,0.6357767799065077,19.280312098916628,0.00021068372515031797
27.86,22.86,118.18692109969673,1.0119886353132517,60.7193181187951,3643.1590871277062,8.169907235111179,0.35521335804831217,8.143863623759021,0.3540810271199574,8.0,0.44195618722366703,0.44792109338243863,0.4415869751938305,0.4425691084289785,0.4472263659623723,0.4415869751938305,0.6357452993105729,19.28666970931271,0.00020223661510243574
27.87,22.87,118.23212094935306,1.0119906159616836,60.719436957701014,3643.166217462061,8.168869755626275,0.3551682502446207,8.143887391540204,0.354082060501748,8.0,0.4419320150117639,0.4478988532802429,0.4415760447887921,0.4425570969051268,0.44721407068241803,0.4415760447887921,0.635713733392745,19.29302700447623,0.0001939974344296047
27.88,22.88,118.27732811187683,1.0119925152619402,60.71955091571641,3643.173054942985,8.167858299353824,0.3551242738849489,8.143910183143284,0.3540830514410123,8.0,0.44190872223878097,0.4478765831246019,0.44156589127096474,0.442545999331731,0.44720258052725825,0.44156589127096474,0.6356821248193313,19.29938398376729,0.00018596774302181984
27.89,22.89,118.3225422845839,1.0119943353165441,60.71966011899265,3643.179607139559,8.16687306171743,0.3550814374659752,8.14393202379853,0.3540840010347187,8.0,0.4418863016688489,0.44785431179242513,0.4415564953650655,0.44253836636558147,0.4471918767588531,0.4415564953650655,0.6356505145760318,19.305740646964267,0.00017814896437329253
27.900000000000002,22.900000000000002,118.36776317267567,1.0119960782412276,60.71976469447365,3643.1858816684194,8.165914197705682,0.35503974772633407,8.143952938894731,0.35408491038672746,8.0,0.44186474526677455,0.44783206699082106,0.44154783761623223,0.4425298300304256,0.44718194040362946,0.44154783761623223,0.6356189419882193,19.31209699424709,0.00017054212732148244
27.91,22.91,118.41299048937806,1.0119977461590905,60.71986476954543,3643.191886172726,8.164981824258305,0.3549992097503611,8.143972953909087,0.3540857806047429,8.0,0.4418440442708941,0.44780987527341254,0.44153989844770564,0.4425209846900863,0.447172752311,0.44153989844770564,0.6355874447440963,19.318453026180748,0.0001631478626933358
27.92,22.92,118.45822395595184,1.0119993411984816,60.71996047190889,3643.1976283145336,8.164076021300462,0.35495982701306356,8.14399209438178,0.3540866127992078,8.0,0.4418241892226719,0.44778776205168797,0.4415326581819951,0.4425149695213829,0.44716429317611983,0.4415326581819951,0.6355560589108064,19.324808743699023,0.00015596663731543003
27.93,22.93,118.50346330165779,1.0120008654918369,60.72005192951021,3643.203115770613,8.163196832476066,0.35492160141200285,8.144010385902043,0.3540874080826975,8.0,0.4418051699861161,0.44776575160665943,0.4415260970527175,0.44250873259292084,0.44715654355360607,0.4415260970527175,0.63552481895098,19.33116414808833,0.00014899862381412277
27.94,22.94,118.54870826380294,1.012002321170958,60.72013927025748,3643.2083562154485,8.162344267357753,0.35488453336338055,8.144027854051494,0.35408816756745626,8.0,0.4417869758118441,0.44774386711102077,0.4415201952516262,0.4425022101061589,0.44714948390636,0.4415201952516262,0.6354937577541853,19.337519240971858,0.000142243631550798
27.95,22.95,118.59395858774448,1.012003710364468,60.720222621868075,3643.2133573120846,8.16151830272524,0.3548486218576191,8.144044524373616,0.35408889236407026,8.0,0.44176959537321375,0.4477221306438888,0.4415149329540629,0.44249792434147567,0.4471430946324556,0.4415149329540629,0.6354629066578495,19.343874024293918,0.00013570131171292132
27.96,22.96,118.6392140268415,1.012005035197192,60.72030211183153,3643.2181267098917,8.16071888308258,0.3548138644818513,8.144060422366305,0.3540895835811437,8.0,0.441753016779028,0.44770056320108903,0.4415102903254598,0.44249385080367976,0.44713735607314614,0.4415102903254598,0.6354322954618583,19.350228500304517,0.00012937108966326605
27.97,22.97,118.6844743424437,1.0120062977862612,60.72037786717567,3643.2226720305403,8.159945922691325,0.3547802575083185,8.144075573435135,0.35409024232326675,8.0,0.4417372276302306,0.4476791847201058,0.441506247560438,0.4424890407743614,0.4471322485539341,0.441506247560438,0.6354019524639681,19.356582671544146,0.0001232520393088521
27.98,22.98,118.72973930387687,1.0120075002379783,60.7204500142787,3643.227000856722,8.15919930722991,0.35474779596651784,8.144090002855739,0.35409086968938,8.0,0.441722215065896,0.4476580141009124,0.44150278491428036,0.44248593797198876,0.447127752417674,0.44150278491428036,0.6353719044893704,19.362936540828915,0.00011734305321908778
27.990000000000002,22.990000000000002,118.77500868838585,1.0120086446473255,60.72051867883953,3643.231120730372,8.158478894284949,0.354716473664563,8.144103735767906,0.3540914667725177,8.0,0.4417079657747698,0.4476370692166689,0.44149988270821683,0.4424845647572893,0.44712384803117355,0.44149988270821683,0.6353421769058761,19.36929011123589,0.00011164291826304407
28.0,23.0,118.82028228108749,1.0120097330963436,60.720583985780614,3643.2350391468367,8.157784514376,0.3546862832337392,8.144116797156123,0.35409203465896183,8.0,0.4416944660221819,0.44761636692987306,0.44149752134594283,0.4424816684337067,0.44712051580312334,0.44149752134594283,0.6353127936468381,19.375643386088655,0.00010615011505876737
28.01,23.01,118.8655598749007,1.0120107676496266,60.72064605897759,3643.238763538656,8.1571159735517,0.3546572162413783,8.14412921179552,0.35409257442589215,8.0,0.441681701719966,0.4475959231289696,0.44149568135916484,0.4424784229635362,0.44711773623217144,0.44149568135916484,0.6352837772631125,19.381996368943206,0.0001008628633059061
28.02,23.02,118.91084127051205,1.0120117503536097,60.72070502121658,3643.242301272995,8.156473053898665,0.35462926321298543,8.144141004243316,0.35409308714101373,8.0,0.4416696584393369,0.4475757527372961,0.44149434341494875,0.4424789409725517,0.4471154899150512,0.44149434341494875,0.635255148935755,19.3883490635742,9.577932813442658e-05
28.03,23.03,118.95612627629079,1.0120126832361893,60.72076099417136,3643.2456596502816,8.155855514094869,0.3546024136562987,8.144152198834272,0.3540935738623596,8.0,0.4416583214229983,0.4475558697269557,0.4414934883200319,0.4424791660786015,0.4471137575523728,0.4414934883200319,0.6352269284957114,19.39470147396136,9.089749916313394e-05
28.04,23.04,119.00141470820269,1.012013568303593,60.72081409821558,3643.2488458929347,8.155263091373149,0.3545766561466587,8.144162819643114,0.35409403563665715,8.0,0.441647675636627,0.44753628714934407,0.44149309705270057,0.4424768711854581,0.44711251998239093,0.44149309705270057,0.6351991344671449,19.40105360427617,8.621509783779402e-05
28.05,23.05,119.04670638972105,1.012014407538146,60.720864452288765,3643.251867137326,8.154695503040362,0.35455197839305924,8.144172890457753,0.35409447349816314,8.0,0.4416377058077537,0.44751701716071396,0.44149315078569223,0.44247700928832523,0.44711175820569016,0.44149315078569223,0.6351717841037208,19.407405458869025,8.17297259416705e-05
28.060000000000002,23.060000000000002,119.09200115176331,1.0120152028981118,60.7209121738867,3643.254730433202,8.154152446828734,0.35452836725342324,8.144182434777342,0.35409488846858006,8.0,0.44162839643303015,0.44749807103177763,0.44149363088818894,0.4424794134322056,0.4471114533880585,0.44149363088818894,0.6351448934022349,19.413757042256556,7.743890518696617e-05
28.07,23.07,119.13729883259097,1.0120159563162499,60.720957378974994,3643.2574427385,8.153633602055319,0.3545058087850138,8.144191475794997,0.3540952815563042,8.0,0.441619731806602,0.44747945916999343,0.44149451894084685,0.442479549198678,0.4471115868770131,0.44149451894084685,0.6351184771342459,19.420108359109236,7.333995769442936e-05
28.080000000000002,23.080000000000002,119.18259927767127,1.0120166696972657,60.72100018183594,3643.2600109101563,8.153138631515944,0.35448428832678014,8.144200036367188,0.3540956537550951,8.0,0.4416116960673973,0.4474611911537824,0.4414957967621909,0.44248043751120103,0.44711214023037255,0.4414957967621909,0.6350925488946396,19.426459414239382,6.943005814719072e-05
28.09,23.09,119.22790233961123,1.0120173449174128,60.72104069504477,3643.2624417026864,8.152667181967278,0.35446379052031646,8.144208139008953,0.3540960060438675,8.0,0.4416042732099117,0.44744327574388437,0.4414974464129879,0.4424834929018288,0.44711309522143344,0.4414974464129879,0.6350671211177473,19.43281021258944,6.570632081803751e-05
28.1,23.1,119.2732078780573,1.012017983823682,60.72107902942092,3643.264741765255,8.152218884969525,0.3544442993465011,8.144215805884183,0.35409633938626883,8.0,0.4415974471036554,0.4474257209019609,0.4414994502049772,0.44248528088351163,0.4471144338489303,0.4414994502049772,0.6350422051037488,19.43916075922055,6.216571441086671e-05
28.11,23.11,119.31851575952625,1.012018588231701,60.72111529390206,3643.2669176341237,8.151793358679235,0.354425798203445,8.144223058780412,0.3540966547295831,8.0,0.44159120153630543,0.44740853382626034,0.4415017907229272,0.4424874539162444,0.4471161383612562,0.4415017907229272,0.6350178110692927,19.445511059301413,5.880507968214488e-05
28.12,23.12,119.36382585732692,1.0120191599252757,60.72114959551654,3643.2689757309927,8.151390208418011,0.3544082699312178,8.144229919103308,0.3540969530044917,8.0,0.44158552022636754,0.44739172096508145,0.44150445082970047,0.4424911967458396,0.44711819126237917,0.44150445082970047,0.6349939481666066,19.451861118097593,5.562121329205638e-05
28.13,23.13,119.40913805147021,1.0120197006559668,60.721182039358006,3643.27092236148,8.151009027271401,0.354391696837887,8.144236407871603,0.35409723512485225,8.0,0.4415803868362118,0.4473752880315943,0.4415074136710386,0.4424940722951135,0.4471205753175221,0.4415074136710386,0.6349706245045316,19.458210940960946,5.2610798455532404e-05
28.14,23.14,119.45445222845858,1.0120202121412447,60.72121272847468,3643.272763708481,8.150649397931051,0.354376060779611,8.144242545694937,0.35409750198673634,8.0,0.44157578501483014,0.4473592400436964,0.44151066269531186,0.4424968304304682,0.4471232735752463,0.44151066269531186,0.6349478472050916,19.464560533319496,4.977040392617482e-05
28.150000000000002,23.150000000000002,119.499768281202,1.0120206960640454,60.72124176384273,3643.2745058305636,8.150310893279611,0.35436134318607004,8.144248352768546,0.35409775446819763,8.0,0.44157169841069954,0.44734358133814295,0.4415141816584731,0.442501604312964,0.4471262693732244,0.4415141816584731,0.6349256224235486,19.47090990066764,4.709657792290045e-05
28.16,23.16,119.54508610894752,1.0120211540728032,60.721269244368195,3643.276154662092,8.149993076674166,0.3543475250727899,8.144253848873639,0.35409799342928866,8.0,0.441568110676778,0.44732831557999736,0.44151795462415483,0.44250578908380106,0.44712954633885926,0.44151795462415483,0.6349039553618164,19.477259048556565,4.45857991877574e-05
28.17,23.17,119.5904056170537,1.0120215877800292,60.72129526680175,3643.277716008105,8.149695503636787,0.3543345871146429,8.14425905336035,0.3540982197113196,8.0,0.44156500550836075,0.44731344580200855,0.4415219659792671,0.44250865853088833,0.44713308840707394,0.4415219659792671,0.6348828503243492,19.483607982584996,4.223443814055372e-05
28.18,23.18,119.63572671685455,1.012021998761566,60.721319925693955,3643.2791955416374,8.149417722815503,0.3543225096876306,8.144263985138792,0.35409843413646924,8.0,0.4415623666642704,0.44729897442766803,0.4415262004422787,0.44251325807030684,0.4471368798298609,0.4415262004422787,0.6348623107508675,19.48995670839037,4.0038835258826566e-05
28.19,23.19,119.68104932558784,1.0120223885567343,60.72134331340406,3643.2805988042437,8.149159276216576,0.35431127287898156,8.144268662680812,0.35409863750786136,8.0,0.4415601779703422,0.4472849032801681,0.44153064306218515,0.4425196376901158,0.4471409051757035,0.44153064306218515,0.6348423392290724,19.49630523164027,3.799532155568386e-05
28.2,23.2,119.72637336627557,1.012022758667997,60.72136552007982,3643.281931204789,8.148919699886081,0.3543008565167861,8.144273104015966,0.3540988306093898,8.0,0.4415584233334826,0.44727123360076665,0.4415352792225912,0.44252352100322795,0.44714514933459837,0.4415352792225912,0.6348229375207113,19.50265355802402,3.6100157196017335e-05
28.21,23.21,119.7716987674549,1.0120231105598783,60.721386633592694,3643.2831980155615,8.14869852561313,0.35429124024404907,8.144277326718539,0.3540990142051539,8.0,0.44155708677801087,0.44725796609210133,0.4415400946541584,0.4425263888745966,0.44714959753278866,0.4415400946541584,0.6348041066230551,19.509001693244738,3.434954510339594e-05
28.22,23.22,119.81702546311674,1.0120234456588992,60.721406739533954,3643.2844043720374,8.148495281224273,0.35428240353149015,8.14428134790679,0.35409918903942567,8.0,0.4415561524513159,0.4472451009269629,0.4415450754356144,0.44253338547076737,0.4471542353342049,0.4415450754356144,0.6347858467813499,19.51534964301176,3.2739696109729266e-05
28.23,23.23,119.8623533926126,1.0120237653538005,60.721425921228025,3643.2855552736814,8.148309490869105,0.35427432568996103,8.144285184245605,0.35409935583676544,8.0,0.4415556046279115,0.44723263775976013,0.4415502079920925,0.4425394873368299,0.44715904863930617,0.4415502079920925,0.6347681575050895,19.521697413033195,3.126680248044522e-05
28.240000000000002,23.240000000000002,119.9076825004361,1.0120240709949488,60.72144425969693,3643.286655581816,8.148140676257448,0.3542669859242369,8.144288851939386,0.3540995153017124,8.0,0.44155542773484946,0.44722057575999025,0.4415554791023828,0.4425428627047185,0.44716402369400976,0.4415554791023828,0.6347510376155213,19.5280450090088,2.992701462289915e-05
28.25,23.25,119.95301273606078,1.012024363894093,60.72146183364558,3643.2877100187347,8.147988357477391,0.35426036336858224,8.144292366729115,0.3540996681186572,8.0,0.4415556063677752,0.4472089136358968,0.4415608759023609,0.4425489648228418,0.4471691470942795,0.4415608759023609,0.6347344852792238,19.53439243662327,2.8716480962032165e-05
28.26,23.26,119.99834405387448,1.012024645324568,60.721478719474085,3643.288723168445,8.147852053172688,0.3542544370944647,8.144295743894816,0.3540998149519485,8.0,0.44155612529309557,0.44719764964229886,0.44156638588332686,0.44255566065935686,0.4471744057847636,0.44156638588332686,0.6347184980192194,19.540739701539763,2.7631354797108543e-05
28.27,23.27,120.04367641299795,1.0120249165211888,60.72149499127133,3643.2896994762796,8.147731281372662,0.35424918614663753,8.144298998254264,0.3540999564458376,8.0,0.4415569694635547,0.44718678160605096,0.4415719968941758,0.44256044446572496,0.44717978706216155,0.4415719968941758,0.6347030727511099,19.547086809393615,2.666777803028708e-05
28.28,23.28,120.08900977709095,1.0120251786801286,60.72151072080772,3643.2906432484633,8.147625560383865,0.3542445895819072,8.144302144161543,0.3541000932244149,8.0,0.4415581240349739,0.44717630695337657,0.4415776971437676,0.4425666169917003,0.4471852785788557,0.4415776971437676,0.6346882058218716,19.55343376578648,2.5821896180389103e-05
28.29,23.29,120.13434411428562,1.0120254329591123,60.72152597754674,3643.2915586528043,8.147534408977135,0.35424062647726673,8.144305195509347,0.3541002258917107,8.0,0.4415595743686684,0.44716622271784695,0.4415834751994043,0.44257316348310005,0.44719086834170735,0.4415834751994043,0.6346738930211802,19.559780576280694,2.508986955973569e-05
28.3,23.3,120.17967939701731,1.0120256804775198,60.72154082865119,3643.2924497190716,8.14745734705853,0.35423727595906657,8.144308165730237,0.3541003550317494,8.0,0.44156130604304816,0.4471565255629849,0.4415893199868016,0.4425785010551331,0.44719654471299985,0.4415893199868016,0.6346601296134923,19.56612724639387,2.4467867710598057e-05
28.310000000000002,23.310000000000002,120.225015601819,1.0120259223164665,60.72155533898799,3643.2933203392795,8.14739389650884,0.35423451723951477,8.144311067797599,0.3541004812085912,8.0,0.4415633048684085,0.447147211809978,0.4415952207905292,0.44258469328829136,0.44720229641212167,0.4415952207905292,0.63464691037738,19.572473781593825,2.395207530270227e-05
28.32,23.32,120.27035270925727,1.0120261595190259,60.72156957114155,3643.294174268493,8.147343581342774,0.35423232962359885,8.14431391422831,0.35410060496644824,8.0,0.4415655568886624,0.4471382774451298,0.44160116725215726,0.4425915429526224,0.4472081125139586,0.44160116725215726,0.6346342296161064,19.57882018729379,2.3538700297365267e-05
28.330000000000002,23.330000000000002,120.31569070380311,1.0120263930904725,60.72158358542835,3643.295015125701,8.147305928140142,0.3542306925278323,8.144316717085669,0.3541007268298117,8.0,0.4415680483879128,0.44712971813618796,0.44160714936860657,0.4425970727953345,0.4472139824479131,0.44160714936860657,0.6346220811808005,19.585166468847774,2.3223978146802438e-05
28.34,23.34,120.36102957357188,1.012026623998589,60.721597439915335,3643.2958463949203,8.147280467000842,0.35422958552177575,8.144319487983067,0.3541008473036116,8.0,0.44157076590615524,0.4471215292661619,0.44161315749063507,0.44260248733069224,0.44721989599780976,0.44161315749063507,0.6346104585184552,19.59151263154627,2.300417008882505e-05
28.35,23.35,120.40636931025796,1.0120268531738743,60.721611190432455,3643.2966714259474,8.147266731719204,0.3542289883356176,8.144322238086492,0.3541009668733257,8.0,0.4415736962413687,0.44711370594108335,0.44161918232114117,0.44261008799835216,0.44722584330048204,0.44161918232114117,0.6345993546829423,19.597858680612276,2.287556424818149e-05
28.36,23.36,120.45170990907617,1.0120270815098737,60.72162489059242,3643.297493435545,8.147264259866594,0.35422888086376497,8.144324978118485,0.3541010860051515,8.0,0.44157682644932805,0.4471062429960933,0.44162521491221884,0.44261652366503024,0.4472318148429807,0.44162521491221884,0.6345887623436519,19.604204621197407,2.283449065032528e-05
28.37,23.37,120.49705136849623,1.0120273098636874,60.72163859182125,3643.2983155092747,8.147272593668523,0.35422924320297927,8.144327718364249,0.3541012051462717,8.0,0.44158014385686356,0.4470991350288765,0.4416312466616532,0.44262080662220604,0.4472378014604038,0.4416312466616532,0.6345786738329465,19.61055045837829,2.287732170458412e-05
28.38,23.38,120.54239369010207,1.0120275390563078,60.721652343378466,3643.299140602708,8.147291280435615,0.3542300556711137,8.144330468675694,0.35410132472503014,8.0,0.44158363606794426,0.4470923764169744,0.4416372693103875,0.4426268347748268,0.447243794334056,0.4416372693103875,0.6345690811707342,19.61689619715331,2.3000462945788058e-05
28.39,23.39,120.58773687854935,1.0120277698729463,60.72166619237678,3643.2999715426067,8.147319872578572,0.354231298807764,8.144333238475355,0.35410144515110237,8.0,0.441587290962269,0.44708596132169776,0.4416432749395111,0.4426343735621729,0.44724978498846846,0.4416432749395111,0.6345599760700211,19.623241842439516,2.320036132630321e-05
28.400000000000002,23.400000000000002,120.63308094141708,1.0120280030635345,60.72168018381207,3643.300811028724,8.147357927988082,0.3542329533907862,8.144336036762414,0.35410156681575716,8.0,0.4415910966995776,0.44707988370553875,0.44164925596612525,0.44263975336990175,0.4472557652878844,0.44164925596612525,0.6345513499616257,19.629587399069674,2.347352028664318e-05
28.41,23.41,120.67842588899167,1.012028239343352,60.72169436060112,3643.3016616360674,8.147405010639309,0.35423500046257866,8.144338872120223,0.35410169009218356,8.0,0.4415950417273771,0.4470741373581026,0.44165520513835543,0.4426454461337543,0.4472617274322386,0.44165520513835543,0.6345431940309836,19.635932871789635,2.3816491079742264e-05
28.42,23.42,120.72377173420524,1.012028479393356,60.72170876360136,3643.302525816082,8.147460690688536,0.3542374213342842,8.144341752720273,0.35410181533566404,8.0,0.44159911478100516,0.447068715902652,0.4416611155324201,0.4426523802890405,0.4472676639544032,0.4416611155324201,0.6345354992274367,19.64227826525593,2.4225865359994714e-05
28.43,23.43,120.76911849253125,1.0120287238606591,60.721723431639546,3643.3034058983726,8.147524544676232,0.3542401975946188,8.144344686327909,0.3541019428838221,8.0,0.4416033048848555,0.4470636128076192,0.4416669805484752,0.4426579628888506,0.4472735677163689,0.4416669805484752,0.6345282562805717,19.648623584033466,2.4698299284864333e-05
28.44,23.44,120.81446618177017,1.0120289733593417,60.7217384015605,3643.30430409363,8.147596156030351,0.35424331113175445,8.144347680312102,0.3541020730570479,8.0,0.44160760135732724,0.4470588214112372,0.4416727939037578,0.44266358117606225,0.4472794319032422,0.4416727939037578,0.634521455735181,19.654968832593546,2.5230508462925627e-05
28.45,23.45,120.85981482197852,1.0120292284708283,60.7217537082497,3643.305222494982,8.147675115178908,0.3542467441382134,8.14435074164994,0.3541022061586931,8.0,0.44161199381093663,0.4470543349290845,0.4416785496292495,0.4426702982813709,0.4472852500201073,0.4416785496292495,0.6345150879619702,19.66131401531203,2.581924649547318e-05
28.46,23.46,120.9051644354047,1.0120294897442716,60.7217693846563,3643.3061630793777,8.147761019629296,0.35425047911431723,8.144353876931259,0.3541023424752721,8.0,0.4416164721517868,0.44705014646064806,0.44168424206621176,0.4426758356364535,0.44729101588871567,0.44168424206621176,0.6345091431668732,19.667659136467677,2.646133998496225e-05
28.47,23.47,120.95051504624878,1.012029757697628,60.721785461857685,3643.307127711461,8.147853474448034,0.354254498889045,8.144357092371536,0.3541024822770233,8.0,0.44162102658273994,0.4470462490159669,0.4416898658568576,0.442680647910184,0.4472967236389979,0.4416898658568576,0.6345036114288685,19.674004200240653,2.7153688677117316e-05
28.48,23.48,120.99586668058826,1.0120300328180452,60.72180196908271,3643.308118144963,8.147952092381475,0.35425878662528154,8.144360393816541,0.3541026258181105,8.0,0.44162564760361805,0.44704263552356105,0.4416954159409148,0.4426873406102659,0.44730236770585097,0.4416954159409148,0.6344984827112327,19.680349210711356,2.789322929430682e-05
28.490000000000002,23.490000000000002,121.04121936634131,1.012030315562214,60.721818933732834,3643.30913602397,8.148056493834172,0.35426332581887704,8.144363786746567,0.35410277333680723,8.0,0.441630326009011,0.4470392988334238,0.44170088755232073,0.442693628782472,0.4473079428258298,0.44170088755232073,0.6344937468657872,19.68669417185924,2.867696180430812e-05
28.5,23.5,121.08657313308927,1.0120306063572813,60.72183638143687,3643.3101828862123,8.148166307163194,0.35426810031144323,8.144367276287376,0.35410292505597285,8.0,0.44163505288892374,0.44703623173603185,0.44170627621114505,0.44269759151827387,0.44731344402960854,0.44170627621114505,0.6344893936598804,19.693039087561868,2.9501976904100502e-05
28.51,23.51,121.13192801190796,1.012030905601752,60.721854336105125,3643.3112601663074,8.148281168941828,0.35427309430181864,8.144370867221024,0.3541030811835228,8.0,0.44163981962893634,0.44703342698023785,0.44171157771557196,0.4427020658437966,0.44731886663448367,0.44171157771557196,0.6344854128017827,19.699383961594176,3.036542219092553e-05
28.52,23.52,121.17728403534512,1.012031213665725,60.7218728199435,3643.31236919661,8.148400723934968,0.3542782923449986,8.1443745639887,0.35410324191255216,8.0,0.4416446179085457,0.44703087727496843,0.4417167881396675,0.44270893776162606,0.447324206242113,0.4417167881396675,0.6344817939430962,19.7057287976279,3.1264488498550236e-05
28.53,23.53,121.22264123733511,1.012031530891522,60.72189185349132,3643.313511209479,8.148524625144805,0.354283679354122,8.144378370698263,0.3541034074216636,8.0,0.44164943969877146,0.44702857529728773,0.44172190382759413,0.44271387733024914,0.44732945873285573,0.44172190382759413,0.6344785266902,19.712073599231065,3.2196452423249866e-05
28.54,23.54,121.26799965300987,1.0120318575947735,60.72191145568641,3643.3146873411847,8.148652534066091,0.3542892406115692,8.144382291137283,0.35410357787553404,8.0,0.4416542772612118,0.4470265137119748,0.44172692138386677,0.44271803766499246,0.4473346202565578,0.44172692138386677,0.6344756006320367,19.718418369867674,3.315866817388269e-05
28.55,23.55,121.31335931863634,1.0120321940648855,60.72193164389313,3643.3158986335875,8.148784120717265,0.35429496177031583,8.144386328778626,0.35410375342515765,8.0,0.4416591231462227,0.4470246851774107,0.44173183766905844,0.44272405277931404,0.4473396872283578,0.44173183766905844,0.6344730053484678,19.724763112897577,3.414853584615685e-05
28.560000000000002,23.560000000000002,121.35872027156378,1.0120325405654904,60.721952433929424,3643.3171460357653,8.148919063636308,0.3543008288537525,8.144390486785884,0.3541039342080819,8.0,0.4416639701905307,0.44702308235018245,0.4417366497955946,0.44272887248103676,0.44734465632451487,0.4417366497955946,0.6344707304168091,19.731107831576406,3.516353400812022e-05
28.57,23.57,121.4040825500576,1.0120328973355657,60.72197384013394,3643.3184304080364,8.14905705002133,0.354306828261797,8.144394768026789,0.3541041203489908,8.0,0.44166881151404147,0.4470216979013527,0.44174135511754703,0.4427329639695534,0.4473495244725475,0.44174135511754703,0.6344687654349214,19.737452529055663,3.620122535608061e-05
28.580000000000002,23.580000000000002,121.4494461932248,1.0120332645899976,60.721995875399855,3643.319752523991,8.149197775763902,0.3543129467723436,8.144399175079972,0.35410431195999875,8.0,0.44167364051756536,0.4470205245234278,0.44174595122543503,0.44273847452131454,0.4473542888461721,0.44174595122543503,0.6344671000311011,19.743797208382993,3.725921682473654e-05
28.59,23.59,121.49481124098429,1.0120336425199021,60.722018551194125,3643.3211130716477,8.149340945412083,0.3543191715396558,8.144403710238826,0.35410450914081854,8.0,0.4416784508804963,0.4470195549325624,0.44175043594319124,0.4427431521669776,0.4473589468622113,0.44175043594319124,0.6344657238672097,19.750141872502482,3.83351904531537e-05
28.6,23.6,121.54017773390957,1.0120340312938068,60.722041877628406,3643.3225126577045,8.14948627224239,0.3543254900974952,8.144408375525682,0.3541047119793775,8.0,0.4416832365560648,0.4470187818832798,0.4417548073172624,0.44274658972288405,0.4473634961699774,0.4417548073172624,0.6344646266595657,19.756486524255116,3.942692261915681e-05
28.61,23.61,121.58554571313805,1.0120344310583544,60.722065863501264,3643.323951810076,8.149633478288875,0.35433189036038587,8.144413172700254,0.35410492055218495,8.0,0.4416879917682564,0.44701819817680655,0.44175906361010686,0.44275136326102654,0.4473679346449007,0.44175906361010686,0.634463798190775,19.762831166379367,4.053223989330945e-05
28.62,23.62,121.63091522034928,1.0120348419386047,60.722090516316285,3643.3254309789772,8.149782294283638,0.3543383606210277,8.144418103263256,0.35410513492448936,8.0,0.44169271100919216,0.44701779666233704,0.4417632032973074,0.44275674911247737,0.44737226038556266,0.4417632032973074,0.6344632283115255,19.76917580151188,4.16490188186458e-05
28.63,23.63,121.67628629768421,1.012035264038731,60.72211584232385,3643.326950539431,8.149932459647461,0.35434488954988963,8.14442316846477,0.3541053551506422,8.0,0.44169738903538985,0.44701757024405936,0.4417672250610709,0.4427598058031523,0.44737647170727385,0.4417672250610709,0.6344629069505584,19.77552043218819,4.27752369347445e-05
28.64,23.64,121.72165898758665,1.0120356974433435,60.722141846600614,3643.328510796037,8.150083722494315,0.35435146619540503,8.144428369320122,0.3541055812747879,8.0,0.4417020208610616,0.447017511895234,0.4417711277779246,0.44276218636275033,0.4473805671299607,0.4417711277779246,0.6344628241346517,19.781865060843618,4.390894867611905e-05
28.650000000000002,23.650000000000002,121.76703333278415,1.0120361422177044,60.722168533062266,3643.330111983736,8.150235839603775,0.35435807998277286,8.144433706612453,0.35410581333097624,8.0,0.441706601756521,0.44701761465955697,0.44177491051668494,0.4427674628323913,0.4473845453761166,0.44177491051668494,0.6344629699905542,19.788209689814245,4.504824272544283e-05
28.66,23.66,121.81240937625304,1.012036598408198,60.72219590449188,3643.331754269513,8.150388576331823,0.35436472071007924,8.144439180898377,0.3541060513434077,8.0,0.44171112724415257,0.4470178716532684,0.44177857253394626,0.4427714722843946,0.4473884053661756,0.44177857253394626,0.6344633347479778,19.794554321337937,4.619128725380506e-05
28.67,23.67,121.85778716109198,1.0120370660434495,60.72222396260697,3643.333437756418,8.150541706582255,0.3543713785470546,8.144444792521394,0.35410629532701715,8.0,0.4417155930921662,0.4470182760760073,0.44178211326364003,0.44277385374485456,0.4473921462082066,0.44178211326364003,0.6344639087550048,19.800898957555454,4.733633837616935e-05
28.68,23.68,121.90316673045875,1.0120375451349655,60.722252708097926,3643.3351624858756,8.150695012750536,0.35437804403263196,8.144450541619586,0.35410654528780805,8.0,0.4417199953102971,0.4470188212157644,0.44178553231099194,0.44277811964165237,0.4473957671918708,0.44178553231099194,0.6344646824851176,19.807243600511654,4.848169984228434e-05
28.69,23.69,121.94854812754919,1.0120380356774463,60.72228214064678,3643.336928438807,8.150848285655762,0.35438470807198963,8.144456428129356,0.35410680122301547,8.0,0.4417243301469746,0.44701950044999345,0.4417888294495262,0.44278177484590636,0.4473992677853263,0.4417888294495262,0.6344656465387748,19.813588252156777,4.96257403952427e-05
28.7,23.7,121.99393139550132,1.0120385376497734,60.7223122589864,3643.3387355391837,8.15100132444817,0.3543913619325292,8.144462451797281,0.35410706312162094,8.0,0.44172859408259013,0.447020307253049,0.4417920046117458,0.44278418878542136,0.44740264762592225,0.4417920046117458,0.6344667916539694,19.81993291434774,5.076691535776945e-05
28.71,23.71,122.0393165773257,1.0120390510157535,60.722343060945214,3643.3405836567126,8.151153936528212,0.3543979972403571,8.144468612189042,0.35410733096474095,8.0,0.4417327838242184,0.4470212352014436,0.44179505788209333,0.4427878320347277,0.44740590651314455,0.44179505788209333,0.6344681087136895,19.826277588849578,5.190372935715004e-05
28.72,23.72,122.08470371589215,1.0120395757243605,60.72237454346163,3643.342472607698,8.1513059374804,0.3544046059774087,8.144474908692327,0.35410760472575337,8.0,0.4417368963031802,0.44702227797427857,0.44179798949461385,0.44279129112726767,0.4474090444061704,0.44179798949461385,0.6344695887465298,19.832622277336878,5.3034742116153666e-05
28.73,23.73,122.13009285385516,1.012040111710596,60.72240670263576,3643.3444021581454,8.151457150954442,0.3544111804762801,8.14448134052715,0.35410788437074564,8.0,0.44174092866848047,0.4470234293585132,0.4418007998247762,0.4427932720400199,0.4474120614156392,0.4418007998247762,0.6344712229341707,19.83896698139528,5.415860332647071e-05
28.740000000000002,23.740000000000002,122.1754840335718,1.012040658896427,60.72243953378562,3643.346372027137,8.151607408539244,0.3544177134147497,8.144487906757124,0.3541081698590054,8.0,0.4417448782797244,0.4470246832548196,0.44180348938057035,0.44279581924269334,0.4474149577947095,0.44180348938057035,0.6344730026196875,19.845311702523052,5.527402231564338e-05
28.75,23.75,122.22087729708812,1.0120412171910422,60.722473031462535,3643.348381887752,8.151756549690953,0.3544241978126501,8.144494606292508,0.3541084611431525,8.0,0.44174874270450354,0.4470260336779805,0.44180605880003027,0.44279983890103053,0.44741773393647893,0.44180605880003027,0.6344749193081162,19.85165644213269,5.637973882954839e-05
28.76,23.76,122.2662726861165,1.0120417864912037,60.722507189472225,3643.3504313683334,8.151904421650618,0.35443062702828776,8.144501437894444,0.35410875816932363,8.0,0.4417525197150962,0.4470274747579741,0.441808508847837,0.4428018800568631,0.44742039037048015,0.441808508847837,0.6344769646679919,19.85800120155257,5.747457644389442e-05
28.77,23.77,122.3116702419295,1.012042366682571,60.72254200095426,3643.352520057256,8.152050879224372,0.35443699474888574,8.144508400190853,0.35410906087786315,8.0,0.4417562072777081,0.44702900074690677,0.4418108404026936,0.44280241317656377,0.4474229277499534,0.4418108404026936,0.6344791305411893,19.864345982028617,5.8557440397066784e-05
28.78,23.78,122.35707000533799,1.0120429576400116,60.7225774584007,3643.354647504042,8.152195784719979,0.3544432949878252,8.144515491680139,0.3541093692034843,8.0,0.44175980354973765,0.44703060602025024,0.44181305445435154,0.4428055522326696,0.4474253468488235,0.44181305445435154,0.634481408944679,19.870690784726047,5.962726403652141e-05
28.79,23.79,122.40247201668417,1.0120435592278518,60.72261355367111,3643.3568132202668,8.152339007847301,0.35444952208031744,8.144522710734222,0.35410968307540097,8.0,0.44176330687667603,0.4470322850763306,0.44181515210112793,0.4428085020680288,0.4474276485590325,0.44181515210112793,0.634483792069801,19.87703561073112,6.06830363096833e-05
28.8,23.8,122.44787631577945,1.0120441713007378,60.72265027804426,3643.3590166826557,8.152480425548102,0.3544556706760045,8.144530055608854,0.35411000241777624,8.0,0.441766715784624,0.4470340325399529,0.4418171345416626,0.4428093687056971,0.44742983388220064,0.4418171345416626,0.6344862722874108,19.88338046105291,6.172382602898097e-05
28.810000000000002,23.810000000000002,122.49328294185429,1.0120447937043724,60.72268762226234,3643.3612573357404,8.152619921833672,0.3544617357318988,8.144537524452469,0.3541103271501073,8.0,0.44177002897357043,0.44703584316500555,0.44181900306782956,0.4428115616073148,0.44743190392240156,0.44181900306782956,0.6344888421515745,19.889725336625105,6.274874903056116e-05
28.82,23.82,122.53869193355187,1.0120454262757184,60.7227255765431,3643.363534592586,8.152757387709713,0.35446771250911796,8.14454511530862,0.3541106571873313,8.0,0.44177324531499584,0.44703771183419216,0.44182075906274443,0.44281401399454523,0.4474338598840596,0.44182075906274443,0.6344914943991888,19.896070238307857,6.375696338523085e-05
28.830000000000002,23.830000000000002,122.58410332889027,1.0120460688436401,60.72276413061841,3643.3658478371044,8.152892721011561,0.35447359656572003,8.144552826123682,0.3541109924401601,8.0,0.4417763638455951,0.44703963356055465,0.4418224039945579,0.4428149748644542,0.44743570306557895,0.4418224039945579,0.6344942219521431,19.902415166889615,6.474769912045986e-05
28.84,23.84,122.62951716521388,1.0120467212297006,60.722803273782034,3643.368196426922,8.153025826206024,0.354479383748088,8.144560654756408,0.35411133281549595,8.0,0.44177938375961195,0.4470416034895473,0.44182393940876485,0.44281662342140743,0.4474374348514943,0.44182393940876485,0.6344970179202624,19.908760123088975,6.57202361296072e-05
28.85,23.85,122.67493347918749,1.0120473832483627,60.72284299490177,3643.3705796941063,8.153156614314907,0.3544850701876047,8.144568598980353,0.35411167821653705,8.0,0.4417823044064177,0.4470436168987297,0.4418253669262224,0.44281885391417697,0.4474390567103698,0.4418253669262224,0.6344998756008722,19.91510510755658,6.667388670678065e-05
28.86,23.86,122.72035230677496,1.0120480547074346,60.72288328244608,3643.3729969467645,8.153285002778786,0.3544906522947298,8.144576656489216,0.3541120285430094,8.0,0.4417851252857613,0.44704566919812,0.44182668823881416,0.44281959801160575,0.4474405701903098,0.44182668823881416,0.6345027884792998,19.92145012087698,6.760803229610701e-05
28.87,23.87,122.76577368318895,1.0120487354090086,60.72292412454052,3643.375447472431,8.153410915195627,0.3544961267476359,8.144584824908105,0.3541123836916567,8.0,0.44178784603823384,0.4470477559317561,0.44182790510034703,0.4428201199262861,0.44744197690963733,0.44182790510034703,0.6345057502310897,19.927795163570533,6.85221120519941e-05
28.88,23.88,122.81119764288341,1.0120494251496757,60.722965508980536,3643.377930538832,8.153534281242397,0.3545014904887999,8.144593101796108,0.3541127435563525,8.0,0.441790466442742,0.4470498727774755,0.4418290193244461,0.4428226332759567,0.44744327855467503,0.4418290193244461,0.6345087547216915,19.934140236095296,6.94155840577082e-05
28.89,23.89,122.85662421955296,1.0120501237206898,60.72300742324139,3643.3804453944836,8.15365503659531,0.35450674072153526,8.144601484648277,0.35411310802818596,8.0,0.4417929864142202,0.44705201554610074,0.4418300327829102,0.4428238251247205,0.4474444768779638,0.4418300327829102,0.6345117960053042,19.94048533884893,7.028796116514968e-05
28.900000000000002,23.900000000000002,122.90205344608906,1.012050830908899,60.72304985453393,3643.382991272036,8.153773122642853,0.3545118748975154,8.144609970906787,0.35411347699594725,8.0,0.4417954059936699,0.4470541801821136,0.44183094739665024,0.4428229774279303,0.44744557368894766,0.44183094739665024,0.6345148683258317,19.946830472170586,7.113882470832777e-05
28.91,23.91,122.94748535456169,1.012051546497184,60.72309278983104,3643.3855673898624,8.153888486341259,0.35451689071048953,8.144618557966208,0.35411385034635684,8.0,0.4417977253432923,0.447056362763687,0.4418317651313966,0.44282393080717214,0.4474465708495415,0.4418317651313966,0.6345179661169296,19.9531756363428,7.19677831853005e-05
28.92,23.92,122.99291997622306,1.0120522702645627,60.72313621587376,3643.3881729524255,8.154001080145806,0.3545217860932959,8.144627243174753,0.3541142279641197,8.0,0.4417999447447086,0.4470585595015941,0.44183248799664016,0.4428259242976393,0.44744747027292836,0.44183248799664016,0.6345210840004561,19.959520831593387,7.277447500086964e-05
28.93,23.93,123.038357341491,1.012053001986684,60.72318011920104,3643.3908071520623,8.154110861830208,0.3545265592100091,8.144636023840208,0.35411460973218295,8.0,0.44180206459315513,0.4470607667386732,0.44183311804077413,0.44282573041270434,0.4474482739185095,0.44183311804077413,0.6345242167857127,19.965866058097316,7.35585976059383e-05
28.94,23.94,123.08379747992413,1.012053741436515,60.723224486190894,3643.3934691714535,8.154217794243564,0.3545312084453724,8.14464489723818,0.3541149955320948,8.0,0.44180408538956856,0.44706298094933133,0.4418336573443639,0.44282595952744896,0.44744898378494297,0.4418336573443639,0.6345273594687397,19.972211315978587,7.431989048711785e-05
28.95,23.95,123.12924042022169,1.0120544883844937,60.72326930306963,3643.3961581841777,8.154321845233076,0.3545357324014381,8.144653860613925,0.3541153852440837,8.0,0.4418060077383953,0.44706519873871103,0.441834108018611,0.44282737135520417,0.4474496019084811,0.441834108018611,0.6345305072311332,19.978556605312086,7.505811609576085e-05
28.96,23.96,123.17468619021842,1.012055242598837,60.723314555930216,3643.398873355813,8.154422987509765,0.35454012989172895,8.144662911186042,0.3541157787472192,8.0,0.4418078323435866,0.4470674168416504,0.441834472202308,0.44282729647527014,0.4474501303597583,0.441834472202308,0.6345336554385697,19.984901926125435,7.577308554118645e-05
28.97,23.97,123.22013481686693,1.0120560038462045,60.72336023077227,3643.401613846336,8.154521198385867,0.3545443999298203,8.144672046154454,0.35411617591975886,8.0,0.4418095600004406,0.4470696321213425,0.44183475205527856,0.4428271904177809,0.4474505712369671,0.44183475205527856,0.6345367996389024,19.99124727840082,7.646465245159106e-05
28.98,23.98,123.26558632623681,1.012056771891886,60.72340631351316,3643.4043788107897,8.154616459683455,0.3545485417253676,8.144681262702633,0.3541165766392449,8.0,0.44181119159298793,0.4470718415684017,0.44183494975651805,0.44282834312770986,0.44745092666386577,0.44183494975651805,0.6345399355608377,19.99759266207682,7.713268781373017e-05
28.990000000000002,23.990000000000002,123.31104074351599,1.0120575464999608,60.72345278999765,3643.407167399859,8.154708757647496,0.3545525546803259,8.14469055799953,0.35411698078258824,8.0,0.44181272809159466,0.4470740422997869,0.4418350675025788,0.44282823428398116,0.44745119878803585,0.4418350675025788,0.6345430591124048,20.003938077050186,7.777710516165826e-05
29.0,24.0,123.35649809299865,1.0120583274339892,60.72349964603935,3643.409978762361,8.154798082645813,0.35455643837590495,8.14469992920787,0.35411738822642913,8.0,0.441814170543993,0.44707623155654774,0.4418351075007173,0.44282728295833496,0.447451389773715,0.4418351075007173,0.6345461663777585,20.010283523177637,7.839786315599895e-05
29.01,24.01,123.40195839808392,1.012059114457224,60.72354686743344,3643.4128120460064,8.15488442906736,0.3545601925681461,8.144709373486688,0.35411779884724726,8.0,0.4418155200723506,0.44707840670283355,0.4418350719667808,0.44282828369173394,0.4474515017995535,0.4418350719667808,0.634549253615772,20.016629000277607,7.899493459717633e-05
29.02,24.02,123.44742168128194,1.012059907332681,60.72359443996086,3643.415666397652,8.154967795259925,0.3545638171852141,8.144718887992173,0.3541182125213988,8.0,0.44181677787178186,0.4470805652246491,0.44183496312446546,0.4428288967662452,0.44745153705776275,0.44183496312446546,0.6345523172582705,20.022974508131977,7.956831967703692e-05
29.03,24.03,123.49288796421065,1.0120607058236175,60.72364234941705,3643.4185409650227,8.155048183301455,0.3545673123174546,8.144728469883411,0.3541186291253657,8.0,0.44181794520375517,0.4470827047276376,0.44183478320054176,0.4428272351067881,0.44745149774908366,0.44183478320054176,0.6345553539068854,20.029320046487804,8.011806486507567e-05
29.04,24.04,123.5383572675937,1.0120615096939782,60.72369058163869,3643.4214348983214,8.155125598781193,0.354570678207878,8.144738116327739,0.35411904853598863,8.0,0.4418190233898458,0.44708482293483376,0.4418345344203932,0.4428262874385095,0.4474513860780818,0.4418345344203932,0.6345583603298645,20.035665615058985,8.064424164189177e-05
29.05,24.05,123.5838296112658,1.0120623187084503,60.72373912250702,3643.424347350421,8.155200050749192,0.3545739152499649,8.144747824501405,0.35411947063049587,8.0,0.4418200138105339,0.4470869176856499,0.4418342190074374,0.44282809733101214,0.4474512042524719,0.4418342190074374,0.6345613334606329,20.04201121352794,8.114693156358044e-05
29.060000000000002,24.060000000000002,123.6293050141783,1.0120631326326095,60.72378795795657,3643.427277477394,8.155271551618387,0.3545770239834082,8.144757591591315,0.3541198952865789,8.0,0.44182091790268624,0.44708898693429533,0.44183383918162505,0.44282735428942205,0.44745095448148775,0.44183383918162505,0.6345642703955504,20.04835684154722,8.16262509673038e-05
29.07,24.07,123.67478349440168,1.0120639512334697,60.72383707400818,3643.4302244404907,8.155340116874543,0.3545800050815019,8.144767414801636,0.3541203223826798,8.0,0.44182173715148915,0.44709102874636525,0.4418333971539175,0.4428245884459299,0.44745063897003523,0.4418333971539175,0.6345671683890691,20.054702498741143,8.208235105655604e-05
29.080000000000002,24.080000000000002,123.72026506912918,1.0120647742796307,60.72388645677784,3643.4331874066706,8.155405764984717,0.35458285934716166,8.144777291355568,0.3541207517980682,8.0,0.44182247308802663,0.44709304129751204,0.44183289512478463,0.4428254854849961,0.4474502599170571,0.44183289512478463,0.6345700248518482,20.06104818470735,8.251539343007153e-05
29.09,24.09,123.76574975468517,1.0120656015413383,60.7239360924803,3643.4361655488183,8.155468517332151,0.3545855877100935,8.14478721849606,0.35412118341287213,8.0,0.4418231272877996,0.4470950228719916,0.44183233528355154,0.44282578536144596,0.44744981951478624,0.44183233528355154,0.6345728373486902,20.067393899018352,8.292556027100773e-05
29.1,24.1,123.81123756653226,1.0120664327908362,60.72398596745017,3643.43915804701,8.155528398006261,0.3545881912176635,8.144797193490035,0.3541216171082624,8.0,0.4418237013651147,0.44709697185972685,0.44183171980482805,0.44282361152233984,0.4474493199449194,0.44183171980482805,0.6345756035943737,20.073739641223067,8.331306447217912e-05
29.11,24.11,123.85672851927885,1.0120672678026277,60.72403606815766,3643.4421640894598,8.155585433637146,0.354590671027702,8.144807213631532,0.35412205276658837,8.0,0.4418241969687499,0.44709888675381204,0.441831050845841,0.44282350728606606,0.44744876337575035,0.441831050845841,0.6345783214501106,20.080085410848287,8.367813413201475e-05
29.12,24.12,123.9022226266863,1.0120681063535188,60.72408638121113,3643.445182872668,8.155639653343467,0.35459302840623774,8.144817276242225,0.3541224902714011,8.0,0.44182461578078414,0.44710076614932304,0.4418303305459578,0.44282348825187157,0.4474481519616018,0.4418303305459578,0.634580988921858,20.08643120740015,8.402101191506972e-05
29.13,24.13,123.94771990167968,1.012068948222866,60.724136893371956,3643.4482136023175,8.155691088560163,0.3545952647200071,8.144827378674393,0.3541229295075823,8.0,0.4418249595122113,0.44710260874046026,0.4418295610241412,0.4428218868955837,0.44744748784007027,0.4418295610241412,0.6345836041562628,20.09277703036554,8.434196531226235e-05
29.14,24.14,123.99322035635909,1.012069793192825,60.7241875915695,3643.4512554941703,8.155739772864,0.3545973814288696,8.144837518313901,0.35412337036147395,8.0,0.4418252298985056,0.4471044133176474,0.4418287443763806,0.4428214397654674,0.4474467731292441,0.4418287443763806,0.6345861654365439,20.099122879213503,8.464127601826021e-05
29.150000000000002,24.150000000000002,124.03872400200645,1.0120706410483864,60.72423846290319,3643.4543077741914,8.155785741925781,0.35459938008372965,8.144847692580637,0.35412381272089727,8.0,0.44182542869857144,0.4471061787663932,0.4418278826753043,0.4428211354774448,0.4474460099272296,0.4418278826753043,0.6345886711808767,20.10546875339659,8.491923680509217e-05
29.16,24.16,124.08423084909855,1.0120714915775613,60.724289494653675,3643.4573696792204,8.155829033360787,0.3546012623200342,8.144857898930734,0.3541242564752493,8.0,0.44182555769108384,0.44710790406451056,0.44182697796822806,0.44281953034878574,0.44744520031002033,0.44182697796822806,0.6345911199384464,20.111814652352184,8.517616188186139e-05
29.17,24.17,124.12974090732232,1.012072344571624,60.72434067429744,3643.4604404578463,8.155869686539887,0.3546030298495603,8.144868134859488,0.3541247015156299,8.0,0.4418256186698242,0.4471095882786946,0.44182603227463857,0.4428185374392099,0.447444346328731,0.44182603227463857,0.6345935103845906,20.1181605755038,8.541237911430244e-05
29.18,24.18,124.17525418558235,1.0120731998251435,60.72439198950861,3643.4635193705167,8.15590774254144,0.3546046844583235,8.144878397901723,0.3541251477348575,8.0,0.4418256134426501,0.4471112305633254,0.4418250475858291,0.4428186245130378,0.4474434500091693,0.4418250475858291,0.6345958413191002,20.12450652226232,8.562822123536762e-05
29.19,24.19,124.22077069201066,1.0120740571360487,60.72444342816292,3643.4666056897754,8.155943244076203,0.3546062280033132,8.144888685632584,0.3541255950275036,8.0,0.4418255438297922,0.44711283015879455,0.4418240258641893,0.4428171161101474,0.4474425133510086,0.4418240258641893,0.6345981116638446,20.130852492027234,8.582403827972485e-05
29.2,24.2,124.26629043399078,1.012074916305909,60.72449497835454,3643.4696987012726,8.155976235241873,0.3546076624018206,8.144898995670909,0.3541260432900395,8.0,0.44182541165797995,0.44711438638667855,0.44182296904024043,0.4428147541122603,0.4474415383245244,0.44182296904024043,0.634600320455921,20.13719848418783,8.600019667426295e-05
29.21,24.21,124.31181341816473,1.0120757771399822,60.72454662839893,3643.472797703936,8.15600676146916,0.3546089896290939,8.144909325679787,0.3541264924208603,8.0,0.44182521875921704,0.44711589864854284,0.44182187901212255,0.4428149944451081,0.447440526869994,0.44182187901212255,0.6346024668459566,20.143544498124342,8.615706485670671e-05
29.22,24.22,124.3573396504425,1.012076639447206,60.72459836683236,3643.475902009942,8.156034869484923,0.35461021171673573,8.144919673366473,0.35412694232028147,8.0,0.44182496697015067,0.44711736642469857,0.4418207576456117,0.44281489030471055,0.44743948089765856,0.4418207576456117,0.6346045500963443,20.149890533209053,8.629501915891069e-05
29.23,24.23,124.40286913602154,1.0120775030403655,60.724650182421925,3643.4790109453156,8.156060607144747,0.3546113307454238,8.144930036484386,0.35412739289062545,8.0,0.44182465812819,0.4471187892706546,0.4418196067723331,0.4428118309159988,0.4474384022857198,0.4418196067723331,0.6346065695762071,20.156236588807417,8.641445146650995e-05
29.240000000000002,24.240000000000002,124.44840187940675,1.0120783677362355,60.72470206417413,3643.482123850448,8.156084023274241,0.35461234883801046,8.144940412834826,0.35412784403629677,8.0,0.4418242940678963,0.4471201668136134,0.4418184281882043,0.44280967800045185,0.44743729287856915,0.4418184281882043,0.6346085247564243,20.162582664279082,8.65157604366118e-05
29.25,24.25,124.49393788441691,1.0120792333555741,60.724754001334446,3643.485240080067,8.156105167644881,0.3546132681584731,8.14495080026689,0.35412829566377785,8.0,0.4418238766205786,0.4471214987516407,0.44181722365346715,0.44281076942585856,0.4474361544867752,0.44181722365346715,0.6346104152084533,20.168928758978904,8.659934582055939e-05
29.26,24.26,124.53947715419778,1.012080099723152,60.724805983389125,3643.4883590033473,8.15612409090398,0.35461409090886864,8.144961196677825,0.35412874768164454,8.0,0.4418234076128777,0.4471227848517541,0.4418159948923125,0.4428090643733833,0.4474349888866199,0.4418159948923125,0.6346122406016165,20.175274872257955,8.666561624437463e-05
29.27,24.27,124.58501969124828,1.012080966667899,60.72485800007394,3643.491480004436,8.156140844387677,0.3546148193212033,8.144971600014788,0.35412920000064296,8.0,0.44182288886262616,0.4471240249455648,0.4418147435912527,0.4428058853388103,0.44743379781821224,0.4418147435912527,0.6346140006969156,20.181621003464446,8.671498871848371e-05
29.28,24.28,124.63056549743037,1.0120818340229265,60.724910041375594,3643.494602482536,8.156155480066909,0.35461545565508296,8.144982008275118,0.35412965253370077,8.0,0.4418223221777504,0.44712521892781715,0.44181347139883204,0.4428061881618673,0.4474325829851187,0.44181347139883204,0.6346156953449589,20.187967151944658,8.674788130491606e-05
29.29,24.29,124.67611457397987,1.012082701625525,60.724962097531495,3643.4977258518898,8.156168050503396,0.3546160021957998,8.144992419506298,0.354130105195926,8.0,0.44182170935549453,0.44712636675495665,0.4418121799255965,0.4428051050297202,0.44743134605427864,0.4418121799255965,0.634617324483928,20.1943133170438,8.676471598079161e-05
29.3,24.3,124.72166692153074,1.012083569317246,60.725014159034764,3643.5008495420857,8.156178608703572,0.3546164612479814,8.145002831806952,0.3541305579046501,8.0,0.441821052179346,0.44712746844140056,0.4418108707431125,0.44280278612181306,0.44743008865481343,0.4418108707431125,0.634618888134286,20.20065949810689,8.676592031520158e-05
29.310000000000002,24.310000000000002,124.7672225401293,1.0120844369439312,60.725066216635874,3643.503972998152,8.156187208043399,0.35461683513232173,8.145013243327174,0.35413101057944235,8.0,0.4418203524175326,0.44712852405745623,0.44180954538360145,0.4428023864618379,0.4474288123775575,0.44180954538360145,0.6346203863958219,20.20700569447954,8.675192268725596e-05
29.32,24.32,124.81278142924339,1.0120853043556999,60.72511826134199,3643.5070956805193,8.156193902235092,0.3546171261841345,8.1450236522684,0.3541314631421043,8.0,0.4418196118224754,0.44712953372815845,0.441808205339998,0.44280115173921303,0.4474275187750652,0.441808205339998,0.6346218194460003,20.21335190550875,8.67231531671564e-05
29.330000000000002,24.330000000000002,124.85834358778767,1.0120861714069946,60.725170284419676,3643.5102170651808,8.156198745196553,0.35461733674767626,8.145034056883937,0.3541319155166929,8.0,0.4418188321281953,0.4471304976296222,0.4418068520653448,0.44279908213005725,0.4474262093608244,0.4418068520653448,0.6346231875347855,20.21969813054365,8.668004480938407e-05
29.34,24.34,124.90390901413885,1.012087037956596,60.725222277395766,3643.513336643746,8.156201790978058,0.354617469172959,8.145044455479152,0.3541323676295283,8.0,0.4418180150489059,0.44713141598689254,0.44180548697255273,0.4427984551558925,0.44742488560890153,0.44180548697255273,0.6346244909815898,20.226044368936233,8.662303030604335e-05
29.35,24.35,124.94947770614269,1.0120879038676007,60.725274232056044,3643.516453923363,8.156203093744233,0.3546175258149667,8.14505484641121,0.354132819409183,8.0,0.4418171622788035,0.4471322890731438,0.4418041114345765,0.4427973991271122,0.4474235489541069,0.4418041114345765,0.6346257301741358,20.23239062004201,8.655254190159667e-05
29.36,24.36,124.99504966113899,1.012088769007434,60.72532614044604,3643.519568426763,8.156202707659904,0.35461750902869155,8.145065228089209,0.3541332707864873,8.0,0.4418162754899285,0.4471331172062251,0.4418027267841356,0.44279506682301895,0.4474222007915353,0.4418027267841356,0.6346269055635547,20.2387368832207,8.646901294895315e-05
29.37,24.37,125.0406248759818,1.0120896332478597,60.725377994871586,3643.5226796922952,8.156200686800354,0.3546174211652328,8.145075598974316,0.35413372169453544,8.0,0.441815356330498,0.4471339007459215,0.4418013343134968,0.44279376984165947,0.4474208424762255,0.4418013343134968,0.634628017660498,20.24508315783682,8.637287574941865e-05
29.38,24.38,125.08620334704639,1.012090496464949,60.72542978789694,3643.5257872738166,8.156197085135137,0.3546172645710929,8.14508595757939,0.3541341720686691,8.0,0.44181440642475844,0.44713464009314746,0.4417999352747373,0.44279382882296814,0.4474194753233854,0.4417999352747373,0.6346290670339935,20.251429443260292,8.626456030214058e-05
29.39,24.39,125.13178507024115,1.0120913585390658,60.72548151234395,3643.5288907406366,8.156191956487069,0.3546170415863943,8.14509630246879,0.3541346218464691,8.0,0.441813427372335,0.4471353356884709,0.4417985308798276,0.44279175406858695,0.44741810060844617,0.4417985308798276,0.6346300543093499,20.25777573886701,8.614449497201804e-05
29.400000000000002,24.400000000000002,125.1773700410415,1.0120922193548485,60.72553316129091,3643.5319896774545,8.156185354394754,0.3546167545389024,8.145106632258182,0.35413507096774705,8.0,0.4418124207458184,0.44713598800762505,0.4417971223005994,0.4427884296604658,0.4474167195667869,0.4417971223005994,0.6346309801617869,20.264122044039368,8.601310666733752e-05
29.41,24.41,125.22295825449649,1.012093078801199,60.725584728071944,3643.5350836843168,8.156177332090701,0.35461640574307396,8.145116945614388,0.35413551937453863,8.0,0.4418113880904318,0.447136597560692,0.44179571066882023,0.4427881495477984,0.4474153333937855,0.44179571066882023,0.6346318453152765,20.270468358166752,8.58708193760549e-05
29.42,24.42,125.26854970523785,1.012093936771236,60.72563620627416,3643.5381723764494,8.156167942487182,0.35461599749944267,8.145127241254833,0.3541359670110797,8.0,0.44181033092401745,0.4471371648911677,0.44179429707660756,0.44278746998638807,0.4474139432452367,0.44179429707660756,0.6346326505412156,20.276814680646037,8.571805331314408e-05
29.43,24.43,125.31414438750382,1.0120947931622652,60.72568758973591,3643.5412553841547,8.156157238087923,0.3546155320907793,8.145137517947184,0.3541364138237906,8.0,0.44180925073558175,0.44713769057288805,0.44179288257657917,0.44278490108189916,0.44741255023733967,0.44179288257657917,0.6346333966540636,20.28316101088201,8.555522538955529e-05
29.44,24.44,125.35974229515772,1.012095647875744,60.72573887254463,3643.544332352678,8.15614527092825,0.3546150117794891,8.145147774508928,0.3541368597612577,8.0,0.4418081489843964,0.4471381752077655,0.44179146818209747,0.4427840155399025,0.4474111554468554,0.44179146818209747,0.6346340845081293,20.289507348287824,8.538274910563359e-05
29.45,24.45,125.4053434216944,1.0120965008172473,60.72579004903484,3643.5474029420907,8.15613209256387,0.35461443880712484,8.145158009806968,0.354137304774216,8.0,0.4418070270999674,0.44713861942509214,0.44179005486756484,0.4427831123152148,0.44740975991139326,0.44179005486756484,0.6346347149965824,20.295853692285345,8.520103359899167e-05
29.46,24.46,125.45094776026059,1.012097351896416,60.72584111378496,3643.5504668270974,8.156117754010978,0.35461381539178166,8.145168222756993,0.35413774881552146,8.0,0.4418058864812182,0.44713902387910764,0.4417886435688307,0.4427810121802442,0.44740836462971784,0.4417886435688307,0.6346352890480011,20.302200042305568,8.50104828131748e-05
29.47,24.47,125.49655530367475,1.0120982010269035,60.72589206161421,3643.5535236968526,8.156102305687803,0.3546131437255567,8.145178412322842,0.3541381918401236,8.0,0.44180472849569835,0.4471393892466178,0.4417872351835923,0.4427799689471648,0.44740697056204926,0.4417872351835923,0.6346358076229924,20.308546397788923,8.481149637873386e-05
29.48,24.48,125.54216604443293,1.0120990481263437,60.72594288758062,3643.5565732548375,8.15608579740671,0.3546124259742048,8.145188577516123,0.35413863380504884,8.0,0.44180355447960934,0.4471397162264056,0.44178583057168763,0.4427791604811825,0.4474055786303566,0.44178583057168763,0.634636271713356,20.314892758185607,8.460446938585164e-05
29.490000000000002,24.490000000000002,125.58777997472559,1.0120998931162912,60.725993586977474,3643.5596152186486,8.156068278332018,0.35461166427530516,8.145198717395495,0.35413907466936934,8.0,0.4418023657373444,0.44714000553728755,0.4417844305555882,0.44277706110368076,0.4474041897187826,0.4417844305555882,0.6346366823393256,20.32123912295587,8.438978998270841e-05
29.5,24.5,125.63339708646195,1.0121007359221432,60.726044155328594,3643.5626493197155,8.156049796916106,0.35461086073548287,8.14520883106572,0.3541395143941617,8.0,0.4418011635407309,0.4471402579152912,0.4417830359210388,0.4427752778441865,0.4474028046741584,0.4417830359210388,0.6346370405455629,20.327585491570293,8.416784061182625e-05
29.51,24.51,125.67901737127636,1.0121015764731034,60.726094588386204,3643.565675303172,8.156030400890451,0.35461001743001963,8.14521891767724,0.35413995294248873,8.0,0.4417999491290517,0.4471404741130015,0.4417816474173752,0.44277534829312654,0.4474014243063175,0.4417816474173752,0.63463734740023,20.333931863510024,8.393900010617017e-05
29.52,24.52,125.72464082053403,1.0121024147021453,60.72614488212872,3643.5686929277235,8.156010137259749,0.3546091364025978,8.145228976425745,0.3541403902793802,8.0,0.44179872370912965,0.4471406548989937,0.44178026575785795,0.4427738572360959,0.4474000493884399,0.44178026575785795,0.6346376039941847,20.340278238266993,8.370363950405135e-05
29.53,24.53,125.77026742536181,1.0121032505458933,60.7261950327536,3643.571701965216,8.155989052231336,0.35460821966223205,8.145239006550721,0.35414082637177047,8.0,0.4417974884546564,0.4471408010543781,0.4417788916206807,0.44277061060857414,0.4473986806579103,0.4417788916206807,0.6346378114360757,20.346624615344144,8.346212170096123e-05
29.54,24.54,125.8158971766578,1.0121040839445794,60.72624503667476,3643.5747022004857,8.155967191195108,0.35460726918239605,8.145249007334954,0.3541412611884762,8.0,0.4417962445060462,0.44714091337172596,0.44177752564933986,0.44276965700269777,0.4473973188166475,0.44177752564933986,0.6346379708508185,20.35297099425558,8.32148053717674e-05
29.55,24.55,125.86153006509613,1.0121049148420007,60.726294890520045,3643.5776934312025,8.155944598725988,0.35460628690112994,8.145258978104009,0.35414169470017426,8.0,0.44179499297070357,0.4471409926547011,0.44177616845303425,0.44276947200461053,0.44739596453153724,0.44177616845303425,0.6346380833790729,20.35931737452673,8.296204287461251e-05
29.560000000000002,24.560000000000002,125.90716608114408,1.0121057431854368,60.72634459112621,3643.5806754675723,8.155921318551986,0.3546052747196516,8.145268918225241,0.3541421268793583,8.0,0.44179373492286683,0.44714103971619984,0.44177482060738943,0.44276720408183473,0.44739461843508643,0.44177482060738943,0.6346381501746025,20.3656637556945,8.270417767164417e-05
29.57,24.57,125.95280521508187,1.0121065689255542,60.72639413553325,3643.583648131995,8.155897393518377,0.354604234500799,8.145278827106651,0.3541425577002892,8.0,0.4417924714034453,0.44714105537623683,0.44177348265529237,0.44276582562071204,0.447393281126179,0.44177348265529237,0.6346381724012737,20.372010137307377,8.244154659564629e-05
29.580000000000002,24.580000000000002,125.99844745700764,1.0121073920163686,60.726443520982116,3643.586611258927,8.155872865585845,0.35460316806894976,8.145288704196423,0.3541429871389749,8.0,0.4417912034201815,0.4471410404614925,0.4417721551072413,0.44276532328591295,0.4473919531704324,0.4417721551072413,0.6346381512324144,20.378356518925546,8.21744808874314e-05
29.59,24.59,126.04409279684955,1.012108212415172,60.72649274491032,3643.589564694619,8.155847775815705,0.3546020772093785,8.145298548982062,0.35414341517313314,8.0,0.44178993194775645,0.4471409958040947,0.4417708384420022,0.44276348660354237,0.4473906351008262,0.4417708384420022,0.6346380878490839,20.384702900120953,8.190330263602164e-05
29.6,24.6,126.08974122438583,1.0121090300824211,60.72654180494527,3643.592508296716,8.155822164340991,0.35460096366699967,8.145308360989054,0.35414384178213276,8.0,0.44178865792783373,0.4471409222395583,0.4417695331076009,0.44276207704756926,0.4473893274186262,0.4417695331076009,0.6346379834371486,20.391049280477386,8.162832622105043e-05
29.61,24.61,126.13539272925024,1.0121098449816963,60.72659069890178,3643.595441934107,8.155796070364122,0.35459982914626625,8.145318139780356,0.354144266946972,8.0,0.4417873822692323,0.44714082060627613,0.44176823952171057,0.4427616366852496,0.44738803059376936,0.44176823952171057,0.6346378391865599,20.397395659590504,8.13498612401986e-05
29.62,24.62,126.1810473009398,1.0121106570796459,60.72663942477875,3643.598365486725,8.155769532152222,0.35459867531096617,8.145327884955751,0.35414469065025006,8.0,0.44178610584812616,0.4471406917448025,0.4417669580721519,0.4427599637623583,0.4473867450653691,0.4417669580721519,0.6346376562903371,20.40374203706789,8.106820737907583e-05
29.63,24.63,126.22670492883749,1.012111466345844,60.72668798075063,3643.601278845038,8.15574258701179,0.3545975037831213,8.145337596150128,0.3541451128760925,8.0,0.44178482950830666,0.4471405364955908,0.44176568911818503,0.44275786466125655,0.4473854712429162,0.44176568911818503,0.6346374359413559,20.410088412529046,8.07836551643959e-05
29.64,24.64,126.27236560221817,1.0121122727527492,60.72673636516495,3643.6041819098973,8.155715271285587,0.3545963161428516,8.14534727303299,0.35414553361012996,8.0,0.44178355406134334,0.4471403556984568,0.44176443299088614,0.4427578662613992,0.44738420950666064,0.44176443299088614,0.6346371793315874,20.41643478560541,8.04964912006767e-05
29.650000000000002,24.650000000000002,126.31802931025159,1.0121130762756678,60.72678457654007,3643.6070745924044,8.155687620357957,0.3545951139286069,8.145356915308014,0.35414595283947886,8.0,0.44178228028687416,0.4471401501923612,0.4417631899934992,0.44275714270756644,0.447382960208,0.4417631899934992,0.6346368876517889,20.422781155940328,8.020699363697759e-05
29.66,24.66,126.36369604202142,1.0121138768926219,60.72683261355731,3643.6099568134387,8.155659668639796,0.3545938986365129,8.145366522711463,0.3541463705526723,8.0,0.44178100893299443,0.44713992081359566,0.44176196040264004,0.4427542561090398,0.44738172367060086,0.44176196040264004,0.6346365620889295,20.42912752318903,7.991542945262609e-05
29.67,24.67,126.40936578653863,1.0121146745842569,60.72688047505541,3643.6128285033246,8.155631449560046,0.35459267172000203,8.145376095011082,0.35414678673961225,8.0,0.4417797407165874,0.44713966839453145,0.4417607444691409,0.44275257105724114,0.44738050019122877,0.4417607444691409,0.634636203824414,20.4354738870186,7.962205952338763e-05
29.68,24.68,126.45503853274319,1.0121154693338124,60.72692816002874,3643.6156896017246,8.155602995571574,0.3545914345900684,8.145385632005748,0.35414720139155426,8.0,0.4417784763235725,0.4471393937635223,0.44175954241833226,0.44275288432588117,0.447379290040043,0.44175954241833226,0.6346358140339449,20.441820247107888,7.932713947411685e-05
29.69,24.69,126.50071426951324,1.0121162611270462,60.726975667622774,3643.6185400573663,8.155574338152194,0.35459018861531283,8.145395133524556,0.35414761450106763,8.0,0.44177721640932205,0.4471390977441369,0.44175835445074946,0.442751204121648,0.44737809346131724,0.44175835445074946,0.6346353938864333,20.44816660314749,7.903091451311184e-05
29.7,24.7,126.54639298568193,1.0121170499521026,60.727022997126156,3643.6213798275694,8.155545507798106,0.3545889351216568,8.14540459942523,0.35414802606196655,8.0,0.44177596159920435,0.44713878115360584,0.44175718074334996,0.4427493672729703,0.4473769106745836,0.44175718074334996,0.6346349445417945,20.454512954839632,7.873362117294391e-05
29.71,24.71,126.5920746700421,1.0121178357994696,60.72707014796818,3643.6242088780905,8.155516534027441,0.35458767539249747,8.145414029593635,0.3541484360692885,8.0,0.441774712488878,0.44713844480247167,0.4417560214499113,0.4427492394261902,0.44737574187506624,0.4417560214499113,0.6346344671504511,20.460859301898093,7.843549101949066e-05
29.72,24.72,126.63775931135137,1.012118618661923,60.72711711971539,3643.6270271829235,8.155487445385116,0.3545864106689181,8.145423423943077,0.3541488445192642,8.0,0.4417734696446594,0.44713808949418093,0.4417548767015587,0.44274788341392457,0.44737458723420664,0.4417548767015587,0.6346339628527545,20.467205644048107,7.81367462820981e-05
29.73,24.73,126.68344689834774,1.012119398534395,60.7271639120637,3643.629834723822,8.155458269444653,0.3545851421497675,8.14543278241274,0.3541492514092496,8.0,0.4417722336042303,0.44713771602377406,0.44175374660799605,0.4427462137149004,0.4473734469008607,0.44175374660799605,0.6346334327771249,20.473551981026258,7.78375998962133e-05
29.740000000000002,24.740000000000002,126.72913741975468,1.012120175413921,60.727210524835264,3643.6326314901157,8.155429032812394,0.3545838709918432,8.145442104967053,0.35414965673769794,8.0,0.4417710048769868,0.44713732517746657,0.4417526312579931,0.44274602915837896,0.44737232100180313,0.4417526312579931,0.634632878039457,20.479898312580342,7.753826042034007e-05
29.75,24.75,126.77483086428396,1.0121209492996035,60.72725695797621,3643.6354174785724,8.155399761133857,0.3545825983101677,8.145451391595241,0.3541500605041409,8.0,0.4417697839443376,0.4471369177324856,0.441751530719743,0.4427449126770103,0.4473712096420897,0.441751530719743,0.6346322997428883,20.486244638469252,7.723892749567085e-05
29.76,24.76,126.82052722065069,1.012121720192471,60.72730321154826,3643.6381926928957,8.155370479102046,0.35458132517834984,8.145460642309652,0.3541504627091153,8.0,0.4417685712605792,0.4471364944558626,0.44175044504217476,0.4427428446039619,0.44737011290636153,0.44175044504217476,0.6346316989760851,20.49259095846285,7.693979056000444e-05
29.77,24.77,126.86622647757946,1.0121224880954147,60.727349285724884,3643.640957143493,8.155341210462703,0.3545800526288132,8.145469857144978,0.35415086335412943,8.0,0.4417673672533137,0.447136056103945,0.44174937425555744,0.44274253742592407,0.4473690308594342,0.44174937425555744,0.6346310768125496,20.49893727234179,7.66410343970847e-05
29.78,24.78,126.91192862380593,1.012123253013159,60.727395180789536,3643.643710847372,8.155311978022704,0.35457878165316103,8.145479036157909,0.3541512624416482,8.0,0.44176617232374993,0.4471356034223665,0.44174831837178086,0.44274250242195506,0.44736796354661335,0.44174831837178086,0.6346304343105781,20.50528357989741,7.634283777235851e-05
29.79,24.79,126.95763364808535,1.0121240149521702,60.72744089713021,3643.6464538278124,8.15528280365975,0.35457751320259784,8.145488179426042,0.35415165997504533,8.0,0.4417649868473503,0.4471351371454005,0.44174727738521896,0.4427402266359151,0.4473669109945574,0.44174727738521896,0.6346297725123423,20.511629880931523,7.604536845207122e-05
29.8,24.8,127.00334153920488,1.012124773920528,60.727486435231675,3643.6491861139007,8.155253708335996,0.3545762481885216,8.145497287046336,0.3541520559585363,8.0,0.4417638111747324,0.44713465799505847,0.4417462512739458,0.4427379471150473,0.4473658732124716,0.4417462512739458,0.6346290924426111,20.517976175256297,7.574878679861285e-05
29.810000000000002,24.810000000000002,127.04905228598446,1.0121255299279062,60.727531795674366,3643.651907740462,8.155224712103168,0.35457498748274646,8.145506359134874,0.3541524503971684,8.0,0.4417626456318597,0.4471341666810579,0.4417452399999164,0.4427385275608941,0.4473648501923102,0.4417452399999164,0.6346283951087034,20.524322462694055,7.54532496287652e-05
29.82,24.82,127.0947658772802,1.0121262829855207,60.72757697913124,3643.6546187478743,8.155195834115158,0.35457373191805036,8.145515395826248,0.35415284329679336,8.0,0.44176149052054114,0.44713366390067755,0.4417442435094756,0.4427375658143908,0.44736384190931794,0.4417442435094756,0.6346276815002843,20.5306687430771,7.515890495568556e-05
29.830000000000002,24.830000000000002,127.14048230199536,1.0121270331060053,60.72762198636032,3643.657319181619,8.155167092643829,0.3545724822888621,8.145524397272062,0.3541532346640027,8.0,0.4417603461193455,0.44713315033797907,0.44174326173452805,0.44273547947130043,0.4473628483231764,0.44174326173452805,0.6346269525882587,20.537015016247544,7.4865891861009e-05
29.84,24.84,127.18620154908437,1.012127780303358,60.72766681820148,3643.660009092089,8.155138505089552,0.35457123935171964,8.145533363640295,0.3541536245060998,8.0,0.4417592126840717,0.4471326266635756,0.44174229459305614,0.4427355052202787,0.4473618693785393,0.44174229459305614,0.6346262093244444,20.543361282057106,7.457434509916538e-05
29.85,24.85,127.23192360755458,1.0121285245929073,60.72771147557444,3643.6626885344663,8.155110087990755,0.354570003825685,8.145542295114886,0.354154012831082,8.0,0.4417580904480953,0.44713209353458716,0.441741341989443,0.4427347158358965,0.44736090500538167,0.441741341989443,0.6346254526415077,20.549707540366935,7.428439223389205e-05
29.86,24.86,127.27764846647457,1.0121292659912027,60.72775595947216,3643.66535756833,8.155081857043747,0.35456877639320644,8.145551191894432,0.354154399647584,8.0,0.4417569796232847,0.4471315515941363,0.4417404038155225,0.4427330050346218,0.4473599551200464,0.4417404038155225,0.6346246834522482,20.556053791047404,7.399615213898869e-05
29.87,24.87,127.3233761149789,1.01213000451595,60.727800270957005,3643.6680162574203,8.155053827116024,0.3545675577006967,8.1455600541914,0.3541547849648434,8.0,0.44175588040057323,0.4471310014710976,0.441739479951196,0.4427328314738131,0.44735901962587193,0.441739479951196,0.6346239026492428,20.562400033977912,7.370973931841718e-05
29.88,24.88,127.36910654226867,1.0121307401859891,60.727844411159346,3643.6706646695607,8.15502601225439,0.35456634835888656,8.14556888223187,0.35415516879269,8.0,0.44175479295022396,0.44713044378012295,0.44173857026465235,0.44273229083686527,0.44735809841344076,0.44173857026465235,0.6346231111048819,20.56874626904668,7.342526223652612e-05
29.89,24.89,127.41483973761838,1.0121314730211948,60.72788838127168,3643.673302876301,8.154998425706646,0.3545651489437672,8.145577676254337,0.35415555114149294,8.0,0.4417537174227251,0.44712987912130475,0.44173767461331925,0.4427304653854218,0.4473571913615339,0.44173767461331925,0.6346223096708912,20.57509249615056,7.314282036929853e-05
29.900000000000002,24.900000000000002,127.46057569038126,1.0121322030423965,60.72793218254379,3643.6759309526274,8.154971079939784,0.35456395999738194,8.145586436508758,0.35415593202211987,8.0,0.441752653949536,0.4471293080799084,0.44173679284463285,0.4427297203936949,0.4473562983379202,0.44173679284463285,0.6346214991779522,20.581438715194807,7.286250800575544e-05
29.91,24.91,127.5063143899898,1.0121329302713549,60.727975816281294,3643.6785489768777,8.15494398664859,0.3545627820281995,8.145595163256258,0.35415631144592424,8.0,0.4417516026433532,0.4471287312264228,0.4417359247962721,0.442730213161834,0.447355419199594,0.4417359247962721,0.6346206804357736,20.587784926092873,7.258441612378874e-05
29.92,24.92,127.55205582595816,1.012133654730719,60.72801928384314,3643.681157030588,8.154917156768514,0.35456161551167453,8.145603856768627,0.3541566894247229,8.0,0.44175056359857606,0.44712814911650084,0.4417350702965721,0.4427286676473141,0.44735455379322925,0.4417350702965721,0.6346198542330069,20.594131128766218,7.230862718188291e-05
29.93,24.93,127.59779998788967,1.0121343764438986,60.72806258663392,3643.683755198035,8.154890600507432,0.35456046089162746,8.145612517326782,0.35415706597072966,8.0,0.44174953689252405,0.4471275622906575,0.4417342291657536,0.44272613671418437,0.44735370195640684,0.4417342291657536,0.6346190213368184,20.600477323144066,7.203521622045628e-05
29.94,24.94,127.64354686547792,1.0121350954350432,60.72810572610259,3643.6863435661553,8.154864327352538,0.3545593185805451,8.145621145220518,0.3541574410965443,8.0,0.44174852258567393,0.4471269712742604,0.441733401216133,0.4427265499858057,0.44735286351783915,0.441733401216133,0.634618182492875,20.606823509163217,7.17642558214493e-05
29.95,24.95,127.68929644850692,1.0121358117290151,60.72814870374091,3643.6889222244545,8.154838346082364,0.3545581889601028,8.14562974074818,0.35415781481513825,8.0,0.4417475207220136,0.4471263765776421,0.44173258625238543,0.442726317845467,0.44735203829766385,0.44173258625238543,0.6346173384255044,20.613169686767808,7.149581286114426e-05
29.96,24.96,127.73504872685614,1.0121365253513004,60.728191521078024,3643.6914912646816,8.154812664791853,0.3545570723822545,8.145638304215606,0.3541581871398089,8.0,0.44174653132995706,0.44712577869595443,0.4417317840724081,0.4427243267377095,0.4473512261083284,0.4417317840724081,0.6346164898374872,20.619515855909125,7.122994659880533e-05
29.97,24.97,127.7808036905031,1.012137236327947,60.728234179676825,3643.6940507806094,8.154787290911145,0.3545559691700498,8.145646835935365,0.35415855808414626,8.0,0.44174555442299174,0.4471251781091392,0.4417309944679221,0.4427241434491944,0.447350426755191,0.4417309944679221,0.6346156374100167,20.625862016545362,7.096671239992247e-05
29.98,24.98,127.82656132952374,1.0121379446855483,60.7282766811329,3643.6966008679738,8.154762231214075,0.3545548796180033,8.145655336226579,0.35415892766202517,8.0,0.44174458999992544,0.447124575282014,0.44173021722464045,0.442723910492448,0.4473496400367235,0.44173021722464045,0.6346147818028198,20.632208168641426,7.070616129567497e-05
29.990000000000002,24.990000000000002,127.87232163409497,1.012138650451173,60.72831902707038,3643.6991416242226,8.154737491841198,0.35455380399309555,8.145663805414074,0.35415929588756845,8.0,0.4417436380456549,0.44712397066428533,0.441729452122947,0.4427223811641526,0.44734886574520133,0.441729452122947,0.6346139236541758,20.63855431216871,7.04483377163001e-05
30.0,25.0,127.91808459449739,1.0121393536523027,60.72836121913816,3643.7016731482895,8.15471307832128,0.3545527425357078,8.145672243827633,0.35415966277511446,8.0,0.4417426985318821,0.4471233646905666,0.4417286989385072,0.44272175868843294,0.44734810366734784,0.4417286989385072,0.6346130635809423,20.644900447104884,7.032011297704321e-05
